signal_date,code,name,entry,rank_score,breadth,fill_status,fill_date,exit_date,exit_type,net_return_pct,fill_price,stop_price,target_price,exit_price
20260410,008770,호텔신라,50100.0,78.14,73.9,FILLED,20260413,20260421,TARGET,12.7103,48800.0,47094.0,55110.0,55110.0
20260413,028300,HLB,58300.0,76.08,54.8,UNFILLED,,,UNFILLED,0.0,,,,
20260414,025820,이구산업,5500.0,80.04,75.0,UNFILLED,,,UNFILLED,0.0,,,,
20260415,000990,DB하이텍,98600.0,76.34,70.0,FILLED,20260416,20260420,TARGET,9.8917,98500.0,92684.0,108460.0,108460.0
20260416,017800,현대엘리베이터,99500.0,79.06,67.8,FILLED,20260417,20260430,TIME,-1.024,99500.0,93530.0,109450.0,98700.0
20260417,017800,현대엘리베이터,101800.0,83.07,52.1,FILLED,20260420,20260424,STOP,-5.0987,100600.0,95692.0,111980.0,95692.0
20260420,373220,LG에너지솔루션,429000.0,82.57,50.5,UNFILLED,,,UNFILLED,0.0,,,,
20260421,102120,어보브반도체,12890.0,79.12,56.5,FILLED,20260422,20260424,TARGET,10.467,12810.0,12116.6,14179.0,14179.0
20260422,060370,LS마린솔루션,33750.0,78.49,60.6,UNFILLED,,,UNFILLED,0.0,,,,
20260423,399720,가온칩스,68700.0,79.92,45.3,FILLED,20260424,20260427,TARGET,9.78,68700.0,64578.0,75570.0,75570.0
20260424,439260,대한조선,95300.0,72.98,70.2,FILLED,20260427,20260429,STOP,-6.22,95300.0,89582.0,104830.0,89582.0
20260427,437730,삼현,56500.0,78.73,66.5,FILLED,20260429,20260430,STOP,-5.8861,56300.0,53110.0,62150.0,53110.0
20260428,001740,SK네트웍스,5880.0,78.27,49.2,FILLED,20260429,20260504,TARGET,9.78,5880.0,5527.2,6468.0,6468.0
20260429,001740,SK네트웍스,5940.0,79.04,52.0,FILLED,20260430,20260504,TARGET,9.78,5940.0,5583.6,6534.0,6534.0
20260430,010950,S-Oil,134500.0,84.58,36.0,FILLED,20260504,20260504,STOP,-4.8011,132500.0,126430.0,147950.0,126430.0
20260501,010950,S-Oil,134500.0,84.32,36.0,FILLED,20260504,20260504,STOP,-4.8011,132500.0,126430.0,147950.0,126430.0
20260504,036570,NC,267500.0,76.19,64.5,FILLED,20260506,20260507,STOP,-4.7931,263500.0,251450.0,294250.0,251450.0
20260505,036570,NC,267500.0,76.52,64.5,FILLED,20260506,20260507,STOP,-4.7931,263500.0,251450.0,294250.0,251450.0
20260506,003570,SNT다이내믹스,55800.0,78.24,48.5,FILLED,20260507,20260507,STOP,-6.22,55800.0,52452.0,61380.0,52452.0
20260507,025820,이구산업,6020.0,80.14,42.9,FILLED,20260508,20260513,TARGET,11.4495,5930.0,5658.8,6622.0,6622.0
20260508,018880,한온시스템,4770.0,79.48,48.8,UNFILLED,,,UNFILLED,0.0,,,,
20260511,005389,현대차3우B,260500.0,82.06,44.1,FILLED,20260513,20260515,TARGET,12.8175,253500.0,244870.0,286550.0,286550.0
20260513,002020,코오롱,70200.0,74.54,46.3,FILLED,20260515,20260515,STOP,-6.22,70200.0,65988.0,77220.0,65988.0
20260514,098460,고영,40150.0,76.9,61.1,FILLED,20260515,20260515,STOP,-4.9144,39600.0,37741.0,44165.0,37741.0
20260518,052900,KX하이텍,1492.0,78.44,30.9,FILLED,20260519,20260519,TARGET,9.9277,1490.0,1402.48,1641.2,1641.2
20260521,078890,가온그룹,8820.0,80.71,85.5,FILLED,20260527,20260527,STOP,-4.1505,8630.0,8290.8,9702.0,8290.8
20260522,064400,LG씨엔에스,82000.0,84.72,85.2,FILLED,20260527,20260527,TARGET,9.78,82000.0,77080.0,90200.0,90200.0
20260525,064400,LG씨엔에스,82000.0,84.72,85.2,FILLED,20260527,20260527,TARGET,9.78,82000.0,77080.0,90200.0,90200.0
20260526,078890,가온그룹,8620.0,84.0,51.7,FILLED,20260527,20260527,STOP,-6.22,8620.0,8102.8,9482.0,8102.8
20260529,010780,아이에스동서,28800.0,80.6,30.5,FILLED,20260601,20260602,GAP_STOP,-5.3167,28450.0,27072.0,31680.0,27000.0
20260601,161390,한국타이어앤테크놀로지,68700.0,83.07,34.8,FILLED,20260602,20260608,GAP_STOP,-6.9158,68700.0,64578.0,75570.0,64100.0
20260604,001450,현대해상,35100.0,76.58,64.1,FILLED,20260605,20260610,TARGET,9.78,35100.0,32994.0,38610.0,38610.0
20260609,090360,로보스타,102600.0,67.33,88.2,FILLED,20260611,20260611,STOP,-5.6671,102000.0,96444.0,112860.0,96444.0
20260610,052710,아모텍,24300.0,69.27,35.5,FILLED,20260611,20260611,STOP_SAME_BAR,-2.3956,23350.0,22842.0,26730.0,22842.0
20260611,009420,한올바이오파마,52200.0,76.39,64.1,FILLED,20260615,20260617,TARGET,9.78,52200.0,49068.0,57420.0,57420.0
20260612,001800,오리온홀딩스,25900.0,82.56,75.3,UNFILLED,,,UNFILLED,0.0,,,,
20260615,108490,로보티즈,332000.0,74.35,69.7,FILLED,20260616,20260616,STOP,-6.22,332000.0,312080.0,365200.0,312080.0
20260616,089030,테크윙,59900.0,76.92,52.8,FILLED,20260617,20260623,STOP,-5.5881,59500.0,56306.0,65890.0,56306.0
20260617,242040,나무기술,7010.0,78.79,47.4,FILLED,20260618,20260618,STOP,-6.22,7010.0,6589.4,7711.0,6589.4
20260624,067310,하나마이크론,48250.0,84.38,54.2,FILLED,20260626,20260701,TARGET,10.4682,47950.0,45355.0,53075.0,53075.0
20260625,067310,하나마이크론,48600.0,80.85,33.2,FILLED,20260626,20260701,TARGET,11.2711,47950.0,45684.0,53460.0,53460.0
20260629,005440,현대지에프홀딩스,15250.0,84.72,87.8,UNKNOWN,,,IMMATURE,,,,,
