종목코드,분석종가,시간외종가,변동률
060370,32150,32100,-0.16
090430,142100,142000,-0.07
047810,127000,127100,0.08
294570,26600,26550,-0.19
361610,17050,17080,0.18
003570,30700,30650,-0.16
073240,6830,6840,0.15
011170,60400,60500,0.17
058610,97800,97700,-0.1
120110,54900,55000,0.18
096770,147200,147100,-0.07
263750,32650,32700,0.15
272210,72100,72200,0.14
051900,281000,280500,-0.18
000720,118000,118200,0.17
282330,131400,132500,0.84
181710,54900,54700,-0.36
373220,353500,354000,0.14
028260,347500,347000,-0.14
086280,197200,197100,-0.05
377300,40200,40150,-0.12
007390,24400,24450,0.2
068270,179000,179100,0.06
009420,43200,43150,-0.12
042660,79100,79200,0.13
035420,194900,195000,0.05
030200,52600,52500,-0.19
307950,371000,370500,-0.13
097950,179300,179400,0.06
006280,122600,122700,0.08
003230,1223000,1224000,0.08
267260,687000,686000,-0.15
015760,30100,30150,0.17
001450,49850,49800,-0.1
039490,254500,254000,-0.2
087010,131300,131200,-0.08
352820,159100,159000,-0.06
271560,110500,111300,0.72
004170,339500,339000,-0.15
005380,350500,351000,0.14
042700,252000,252500,0.2
166090,59900,60000,0.17
443060,236500,236000,-0.21
281820,88800,88600,-0.23
014680,247500,248000,0.2
099320,79300,79200,-0.13
039440,22750,22800,0.22
316140,36250,36300,0.14
128940,502000,503000,0.2
399720,46550,46700,0.32
183300,33500,33550,0.15
388210,89800,89700,-0.11
033780,176100,176000,-0.06
319660,148800,141000,-5.24
138930,16490,16500,0.06
138040,132500,132300,-0.15
007340,49300,49250,-0.1
010120,206500,206000,-0.24
001430,45450,45400,-0.11
021240,101200,100700,-0.49
000250,166300,166400,0.06
016360,88300,88400,0.11
139130,18690,18710,0.11
024110,20650,20600,-0.24
161390,59500,59700,0.34
207940,1384000,1380000,-0.29
036570,210500,211000,0.24
005940,26200,26150,-0.19
032640,14760,14730,-0.2
059090,22100,22150,0.23
005930,275000,274500,-0.18
002790,26750,26700,-0.19
018290,12250,12270,0.16
437730,48950,48900,-0.1
119850,56100,56200,0.18
062040,208000,207500,-0.24
192820,278500,278000,-0.18
036200,10460,10470,0.1
488280,15890,15880,-0.06
457190,72000,71900,-0.14
000990,141900,141800,-0.07
126340,86300,86400,0.12
009150,1550000,1549000,-0.06
031980,180800,166900,-7.69
011790,93300,93200,-0.11
042520,21000,21050,0.24
161580,38650,38600,-0.13
078350,28450,27000,-5.1
036810,32100,32050,-0.16
356860,45550,45500,-0.11
084370,167000,167100,0.06
