종목코드,종목명
005930,삼성전자
000660,SK하이닉스
005380,현대차
373220,LG에너지솔루션
005935,삼성전자우
207940,삼성바이오로직스
012450,한화에어로스페이스
402340,SK스퀘어
329180,HD현대중공업
034020,두산에너빌리티
000270,기아
105560,KB금융
028260,삼성물산
068270,셀트리온
035420,NAVER
042660,한화오션
055550,신한지주
012330,현대모비스
015760,한국전력
010130,고려아연
032830,삼성생명
267260,HD현대일렉트릭
006400,삼성SDI
009540,HD한국조선해양
086790,하나금융지주
005490,POSCO홀딩스
035720,카카오
010140,삼성중공업
051910,LG화학
000810,삼성화재
064350,현대로템
316140,우리금융지주
298040,효성중공업
196170,알테오젠
034730,SK
247540,에코프로비엠
009150,삼성전기
003670,포스코퓨처엠
006800,미래에셋증권
138040,메리츠금융지주
011200,HMM
096770,SK이노베이션
086520,에코프로
267250,HD현대
086280,현대글로비스
024110,기업은행
033780,KT&G
042700,한미반도체
272210,한화시스템
066570,LG전자
352820,하이브
010120,LS ELECTRIC
047810,한국항공우주
0126Z0,삼성에피스홀딩스
017670,SK텔레콤
000150,두산
030200,KT
003550,LG
018260,삼성에스디에스
298380,에이비엘바이오
277810,레인보우로보틱스
259960,크래프톤
307950,현대오토에버
000720,현대건설
010950,S-Oil
071050,한국금융지주
079550,LIG넥스원
047050,포스코인터내셔널
323410,카카오뱅크
039490,키움증권
278470,에이피알
000250,삼천당제약
005387,현대차2우B
326030,SK바이오팜
377300,카카오페이
005830,DB손해보험
003230,삼양식품
028300,HLB
003490,대한항공
005940,NH투자증권
007660,이수페타시스
000100,유한양행
000880,한화
443060,HD현대마린솔루션
950160,코오롱티슈진
161390,한국타이어앤테크놀로지
180640,한진칼
090430,아모레퍼시픽
454910,두산로보틱스
016360,삼성증권
006260,LS
141080,리가켐바이오
032640,LG유플러스
064400,LG씨엔에스
087010,펩트론
029780,삼성카드
058470,리노공업
005385,현대차우
034220,LG디스플레이
011070,LG이노텍
128940,한미약품
022100,포스코DX
078930,GS
028050,삼성E&A
241560,두산밥캣
001040,CJ
267270,HD건설기계
214370,케어젠
021240,코웨이
088980,맥쿼리인프라
052690,한전기술
066970,엘앤에프
214450,파마리서치
036570,엔씨소프트
138930,BNK금융지주
001440,대한전선
009830,한화솔루션
140410,메지온
082740,한화엔진
175330,JB금융지주
450080,에코프로머티
251270,넷마블
240810,원익IPS
271560,오리온
062040,산일전기
004020,현대제철
011790,SKC
051900,LG생활건강
108490,로보티즈
347850,디앤디파마텍
214150,클래시스
000990,DB하이텍
039030,이오테크닉스
002380,KCC
302440,SK바이오사이언스
310210,보로노이
011780,금호석유화학
0009K0,에임드바이오
035250,강원랜드
036460,한국가스공사
111770,영원무역
011170,롯데케미칼
017800,현대엘리베이터
319400,현대무벡스
031210,서울보증보험
103140,풍산
018880,한온시스템
145020,휴젤
263750,펄어비스
097950,CJ제일제당
004990,롯데지주
403870,HPSP
068760,셀트리온제약
457190,이수스페셜티케미컬
030530,원익홀딩스
257720,실리콘투
071970,HD현대마린엔진
204320,HL만도
237690,에스티팜
226950,올릭스
088350,한화생명
103590,일진전기
014680,한솔케미칼
012750,에스원
439260,대한조선
357780,솔브레인
001720,신영증권
012510,더존비즈온
489790,한화비전
008930,한미사이언스
004170,신세계
058610,에스피지
009420,한올바이오파마
051600,한전KPS
005850,에스엘
026960,동서
041510,에스엠
009970,영원무역홀딩스
475830,오름테라퓨틱
383220,F&F
035900,JYP Ent.
001450,현대해상
353200,대덕전자
004800,효성
095340,ISC
000240,한국앤컴퍼니
004370,농심
097230,HJ중공업
139480,이마트
001430,세아베스틸지주
030000,제일기획
028670,팬오션
081660,미스토홀딩스
139130,iM금융지주
336260,두산퓨얼셀
160190,하이젠알앤엠
002790,아모레퍼시픽홀딩스
011210,현대위아
005290,동진쎄미켐
000120,CJ대한통운
064760,티씨케이
010060,OCI홀딩스
067310,하나마이크론
003690,코리안리
083650,비에이치아이
476830,알지노믹스
098460,고영
361610,SK아이이테크놀로지
023530,롯데쇼핑
192820,코스맥스
462870,시프트업
020150,롯데에너지머티리얼즈
023590,다우기술
018670,SK가스
084370,유진테크
445680,큐리옥스바이오시스템즈
437730,삼현
491000,리브스메드
069960,현대백화점
282330,BGF리테일
006280,녹십자
458870,씨어스테크놀로지
000155,두산우
047040,대우건설
178320,서진시스템
222800,심텍
069620,대웅제약
483650,달바글로벌
00680K,미래에셋증권2우B
140860,파크시스템스
039200,오스코텍
065350,신성델타테크
006040,동원산업
017960,한국카본
090710,휴림로봇
008770,호텔신라
466100,클로봇
007070,GS리테일
036930,주성엔지니어링
032350,롯데관광개발
003570,SNT다이내믹스
073240,금호타이어
323280,태성
375500,DL이앤씨
395400,SK리츠
290650,엘앤씨바이오
112610,씨에스윈드
388720,유일로보틱스
005070,코스모신소재
348370,엔켐
085620,미래에셋생명
298020,효성티앤씨
281740,레이크머티리얼즈
020560,아시아나항공
085660,차바이오텍
006360,GS건설
101490,에스앤에스텍
161890,한국콜마
060370,LS마린솔루션
007310,오뚜기
099320,쎄트렉아이
089030,테크윙
031980,피에스케이홀딩스
034230,파라다이스
007390,네이처셀
035760,CJ ENM
003540,대신증권
195940,HK이노엔
007340,DN오토모티브
077970,STX엔진
007810,코리아써키트
293490,카카오게임즈
032820,우리기술
082270,젬백스
000500,가온전선
003380,하림지주
001120,LX인터내셔널
253450,스튜디오드래곤
232140,와이씨
005440,현대지에프홀딩스
096530,씨젠
319660,피에스케이
120110,코오롱인더
003090,대웅
294870,HDC현대산업개발
174900,앱클론
051915,LG화학우
030610,교보증권
456160,지투지바이오
122870,와이지엔터테인먼트
397030,에이프릴바이오
003530,한화투자증권
328130,루닛
484870,엠앤씨솔루션
001800,오리온홀딩스
330590,롯데리츠
204270,제이앤티씨
000080,하이트진로
166090,하나머티리얼즈
004000,롯데정밀화학
229640,LS에코에너지
249420,일동제약
415640,KB발해인프라
005300,롯데칠성
300720,한일시멘트
071320,지역난방공사
185750,종근당
100090,SK오션플랜트
161580,필옵틱스
183300,코미코
056080,유진로봇
285130,SK케미칼
131970,두산테스나
078600,대주전자재료
000815,삼성화재우
388210,씨엠티엑스
192080,더블유게임즈
137400,피엔티
115180,큐리언트
006120,SK디스커버리
124500,아이티센글로벌
075580,세진중공업
218410,RFHIC
082640,동양생명
095610,테스
365550,ESR켄달스퀘어리츠
298050,HS효성첨단소재
012630,HDC
080220,제주반도체
056190,에스에프에이
347700,스피어
000670,영풍
089860,롯데렌탈
376900,로킷헬스케어
137310,에스디바이오센서
009240,한샘
280360,롯데웰푸드
440110,파두
181710,NHN
006650,대한유화
112040,위메이드
001740,SK네트웍스
358570,지아이이노베이션
389470,인벤티지랩
348340,뉴로메카
079160,CJ CGV
030190,NICE평가정보
295310,에이치브이엠
195870,해성디에스
486990,노타
006730,서부T&D
417200,LS머트리얼즈
317450,명인제약
490470,세미파이브
036540,SFA반도체
064960,SNT모티브
192400,쿠쿠홀딩스
003160,디아이
086900,메디톡스
213420,덕산네오룩스
043260,성호전자
468530,프로티나
036530,SNT홀딩스
00088K,한화3우B
082920,비츠로셀
032190,다우데이타
060250,NHN KCP
036830,솔브레인홀딩스
078160,메디포스트
003240,태광산업
348210,넥스틴
241710,코스메카코리아
004490,세방전지
036810,에프에스티
222080,씨아이에스
476060,온코닉테라퓨틱스
376300,디어유
066575,LG전자우
042000,카페24
071055,한국금융지주우
131290,티에스이
281820,케이씨텍
365340,성일하이텍
093370,후성
225570,넥슨게임즈
189300,인텔리안테크
009450,경동나비엔
108320,LX세미콘
499790,GS피앤엘
100840,SNT에너지
014620,성광벤드
000210,DL
033500,동성화인텍
424870,이뮨온시아
090360,로보스타
005690,파미셀
067160,SOOP
003470,유안타증권
121600,나노신소재
100790,미래에셋벤처투자
052400,코나아이
086450,동국제약
451800,한화리츠
399720,가온칩스
0120G0,삼양바이오팜
287840,인투셀
014820,동원시스템즈
009520,포스코엠텍
102940,코오롱생명과학
114090,GKL
003850,보령
069260,TKG휴켐스
336570,원텍
048410,현대바이오
007700,F&F홀딩스
025980,아난티
025540,한국단자
002350,넥센타이어
001680,대상
251970,펌텍코리아
214320,이노션
248070,솔루엠
060280,큐렉소
079900,전진건설로봇
102710,이엔에프테크놀로지
005250,녹십자홀딩스
127120,제이에스링크
372320,큐로셀
064260,다날
214430,아이쓰리시스템
381970,케이카
003620,KG모빌리티
053800,안랩
032500,케이엠더블유
000640,동아쏘시오홀딩스
005180,빙그레
950210,프레스티지바이오파마
001270,부국증권
023160,태광
039130,하나투어
074600,원익QnC
041190,우리기술투자
211050,인카금융서비스
293940,신한알파리츠
000370,한화손해보험
001060,JW중외제약
488900,비츠로넥스텍
019170,신풍제약
047920,HLB제약
010780,아이에스동서
268280,미원에스씨
089970,브이엠
002020,코오롱
00104K,CJ4우(전환)
125490,한라캐스트
008730,율촌화학
278280,천보
002840,미원상사
033100,제룡전기
475150,SK이터닉스
383800,LX홀딩스
420770,기가비스
018290,브이티
058650,세아홀딩스
084110,휴온스글로벌
057050,현대홈쇼핑
044490,태웅
460930,현대힘스
095660,네오위즈
093320,케이아이엔엑스
389650,넥스트바이오메디컬
101730,위메이드맥스
475960,토모큐브
001570,금양
067630,HLB생명과학
228760,지노믹트리
456040,OCI
006380,카프로
079370,제우스
049630,재영솔루텍
015750,성우하이텍
005420,코스모화학
005880,대한해운
005389,현대차3우B
002030,아세아
017940,E1
030520,한글과컴퓨터
126340,비나텍
119850,지엔씨에너지
322000,HD현대에너지솔루션
094170,동운아나텍
272290,이녹스첨단소재
356860,티엘비
171090,선익시스템
006220,제주은행
383310,에코프로에이치엔
002240,고려제강
025320,시노펙스
376270,HEM파마
455900,엔젤로보틱스
003545,대신증권우
089010,켐트로닉스
003030,세아제강지주
220100,퓨쳐켐
002960,한국쉘석유
090460,비에이치
377740,바이오노트
005810,풍산홀딩스
478340,나라스페이스테크놀로지
038500,삼표시멘트
001500,현대차증권
336370,솔루스첨단소재
253590,네오셈
117730,티로보틱스
036620,감성코퍼레이션
484590,삼양컴텍
016380,KG스틸
105630,한세실업
041960,코미팜
145720,덴티움
252990,샘씨엔에스
014830,유니드
105840,우진
004690,삼천리
000400,롯데손해보험
199800,툴젠
094800,맵스리얼티
090435,아모레퍼시픽우
093050,LF
083450,GST
284740,쿠쿠홈시스
069080,웹젠
368770,파이버프로
192650,드림텍
016610,DB증권
097520,엠씨넥스
200710,에이디테크놀로지
091810,티웨이항공
170900,동아에스티
059090,미코
053030,바이넥스
271940,일진하이솔루스
450950,아스테라시스
039440,에스티아이
453340,현대그린푸드
052020,에스티큐브
033240,자화전자
017810,풀무원
016800,퍼시스
145990,삼양사
230360,에코마케팅
016590,신대양제지
215600,신라젠
034310,NICE
050890,쏠리드
009900,명신산업
194480,데브시스터즈
058970,엠로
009410,태영건설
178920,PI첨단소재
000070,삼양홀딩스
025900,동화기업
179900,유티아이
130660,한전산업
298830,슈어소프트테크
475400,씨메스
003300,한일홀딩스
029530,신도리코
104830,원익머트리얼즈
114190,강원에너지
394800,쓰리빌리언
200670,휴메딕스
004700,조광피혁
494120,큐리오시스
045100,한양이엔지
024850,HLB이노베이션
318060,그래피
026890,스틱인베스트먼트
078340,컴투스
099440,스맥
352480,씨앤씨인터내셔널
464080,에스오에스랩
161000,애경케미칼
031330,에스에이엠티
107640,한중엔시에스
348950,제이알글로벌리츠
089890,코세스
089590,제주항공
389500,에스비비테크
037270,YG PLUS
425420,티에프이
215200,메가스터디교육
448730,삼성FN리츠
079940,가비아
034950,한국기업평가
183190,아세아시멘트
005610,SPC삼립
357120,코람코라이프인프라리츠
099190,아이센스
094480,갤럭시아머니트리
206650,유바이오로직스
027360,아주IB투자
053610,프로텍
304360,에스바이오메딕스
344820,KCC글라스
309710,아이티켐
092200,디아이씨
462350,이노스페이스
448900,한국피아이엠
041830,인바디
122640,예스티
006110,삼아알미늄
002710,TCC스틸
098070,한텍
060980,HL홀딩스
200130,콜마비앤에이치
005945,NH투자증권우
144510,지씨셀
000650,천일고속
078350,한양디지텍
072710,농심홀딩스
101930,인화정공
138610,나이벡
065660,안트로젠
459510,나우로보틱스
046890,서울반도체
042520,한스바이오메드
200880,서연이화
006910,보성파워텍
460860,동국제강
029460,케이씨
340570,티앤엘
403550,쏘카
338840,와이바이오로직스
001530,DI동일
031430,신세계인터내셔날
091700,파트론
010170,대한광통신
094360,칩스앤미디어
003000,부광약품
015360,INVENI
003280,흥아해운
013030,하이록코리아
317330,덕산테코피아
314930,바이오다인
000157,두산2우B
101160,월덱스
199430,케이엔알시스템
027410,BGF
011500,한농화성
078130,국일제지
101360,에코앤드림
033640,네패스
014940,오리엔탈정공
217590,티엠씨
049070,인탑스
095500,미래나노텍
035890,서희건설
0015G0,그린광학
001200,유진투자증권
419530,SAMG엔터
126720,수산인더스트리
168360,펨트론
441270,파인엠텍
033790,피노
001940,KISCO홀딩스
003800,에이스침대
304100,솔트룩스
215000,골프존
481070,에이유브랜즈
294570,쿠콘
004310,현대약품
064820,케이프
432320,KB스타리츠
452260,한화갤러리아
077360,덕산하이메탈
084010,대한제강
272450,진에어
417310,코람코더원리츠
462860,더즌
114810,한솔아이원스
475560,더본코리아
015860,일진홀딩스
001390,KG케미칼
104700,한국철강
034120,SBS
126560,현대퓨처넷
445090,에이직랜드
110990,디아이티
003520,영진약품
009155,삼성전기우
138490,코오롱ENP
011930,신성이엔지
064550,바이오니아
403850,더핑크퐁컴퍼니
084690,대상홀딩스
378340,필에너지
108860,셀바스AI
020000,한섬
060720,KH바텍
024720,콜마홀딩스
017860,DS단석
270660,에브리봇
037460,삼지전자
200470,에이팩트
156100,엘앤케이바이오
306200,세아제강
008060,대덕
474650,링크솔루션
354320,알멕
099430,바이오플러스
234340,헥토파이낸셜
256840,한국비엔씨
216080,제테마
025860,남해화학
018250,애경산업
006405,삼성SDI우
190510,나무가
357550,석경에이티
007690,국도화학
003960,사조대림
203400,에이비온
314130,지놈앤컴퍼니
243070,휴온스
051500,CJ프레시웨이
194370,제이에스코퍼레이션
035810,이지홀딩스
484810,티엑스알로보틱스
448280,에코아이
009160,SIMPAC
286940,롯데이노베이트
017390,서울가스
136480,하림
012030,DB
001510,SK증권
180400,DXVX
274090,켄코아에어로스페이스
001820,삼화콘덴서
0008Z0,에스엔시스
236200,슈프리마
308430,셀비온
416180,신성에스티
950250,테라뷰
332570,PS일렉트로닉스
092230,KPX홀딩스
002810,삼영무역
010690,화신
005090,SGC에너지
394280,오픈엣지테크놀로지
204620,글로벌텍스프리
033270,유나이티드제약
041920,메디아나
002310,아세아제지
389260,대명에너지
338220,뷰노
005720,넥센
452430,사피엔반도체
123890,한국자산신탁
054950,제이브이엠
007160,사조산업
377190,디앤디플랫폼리츠
035600,KG이니시스
036200,유니셈
093520,매커스
034830,한국토지신탁
482630,삼양엔씨켐
067080,대화제약
036890,진성티이씨
092730,네오팜
092790,넥스틸
045390,대아티아이
451760,컨텍
033530,SJG세종
241590,화승엔터프라이즈
206640,바디텍메드
025770,한국정보통신
078020,LS증권
472850,폰드그룹
009290,광동제약
900290,GRT
012860,모베이스전자
265520,AP시스템
088260,이리츠코크렙
334890,이지스밸류플러스리츠
900140,엘브이엠씨홀딩스
002320,한진
115450,HLB테라퓨틱스
058820,CMG제약
011760,현대코퍼레이션
086390,유니테스트
402030,코난테크놀로지
043150,바텍
092870,엑시콘
009470,삼화전기
003920,남양유업
003120,일성아이에스
023410,유진기업
082800,비보존 제약
170920,엘티씨
051980,중앙첨단소재
140670,알에스오토메이션
003200,일신방직
018310,삼목에스폼
000320,노루홀딩스
053300,한국정보인증
128820,대성산업
211270,AP위성
393890,더블유씨피
000490,대동
009680,모토닉
473980,노머스
382900,범한퓨얼셀
006340,대원전선
092460,한라IMS
151860,KG에코솔루션
096760,JW홀딩스
0007C0,아크릴
013890,지누스
084990,헬릭스미스
372170,윤성에프앤씨
002900,TYM
300080,플리토
065680,우주일렉트로
042370,비츠로테크
004360,세방
034810,해성산업
214180,헥토이노베이션
418550,제이오
010580,에스엠벡셀
000680,LS네트웍스
0030R0,대신밸류리츠
267980,매일유업
002230,피에스텍
108380,대양전기공업
065710,서호전기
02826K,삼성물산우B
194700,노바렉스
000430,대원강업
013120,동원개발
001340,PKC
144960,뉴파워프라즈마
182400,엔케이맥스
457550,우진엔텍
078520,에이블씨엔씨
051370,인터플렉스
003220,대원제약
005500,삼진제약
380550,뉴로핏
255220,SG
484120,도우인시스
114840,아이패밀리에스씨
089980,상아프론테크
122900,아이마켓코리아
035150,백산
327260,RF머트리얼즈
005710,대원산업
101170,우림피티에스
108670,LX하우시스
950170,JTC
033920,무학
001750,한양증권
176750,듀켐바이오
488280,에스투더블유
121800,비덴트
001460,BYC
389020,자람테크놀로지
452450,피아이이
126600,BGF에코머티리얼즈
126700,하이비젼시스템
023760,한국캐피탈
054210,이랜텍
018000,유니슨
035510,신세계 I&C
377460,위니아에이드
179290,엠아이텍
285490,노바텍
226320,잇츠한불
217270,넵튠
136490,선진
293780,압타바이오
299030,하나기술
371950,풍원정밀
474170,루미르
005950,이수화학
001790,대한제당
067390,아스트
007570,일양약품
058430,포스코스틸리온
112290,와이씨켐
086890,이수앱지스
043370,피에이치에이
264850,이랜시스
001630,종근당홀딩스
037710,광주신세계
032940,원익
322310,오로스테크놀로지
041020,폴라리스오피스
118990,모트렉스
007860,서연
244920,에이플러스에셋
061090,세나테크놀로지
094820,일진파워
241770,메카로
008490,서흥
001130,대한제분
054450,텔레칩스
950140,잉글우드랩
237880,클리오
234030,싸이닉솔루션
000050,경방
051905,LG생활건강우
036800,나이스정보통신
012200,계양전기
061970,LB세미콘
439090,마녀공장
036030,케이티알파
051360,토비스
254490,미래반도체
210980,SK디앤디
019210,와이지-원
001230,동국홀딩스
083310,엘오티베큠
487570,HS효성
080580,오킨스전자
012210,삼미금속
334970,프레스티지바이오로직스
039840,디오
115310,인포바인
004980,성신양회
353810,이지바이오
000540,흥국화재
007460,에이프로젠
028100,동아지질
005010,휴스틸
079960,동양이엔피
030210,다올투자증권
404990,신한서부티엔디리츠
053210,스카이라이프
456010,아이씨티케이
243840,신흥에스이씨
084680,이월드
361390,제노코
088800,에이스테크
095700,제넥신
235980,메드팩토
042420,네오위즈홀딩스
0015S0,페스카로
219130,타이거일렉
003070,코오롱글로벌
215100,로보로보
073490,이노와이어리스
123410,코리아에프티
323990,박셀바이오
033160,엠케이전자
003350,한국화장품제조
476040,오가노이드사이언스
000140,하이트진로홀딩스
017890,한국알콜
282880,코윈테크
469610,이노테크
117580,대성에너지
241520,DSC인베스트먼트
000480,CR홀딩스
199820,제일일렉트릭
006805,미래에셋증권우
011785,금호석유화학우
068930,디지털대성
005680,삼영전자
003610,방림
047560,이스트소프트
084850,아이티엠반도체
271980,제일약품
004430,송원산업
272110,케이엔제이
036560,KZ정밀
064290,인텍플러스
102120,어보브반도체
356680,엑스게이트
047310,파워로직스
140610,엔솔바이오사이언스
003555,LG우
048870,시너지이노베이션
000860,강남제비스코
039570,HDC랩스
339770,교촌에프앤비
001080,만호제강
102460,이연제약
003547,대신증권2우B
005430,한국공항
003650,미창석유
260870,SK시그넷
001780,알루코
095570,AJ네트웍스
010820,퍼스텍
214420,토니모리
496320,본시스템즈
134380,미원화학
330860,네패스아크
298690,에어부산
102260,동성케미컬
107600,새빗켐
377450,리파인
260970,에스앤디
025000,KPX케미칼
010955,S-Oil우
0004V0,엔비알모션
032620,유비케어
290690,소룩스
461300,아이스크림미디어
060150,인선이엔티
002150,도화엔지니어링
138360,협진
083930,아바코
053690,한미글로벌
182360,큐브엔터
417010,나노팀
004380,삼익THK
044450,KSS해운
080160,모두투어
004560,현대비앤지스틸
036190,금화피에스시
092070,디엔에프
109740,디에스케이
001045,CJ우
000520,삼일제약
290740,액트로
234080,JW생명과학
123860,아나패스
121440,골프존홀딩스
405100,큐알티
016580,환인제약
101530,해태제과식품
213500,한솔제지
256940,킵스파마
001520,동양
025620,차AI헬스케어
038390,레드캡투어
217730,강스템바이오텍
251370,와이엠티
059270,해성에어로보틱스
008970,KBI동양철관
054540,삼영엠텍
046440,KG모빌리언스
143160,아이디스
078150,HB테크놀러지
166480,코아스템켐온
086820,바이오솔루션
025820,이구산업
039860,나노엔텍
322510,제이엘케이
100120,뷰웍스
091580,상신이디피
001250,GS글로벌
489460,바이오비쥬
003720,삼영
432720,퀄리타스반도체
092130,이크레더블
425040,티이엠씨
217820,원익피앤이
013580,계룡건설
024060,흥구석유
333430,일승
078070,유비쿼스홀딩스
158430,아톤
381620,제닉스로보틱스
016880,웅진
250060,모비스
272550,삼양패키징
004710,한솔테크닉스
016790,현대사료
012610,경인양행
073010,케이에스피
322180,LS티라유텍
138080,오이솔루션
365270,큐라클
230240,에치에프알
360070,탑머티리얼
267320,나인테크
009070,KCTC
097955,CJ제일제당 우
006060,화승인더
456070,이엔셀
400760,NH올원리츠
475230,엔알비
038290,마크로젠
108230,톱텍
489500,엘케이켐
340450,지씨지놈
011690,와이투솔루션
014280,금강공업
031440,신세계푸드
010100,한국무브넥스
119610,인터로조
000390,삼화페인트
015230,대창단조
293480,하나제약
067280,멀티캠퍼스
160980,싸이맥스
452280,한선엔지니어링
004090,한국석유
146320,비씨엔씨
217330,싸이토젠
037560,LG헬로비전
232680,라온로보틱스
054920,한컴위드
011040,경동제약
002100,경농
053700,삼보모터스
290550,디케이티
101970,우양에이치씨
002170,삼양통상
081000,일진다이아
336680,탑런토탈솔루션
187660,현대ADM
000300,DH오토넥스
263860,지니언스
305090,마이크로디지탈
023910,대한약품
071840,롯데하이마트
148150,세경하이테크
308080,바이젠셀
264660,씨앤지하이테크
413630,씨피시스템
214680,디알텍
000020,동화약품
085910,네오티스
297890,HB솔루션
226590,엠디바이스
052330,코텍
040300,YTN
042600,새로닉스
365330,에스와이스틸텍
294140,레몬
264450,유비쿼스
136150,원일티엔아이
234690,녹십자웰빙
123690,한국화장품
418420,라온텍
066620,국보디자인
464490,쿼드메디슨
220260,켐트로스
458650,성우
462520,조선내화
388050,지투파워
036220,오상헬스케어
090350,노루페인트
053080,케이엔솔
059120,아진엑스텍
100250,진양홀딩스
049950,미래컴퍼니
096250,와이즈넛
033340,좋은사람들
122990,와이솔
307750,국전약품
203650,드림시큐리티
009270,신원
104480,티케이케미칼
246710,티앤알바이오팹
095190,이엠코리아
380540,옵티코어
071200,인피니트헬스케어
382840,원준
016450,한세예스24홀딩스
014710,사조씨푸드
085670,뉴프렉스
019440,세아특수강
445180,퓨릿
018470,조일알미늄
086980,쇼박스
007330,푸른저축은행
299170,더블유에스아이
098120,마이크로컨텍솔
240550,동방메디컬
069510,에스텍
00279K,아모레퍼시픽홀딩스3우C
035080,그래디언트
297090,씨에스베어링
066410,버킷스튜디오
310200,애니플러스
063080,컴투스홀딩스
321550,티움바이오
439580,블루엠텍
046070,코다코
029480,광무
003460,유화증권
019010,베뉴지
104460,디와이피엔에프
008110,대동전자
229500,노브메타파마
080420,모다이노칩
417970,모델솔루션
011000,진원생명과학
000700,유수홀딩스
008830,대동기어
460850,동국씨엠
008350,남선알미늄
122450,KX
331740,아우토크립트
460940,피앤에스로보틱스
143240,사람인
002390,한독
092220,KEC
021080,에이티넘인베스트
014950,삼익제약
002990,금호건설
067000,조이시티
070960,모나용평
263720,디앤씨미디어
052710,아모텍
107590,미원홀딩스
119830,아이텍
025950,동신건설
317830,에스피시스템스
039830,오로라
000970,한국주철관
006620,동구바이오제약
337930,젝시믹스
008040,사조동아원
123330,제닉
056090,시지메드텍
293580,나우IB
217950,파마리서치바이오
003830,대한화섬
019680,대교
089470,HDC현대EP
001360,삼성제약
023600,삼보판지
408920,메쎄이상
005160,동국산업
493330,지에프아이
013990,아가방컴퍼니
037070,파세코
321370,센서뷰
027970,한국제지
317400,자이에스앤디
017510,세명전기
083420,그린케미칼
126730,코칩
205100,엑셈
223250,드림씨아이에스
045970,코아시아
041440,현대에버다임
259630,엠플러스
003310,대주산업
011560,세보엠이씨
208370,셀바스헬스케어
074430,아미노로직스
298000,효성화학
078000,텔코웨어
086960,MDS테크
009580,무림P&P
004970,신라교역
094280,효성ITX
210540,디와이파워
307180,아이엘
214390,경보제약
357580,아모센스
123040,엠에스오토텍
201490,미투온
084670,동양고속
278650,HLB바이오스텝
091120,이엠텍
036420,콘텐트리중앙
950130,엑세스바이오
011280,태림포장
049720,고려신용정보
432470,케이엔에스
463020,뉴엔AI
255440,야스
000230,일동홀딩스
052420,오성첨단소재
003480,한진중공업홀딩스
068790,DMS
350520,이지스레지던스리츠
005990,매일홀딩스
402490,그린리소스
004250,NPC
071280,로체시스템즈
053580,웹케시
205500,넥써쓰
147830,제룡산업
063170,서울옥션
063570,NICE인프라
032300,한국파마
424960,스마트레이더시스템
289930,웨이비스
089600,KT나스미디어
039560,다산네트웍스
377480,마음AI
007540,샘표
095720,웅진씽크빅
101670,하이드로리튬
016710,대성홀딩스
136540,윈스테크넷
015890,태경산업
366030,공구우먼
059210,메타바이오메드
192440,슈피겐코리아
005800,신영와코루
125020,티씨머티리얼즈
251120,바이오에프디엔씨
131030,옵투스제약
109610,에스와이
475580,에이럭스
309960,LB인베스트먼트
011700,한신기계
039980,폴라리스AI
142210,유니트론텍
009780,엠에스씨
248170,샘표식품
443670,에스피소프트
389030,지니너스
079430,현대리바트
035000,HS애드
370090,퓨런티어
077500,유니퀘스트
024090,디씨엠
054050,농우바이오
096240,크레버스
013570,디와이
461030,아이엠비디엑스
038110,에코플라스틱
013310,아진산업
289080,SV인베스트먼트
078140,대봉엘에스
003580,HLB글로벌
288330,파라택시스코리아
226400,오스테오닉
269620,시스웍
044990,에이치엔에스하이텍
217500,러셀
453450,그리드위즈
363280,티와이홀딩스
149950,아바텍
012320,경동인베스트
232530,이엠티
003100,선광
131370,알서포트
072870,메가스터디
205470,휴마시스
004150,한솔홀딩스
084650,랩지노믹스
388870,파로스아이바이오
019180,티에이치엔
049430,코메론
052260,현대바이오랜드
004080,신흥
081180,쎄크
048550,SM C&C
002620,제일파마홀딩스
066590,우수AMS
014580,태경비케이
027710,팜스토리
046120,오르비텍
099750,이지케어텍
030960,양지사
002200,한국수출포장
010660,화천기계
021820,세원정공
083500,에프엔에스테크
267290,경동도시가스
002220,한일철강
036710,심텍홀딩스
212560,네오오토
139990,아주스틸
049960,쎌바이오텍
106190,하이텍팜
282720,금양그린파워
005960,동부건설
120030,조선선재
006140,피제이전자
246720,아스타
039340,한국경제TV
002460,HS화성
092190,서울바이오시스
007110,일신석재
086670,비엠티
012800,대창
950220,네오이뮨텍
093640,케이알엠
163730,핑거
0015N0,아로마티카
251630,브이원텍
048530,인트론바이오
03473K,SK우
016740,두올
051160,지어소프트
067990,도이치모터스
267850,아시아나IDT
069460,대호에이엘
172670,에이엘티
078890,가온그룹
101330,모베이스
362320,청담글로벌
209640,와이제이링크
105550,엣지파운드리
067900,와이엔텍
131400,이브이첨단소재
015590,DKME
090850,현대이지웰
191420,테고사이언스
014530,극동유화
044820,코스맥스비티아이
101140,인바이오젠
019550,SBI인베스트먼트
067830,세이브존I&C
049520,유아이엘
443250,레뷰코퍼레이션
418470,KT밀리의서재
020120,키다리스튜디오
004140,동방
005860,한일사료
054800,아이디스홀딩스
058850,KTcs
347890,엠투아이
396470,워트
277880,티에스아이
024880,케이피에프
389140,포바이포
047820,초록뱀미디어
063160,종근당바이오
093190,빅솔론
021320,KCC건설
086710,선진뷰티사이언스
306040,에스제이그룹
115500,케이씨에스
306620,네온테크
391710,코닉오토메이션
033290,로젠
014160,대영포장
214260,라파스
007820,에스엠코어
413390,엠오티
018120,진로발효
017370,우신시스템
041590,플래스크
311690,CJ 바이오사이언스
411080,샌즈랩
013520,화승코퍼레이션
214330,금호에이치티
004960,한신공영
330350,위더스제약
047770,코데즈컴바인
298540,더네이쳐홀딩스
023900,풍국주정
007210,벽산
303810,동국생명과학
382150,온코크로스
204610,티쓰리
299900,위지윅스튜디오
079810,디이엔티
073560,우리손에프앤지
000105,유한양행우
452190,한빛레이저
175140,휴먼테크놀로지
227840,현대코퍼레이션홀딩스
064850,에프앤가이드
067290,JW신약
023800,인지컨트롤스
006660,삼성공조
058630,엠게임
001540,안국약품
066700,테라젠이텍스
463480,모티브링크
034590,인천도시가스
026150,특수건설
183490,엔지켐생명과학
100130,동국S&C
043610,KT지니뮤직
417840,저스템
037350,성도이엔지
011330,유니켐
005870,휴니드
023450,동남합성
125210,아모그린텍
348150,고바이오랩
049180,셀루메드
950190,고스트스튜디오
068290,삼성출판사
084730,팅크웨어
041930,동아화성
060590,씨티씨바이오
011810,STX
042510,라온시큐어
008700,아남전자
207760,미스터블루
017900,광전자
065450,빅텍
013360,일성건설
060570,드림어스컴퍼니
001020,페이퍼코리아
049470,비트플래닛
290670,대보마그네틱
071670,에이테크솔루션
006840,AK홀딩스
014970,삼륭물산
396270,넥스트칩
417500,제이아이테크
017550,수산세보틱스
068240,다원시스
038540,상상인
264900,크라운제과
187870,디바이스
004840,DRB동일
206560,덱스터
002450,삼익악기
036580,팜스코
315640,딥노이드
357230,에이치피오
253840,수젠텍
102370,케이옥션
038460,바이오스마트
100700,세운메디칼
036010,아비코전자
419050,삼기에너지솔루션즈
117670,알파칩스
382800,지앤비에스 에코
396300,세아메카닉스
024800,유성티엔에스
064800,포니링크
035610,솔본
065510,휴비츠
225530,HC보광산업
014790,HL D&I
225190,LK삼양
011150,CJ씨푸드
396690,미래에셋글로벌리츠
053350,이니텍
066430,아이로보틱스
003060,에이프로젠바이오로직스
136410,아셈스
105740,디케이락
124560,태웅로직스
002780,진흥기업
187790,나노
435570,에르코스
452400,이닉스
241690,유니테크노
119650,KC코트렐
083790,CG인바이츠
009300,삼아제약
067570,엔브이에이치코리아
448710,코츠테크놀로지
456570,아이엠지티
355150,코스텍시스
104040,대성파인텍
000180,성창기업지주
008260,NI스틸
032560,황금에스티
307930,컴퍼니케이
330730,스톤브릿지벤처스
296160,프로젠
000440,중앙에너비스
005740,크라운해태홀딩스
082850,우리바이오
261520,이지스
33626K,두산퓨얼셀1우
234300,에스트래픽
092040,아미코젠
170030,현대공업
408900,스튜디오미르
289220,자이언트스텝
048910,대원미디어
002720,국제약품
066790,씨씨에스
054670,대한뉴팜
317770,엑스페릭스
061250,화일약품
093920,서원인텍
376930,노을
311320,지오엘리먼트
058860,KTis
451250,삐아
002600,조흥
012700,리드코프
163560,동일고무벨트
007980,TP
134580,탑코미디어
044340,위닉스
023000,삼원강재
023810,인팩
041910,폴라리스AI파마
149980,하이로닉
459550,알트
014440,영보화학
048430,유라테크
002700,신일전자
078935,GS우
024830,세원물산
382480,지아이텍
352090,스톰테크
088390,이녹스
419080,엔젯
120240,대정화금
004720,팜젠사이언스
480370,씨케이솔루션
039020,이건홀딩스
058400,KNN
036170,에이치엠넥스
226330,신테카바이오
110790,크리스에프앤씨
446840,지슨
091440,한울소재과학
228670,레이
302550,리메드
040420,정상제이엘에스
348350,위드텍
085310,엔케이
039610,화성밸브
459100,위츠
453860,에이에스텍
001560,제일연마
141000,비아트론
339950,아이비김영
004890,동일산업
000850,화천기공
273640,와이엠텍
130580,나이스디앤비
011370,서한
446540,메가터치
036630,세종텔레콤
123420,위메이드플레이
072020,중앙백신
010960,삼호개발
053280,예스24
053450,세코닉스
090470,제이스텍
094940,푸른기술
104200,NHN벅스
096775,SK이노베이션우
900250,크리스탈신소재
216050,인크로스
478560,블랙야크아이앤씨
378800,샤페론
203690,아크솔루션스
004650,창해에탄올
168330,내츄럴엔도텍
265560,영화테크
060560,HC홈센타
006890,태경케미컬
006490,인스코비
000590,CS홀딩스
002800,신신제약
033230,인성정보
027050,코리아나
234100,폴라리스세원
317690,퀀타매트릭스
069540,빛과전자
079980,휴비스
348080,큐라티스
013870,지엠비코리아
126880,제이엔케이글로벌
111380,동인기연
025550,한국선재
317870,엔바이오니아
027830,대성창투
260930,씨티케이
111710,남화산업
072990,에이치시티
042500,링네트
010040,한국내화
001275,부국증권우
041520,이엘씨
046210,HLB파나진
104620,노랑풍선
104540,코렌텍
163280,에어레인
372910,한컴라이프케어
007280,한국특강
036640,HRS
142280,녹십자엠에스
019990,에너토크
263800,데이타솔루션
331380,포커스에이아이
187420,HLB제넥스
204840,지엘팜텍
228850,레이언스
003780,진양산업
0013V0,삼진식품
208140,정다운
475430,키스트론
265740,엔에프씨
214270,FSN
045660,에이텍
417790,트루엔
173130,오파스넷
357880,SKAI
242040,나무기술
212710,아이에스티이
054620,APS
338100,NH프라임리츠
076610,해성옵틱스
012690,모나리자
004100,태양금속
115440,우리넷
377030,비트맥스
096350,대창솔루션
347000,센코
020710,시공테크
036090,위지트
011320,유니크
222810,세토피아
175250,아이큐어
011390,부산산업
006880,신송홀딩스
009770,삼정펄프
474610,RF시스템즈
094850,참좋은여행
089850,유비벨록스
424980,마이크로투나노
412540,제일엠앤에스
393210,토마토시스템
105330,케이엔더블유
261780,차백신연구소
033320,제이씨현시스템
054300,팬스타엔터프라이즈
006090,사조오양
001260,남광토건
032850,비트컴퓨터
262260,에이프로
318160,셀바이오휴먼텍
215360,우리산업
001470,삼부토건
263600,덕우전자
009200,무림페이퍼
222160,NPX
063440,SM Life Design
040350,크레오에스지
060310,3S
078590,휴림에이텍
007590,동방아그로
002795,아모레퍼시픽홀딩스우
092780,DYP
014470,부방
388790,라이콤
294630,서남
043710,서울리거
009180,한솔로지스틱스
024910,경창산업
347860,알체라
246960,SCL사이언스
010280,아이티센엔텍
317530,캐리소프트
340360,다보링크
159580,제로투세븐
032540,TJ미디어
196300,HLB펩
299660,셀리드
005750,대림바스
054040,한국컴퓨터
302430,이노메트리
451220,아이엠티
000220,유유제약
052220,iMBC
384470,코어라인소프트
140070,서플러스글로벌
351330,이삭엔지니어링
153710,옵티팜
199550,레이저옵텍
041460,한국전자인증
071090,하이스틸
066310,큐에스아이
018500,동원금속
004830,덕성
065500,오리엔트정공
192250,케이사인
171120,라이온켐텍
004590,한국가구
049480,오픈베이스
016250,SGC E&C
081150,티플랙스
024740,한일단조
155650,와이엠씨
270520,앱튼
099410,동방선기
222110,팬젠
365590,하이딥
393970,대진첨단소재
040910,아이씨디
128660,피제이메탈
457370,한켐
352910,오비고
053260,금강철강
340930,유일에너테크
460870,에스엠씨지
024900,디와이덕양
039240,경남스틸
137950,제이씨케미칼
031820,아이티센씨티에스
094840,슈프리마에이치큐
0010V0,제이피아이헬스케어
053050,지에스이
013700,까뮤이앤씨
111110,호전실업
004440,삼일씨엔에스
162300,신스틸
347740,피엔케이피부임상연구센타
037950,엘컴텍
900260,로스웰
407400,꿈비
099220,SDN
120115,코오롱인더우
097800,윈팩
129260,인터지스
036120,서울평가정보
016090,대현
303360,프로티아
004540,깨끗한나라
014190,원익큐브
036670,삼양케이씨아이
012790,신일제약
234920,자이글
001290,상상인증권
288620,에스퓨얼셀
37550L,DL이앤씨2우(전환)
129920,대성하이텍
333620,엔시스
241840,에이스토리
007370,진양제약
307870,비투엔
088130,동아엘텍
043650,국순당
039010,현대에이치티
055490,테이팩스
100030,인지소프트
042940,상지건설
052790,액토즈소프트
001380,SG글로벌
017650,대림제지
241790,티이엠씨씨엔에스
323350,다원넥스뷰
479960,위너스
068330,일신바이오
369370,블리츠웨이엔터테인먼트
037030,파워넷
036000,예림당
033310,엠투엔
046940,우원개발
092440,기신정기
053270,구영테크
087260,모바일어플라이언스
010470,오리콤
038680,에스넷
033170,시그네틱스
950200,소마젠
476080,M83
073640,테라사이언스
062970,한국첨단소재
000910,유니온
080010,이상네트웍스
032860,더라미
261200,덴티스
200230,텔콘RF제약
432430,와이랩
039420,케이엘넷
122350,삼기
109860,동일금속
142760,모아라이프플러스
403490,우듬지팜
185490,아이진
217190,제너셈
000725,현대건설우
095270,웨이브일렉트로
043910,자연과환경
145170,노브랜드
388610,지에프씨생명과학
133820,화인베스틸
215090,솔디펜스
332370,아이디피
054930,유신
067370,선바이오
317240,TS트릴리온
003010,혜인
066980,한성크린텍
017480,삼현철강
002760,보락
122690,서진오토모티브
002630,오리엔트바이오
317850,대모
290720,푸드나무
373200,엑스플러스
452160,제이엔비
413640,비아이매트릭스
180060,탑선
308170,씨티알모빌리티
206400,베노티앤알
127980,화인써키트
364950,에이아이코리아
222040,코스맥스엔비티
004060,SG세계물산
221800,유투바이오
378850,화승알앤에이
072770,멤레이비티
088340,유라클
003925,남양유업우
199480,뱅크웨어글로벌
064240,홈캐스트
466410,사이냅소프트
160550,NEW
072470,우리산업홀딩스
159010,아스플로
219420,링크제니시스
198440,강동씨앤엘
065530,와이어블
047400,유니온머티리얼
019540,일지테크
033130,디지틀조선
311390,네오크레마
004910,조광페인트
046970,우리로
050960,수산아이앤티
277070,린드먼아시아
357250,미래에셋맵스리츠
011300,성안머티리얼스
260660,알리코제약
037330,인지디스플레
007720,소노스퀘어
082210,옵트론텍
000950,전방
100220,비상교육
321820,아티스트컴퍼니
128540,에코캡
042110,에스씨디
045340,토탈소프트
320000,한울반도체
122830,원포유
053980,오상자이엘
023440,제이스코홀딩스
017180,명문제약
017040,광명전기
064480,브리지텍
155660,DSR
061040,알에프텍
189980,흥국에프엔비
005670,푸드웰
373160,데이원컴퍼니
263690,디알젬
122310,제노레이
046310,백금T&A
087600,픽셀플러스
100660,서암기계공업
419120,산돌
037440,희림
004450,삼화왕관
052900,KX하이텍
024840,KBI메탈
037760,쎄니트
038070,서린바이오
092300,현우산업
005305,롯데칠성우
222420,쎄노텍
218150,미래생명자원
040610,SG&G
294090,이오플로우
002140,고려산업
001210,금호전기
004920,씨아이테크
015710,코콤
057680,티사이언티픽
052670,제일바이오
014990,인디에프
452200,민테크
114450,그린생명과학
173940,에프엔씨엔터
058730,다스코
075180,새론오토모티브
072130,유엔젤
177900,쓰리에이로직스
041650,상신브레이크
013720,THE CUBE&
123840,뉴온
28513K,SK케미칼우
054780,키이스트
078860,엔에스이엔엠
246690,TS인베스트먼트
021050,서원
073570,리튬포어스
033830,티비씨
123700,SJM
065130,탑엔지니어링
186230,그린플러스
314140,알피바이오
067920,이글루
001550,조비
001620,케이비아이동국실업
004770,써니전자
080530,코디
051490,나라엠앤디
023960,에쓰씨엔지니어링
009190,대양금속
010240,흥국
099520,DGI
256630,포인트엔지니어링
471820,셀로맥스사이언스
025560,미래산업
007680,대원
008370,원풍
097780,에코볼트
011230,삼화전자
245620,EDGC
090410,덕신이피씨
352700,씨앤투스
227950,엔투텍
032790,엠젠솔루션
109960,앱토크롬
171010,램테크놀러지
004780,대륙제관
049550,잉크테크
237820,플레이디
223310,사토시홀딩스
096630,에스코넥
440290,HB인베스트먼트
000890,보해양조
002920,유성기업
010770,평화홀딩스
066130,하츠
038880,아이에이
119500,포메탈
189690,포시에스
064090,인크레더블버즈
011420,갤럭시아에스엠
004410,서울식품
481850,신한글로벌액티브리츠
066670,디티씨
170790,파이오링크
003080,SB성보
071950,코아스
464280,티디에스팜
033200,모아텍
273060,와이즈버즈
069410,엔텔스
053620,태양
286750,나노실리칸첨단소재
263700,케어랩스
184230,SGA솔루션즈
373170,엠아이큐브솔루션
009835,한화솔루션우
025530,SJM홀딩스
037230,한국팩키지
200350,아티스트스튜디오
069730,DSR제강
006370,대구백화점
217480,에스디생명공학
024950,삼천리자전거
290090,트윔
340810,시선AI
105760,포스뱅크
038010,제일테크노스
093240,형지엘리트
090080,평화산업
007815,코리아써우
361570,알비더블유
450520,인스웨이브
455180,케이지에이
007610,선도전기
036180,지더블유바이텍
100590,머큐리
056700,신화인터텍
195990,에이비프로바이오
001000,신라섬유
044960,이글벳
009320,아진전자부품
198080,캐프
238120,얼라인드
250000,보라티알
363260,모비데이즈
219550,디와이디
060850,영림원소프트랩
088910,동우팜투테이블
002410,범양건영
224110,에이텍모빌리티
462510,라메디텍
007530,와이엠
465480,인스피언
351870,차이커뮤니케이션
003475,유안타증권우
051630,진양화학
032960,동일기연
417860,오브젠
148780,비큐AI
037370,EG
355390,크라우드웍스
430690,한싹
021880,메이슨캐피탈
048770,TPC
025440,DH오토웨어
271830,팸텍
006125,SK디스커버리우
096610,알에프세미
004870,티웨이홀딩스
359090,씨엔알리서치
239890,피엔에이치테크
023350,한국종합기술
056360,코위버
068050,팬엔터테인먼트
089150,케이씨티
006980,우성
109080,옵티시스
376290,씨유테크
049830,승일
001465,BYC우
084180,수성웹툰
208860,다산디엠씨
118000,메타케어
219750,한국비티비
263810,상신전자
200780,비씨월드제약
290660,네오펙트
052860,아이앤씨
002880,대유에이텍
097870,효성오앤비
321260,프로이천
291650,압타머사이언스
039290,인포뱅크
103840,우양
210120,캔버스엔
024940,PN풍년
336060,웨이버스
420570,제이투케이바이오
089790,제이티
109820,진매트릭스
025750,한솔홈데코
450330,하스
079000,와토스코리아
008870,금비
434480,모니터랩
027580,상보
012160,영흥
012280,영화금속
053950,경남제약
033560,블루콤
203450,유니온바이오메트릭스
033540,파라텍
027740,마니커
357430,마스턴프리미어리츠
356890,싸이버원
052460,아이크래프트
239340,이스트에이드
464580,닷밀
049080,기가레인
150900,파수
057540,옴니시스템
335810,프리시젼바이오
006740,블루산업개발
126640,화신정공
057030,YBM넷
046390,삼화네트웍스
307280,원바이오젠
082660,코스나인
178780,일월지엠엘
444530,심플랫폼
258610,케일럼
190650,코리아에셋투자증권
37550K,DL이앤씨우
418250,시큐레터
464500,아이언디바이스
153460,네이블
083550,케이엠
065950,웰크론
014910,성문전자
475460,미트박스
002290,삼일기업공사
376180,피코그램
137080,나래나노텍
067170,오텍
469750,아이비젼웍스
003465,유화증권우
020760,일진디스플
008250,이건산업
353590,오토앤
014570,고려제약
073110,엘엠에스
026040,제이에스티나
460470,아이빔테크놀로지
301300,바이브컴퍼니
270870,뉴트리
342870,오아
060900,에이전트AI
036690,코맥스
318020,포인트모바일
006050,국영지앤엠
019770,서연탑메탈
254120,자비스
220180,핸디소프트
332290,누보
094970,제이엠티
300120,라온피플
277410,인산가
465770,STX그린로지스
109070,주성코퍼레이션
263770,유에스티
438700,버넥트
042040,케이피엠테크
290120,DH오토리드
195500,마니커에프앤지
025880,케이씨피드
257370,피엔티엠에스
019175,신풍제약우
065370,위세아이텍
189860,서전기전
257990,나우코스
140520,대창스틸
354200,엔젠바이오
256150,한독크린텍
040160,누리플렉스
140430,카티스
114630,폴라리스우노
145270,케이탑리츠
065170,비엘팜텍
101240,씨큐브
052600,한네트
072950,빛샘전자
066900,디에이피
129890,앱코
038620,위즈코프
091590,남화토건
003535,한화투자증권우
900270,헝셩그룹
123570,이엠넷
221840,하이즈항공
016600,큐캐피탈
131100,티엔엔터테인먼트
229000,젠큐릭스
050860,아세아텍
239610,에이치엘사이언스
051390,YW
106240,파인테크닉스
056730,CNT85
038870,에코바이오
086040,바이오톡스텍
008420,문배철강
250030,진코스텍
189330,씨이랩
452300,캡스톤파트너스
200580,메디쎄이
263020,디케이앤디
133750,메가엠디
221980,케이디켐
024120,KB오토시스
208640,썸에이지
053160,프리엠스
204020,그리티
043340,에쎈테크
318410,비비씨
065440,이루온
066910,손오공
387570,파인메딕스
019490,엑시큐어하이트론
143540,영우디에스피
069140,누리플랜
297570,알로이스
075970,동국알앤에스
026940,부국철강
000760,이화산업
096690,에이루트
002360,SH에너지화학
238090,앤디포스
340440,세림B&G
318000,KBG
099390,브레인즈컴퍼니
070300,엑스큐어
431190,케이쓰리아이
049800,우진플라임
900340,윙입푸드
177830,파버나인
045060,오공
021650,한국큐빅
475660,에스켐
090370,메타랩스
000215,DL우
372800,아이티아이즈
337840,유엑스엔
075130,플랜티넷
009810,플레이그램
232830,아이티센피엔에스
452980,신한제11호스팩
134790,시디즈
043100,알파AI
050110,캠시스
291230,엔피
377220,프롬바이오
020180,대신정보통신
115160,휴맥스
462310,뉴키즈온
192410,오늘이엔엠
147760,피엠티
000040,KR모터스
397810,애드포러스
363250,진시스템
303530,이노뎁
101400,엔시트론
127710,아시아경제
196450,코아시아씨엠
263920,휴엠앤씨
262840,아이퀘스트
064520,테크엘
052300,오션인더블유
031310,아이즈비전
002870,신풍
290270,휴네시온
130500,GH신소재
005030,부산주공
215380,우정바이오
081580,성우전자
274400,이노시뮬레이션
050120,ES큐브
236810,엔비티
462980,아이지넷
440320,오픈놀
074610,이엔플러스
123010,아이윈플러스
009730,이렘
351320,넥사다이내믹스
085810,알티캐스트
238490,힘스
071850,캐스텍코리아
086060,진바이오텍
225220,제놀루션
066360,체리부로
032580,피델릭스
089140,넥스턴앤롤코리아
017000,신원종합개발
900310,컬러레이
33637K,솔루스첨단소재1우
335870,윙스풋
187270,신화콘텍
013810,스페코
024890,대원화성
196490,디에이테크놀로지
298060,에스씨엠생명과학
115480,씨유메디칼
089230,THE E&M
900300,오가닉티코스메틱
360350,코셈
001840,이화공영
284620,카이노스메드
068940,셀피글로벌
060540,에스에이티
012620,원일특강
270210,에스알바이오텍
109670,씨싸이트
019660,글로본
005360,모나미
322780,코퍼스코리아
035200,프럼파스트
389680,유디엠텍
131220,대한과학
188040,바이오포트
169330,엠브레인
376980,원티드랩
354390,바스칸바이오제약
228340,동양파일
398120,에스지헬스케어
049120,파인디앤씨
258790,소프트캠프
146060,율촌
080520,오디텍
018680,서울제약
022220,티케이지애강
060230,제이케이시냅스
059100,아이컴포넌트
023790,동일스틸럭스
131760,파인텍
008470,부스타
006920,모헨즈
079170,한창산업
001070,대한방직
138070,신진에스엠
014130,한익스프레스
023150,MH에탄올
252500,세화피앤씨
038060,루멘스
317120,라닉스
446070,유니드비티플러스
153490,우리이앤엘
446440,에피바이오텍
013000,세우글로벌
033250,체시스
006570,대림통상
148930,에이치와이티씨
005820,원림
208710,포톤
002690,동일제강
115610,이미지스
003680,한성기업
048470,대동스틸
308100,형지글로벌
016100,리더스코스메틱
018700,바른손
004365,세방우
417180,핑거스토리
405920,나라셀라
216400,인바이츠바이오코아
495810,유비씨
196700,웹스
367000,플래티어
237750,피앤씨테크
279600,미디어젠
112190,KC산업
043200,파루
045300,성우테크론
095910,에스에너지
139670,키네마스터
053290,NE능률
032750,삼진
290560,신시웨이
038530,케이바이오
009140,경인전자
083660,CSA 코스믹
383930,디티앤씨알오
011090,에넥스
222980,한국맥널티
35320K,대덕전자1우
080470,성창오토텍
457600,벡트
333050,모코엠시스
006200,한국전자홀딩스
159910,에코글로우
001810,무림SP
069920,엑시온그룹
101000,KS인더스트리
191410,육일씨엔에쓰
088280,쏘닉스
148250,알엔투테크놀로지
303030,지니틱스
016670,디모아
088290,이원컴포텍
010400,우진아이엔에스
227420,도부
432980,엠에프씨
33626L,두산퓨얼셀2우B
076080,웰크론한텍
162120,루켄테크놀러지스
131090,시큐브
051380,피씨디렉트
007120,미래아이앤지
179530,애드바이오텍
011080,형지I&C
288980,모아데이타
002820,SUN&L
009460,한창제지
403360,라피치
068100,케이웨더
246250,에스엘에스바이오
0115H0,삼성스팩13호
451700,엔에이치스팩29호
243870,아이티센코어
45226K,한화갤러리아우
038950,파인디지털
033050,제이엠아이
047080,한빛소프트
090150,아이윈
002025,코오롱우
058110,멕아이씨에스
031510,오스템
002420,세기상사
004270,남성
067010,이씨에스
362990,드림인사이트
010640,진양폴리
034940,조아제약
227610,아우딘퓨쳐스
103230,에스앤더블류
035460,기산텔레콤
290520,신도기연
377330,이지트로닉스
008600,윌비스
197140,디지캡
187220,디티앤씨
331520,밸로프
060380,동양에스텍
328380,솔트웨어
009620,삼보산업
045510,정원엔시스
198940,한주라이트메탈
419540,비스토스
434190,탈로스
024070,WISCOM
214610,롤링스톤
312610,에이에프더블류
069640,한세엠케이
005320,온타이드
309930,조이웍스앤코
418620,E8
193250,링크드
348030,모비릭스
007770,한일화학
032680,소프트센
296640,이노룰스
412350,레이저쎌
079650,서산
267790,배럴
131180,딜리
240600,유진테크놀로지
276730,한울앤제주
373110,엑셀세라퓨틱스
094860,네오리진
318010,팜스빌
101680,한국정밀기계
091340,S&K폴리텍
093380,풍강
043220,티에스넥스젠
263050,유틸렉스
291810,핀텔
023770,플레이위드
258830,세종메디칼
016920,카스
030720,동원수산
310870,디와이씨
070590,한솔인티큐브
036480,대성미생물
032080,아즈텍WB
217620,선샤인푸드
429270,시지트로닉스
464680,KB제27호스팩
285800,진영
051780,큐로홀딩스
054220,비츠로시스
008775,호텔신라우
005110,한창
021040,대호특수강
304840,피플바이오
900100,애머릿지
130740,티피씨글로벌
123750,알톤
044380,주연테크
003495,대한항공우
415380,스튜디오삼익
900110,이스트아시아홀딩스
353190,휴럼
053060,세동
002210,동성제약
233990,질경이
012340,뉴인텍
067730,로지시스
059180,엔더블유시
226340,본느
113810,디젠스
039740,한국정보공학
035620,바른손이앤에이
143210,핸즈코퍼레이션
002070,비비안
206950,볼빅
137940,넥스트아이
037400,우리엔터프라이즈
084870,TBH글로벌
001420,태원물산
278990,EMB
208350,지란지교시큐리티
311060,엘에이티
347770,핌스
088790,진도
015020,이스타코
154030,아시아종묘
405000,플라즈맵
238200,비피도
139050,BF랩스
002355,넥센타이어1우B
192390,윈하이텍
331920,셀레믹스
065650,하이퍼코퍼레이션
044780,에이치케이
276040,스코넥
207490,에이펙스인텍
039310,세중
204630,스튜디오산타클로스
177350,베셀
115570,스타플렉스
424760,벨로크
001685,대상우
043360,디지아이
028080,휴맥스홀딩스
063760,이엘피
176590,코나솔
065150,대산F&B
352940,인바이오
073540,에프알텍
00499K,롯데지주우
018620,우진비앤지
199730,바이오인프라
019685,대교우B
247660,나노씨엠에스
032280,삼일
225590,패션플랫폼
065690,파커스
403810,아이엘로보틱스
289010,아이스크림에듀
215790,이노인스트루먼트
083640,인콘
044480,빌리언스
076340,지에이이노더스
002680,한탑
336040,타스컴
054940,엑사이엔씨
091970,나노캠텍
355690,에이텀
102950,아하
179720,머니무브
115530,씨엔플러스
001770,SHD
154040,다산솔루에타
900070,글로벌에스엠
365900,브이씨
317860,노드메이슨
098660,에스티오
025870,신라에스지
080720,한국유니온제약
110020,전진바이오팜
005257,녹십자홀딩스2우
121890,에스디시스템
079950,인베니아
344860,이노진
230980,비유테크놀러지
045520,크린앤사이언스
18064K,한진칼우
017250,인터엠
145210,다이나믹디자인
032800,판타지오
050760,에스폴리텍
084440,유비온
096870,엘디티
054410,케이피티유
106080,케이이엠텍
012170,아센디오
025890,한국주강
361670,삼영에스앤씨
341170,퓨쳐메디신
368600,아이씨에이치
014100,메디앙스
191600,블루탑
054090,삼진엘앤디
079190,케스피온
134060,이퓨쳐
466910,엔에이치스팩30호
008500,일정실업
322970,무진메디
009310,참엔지니어링
043590,웰킵스하이텍
015260,에이엔피
067770,세진티에스
215480,토박스코리아
351020,미쥬
222670,플럼라인생명과학
032980,바이온
008290,원풍물산
233250,메디안디노스틱
073190,듀오백
217880,틸론
368970,오에스피
052960,태양3C
019570,플루토스
060480,국일신동
065060,지엔코
086220,광동헬스바이오
020400,대동금속
331660,한국미라클피플사
009440,KC그린홀딩스
224060,더코디
083470,이엠앤아이
026910,광진실업
048830,엔피케이
275630,에스에스알
108675,LX하우시스우
327610,펨토바이오메드
050090,비케이홀딩스
313760,캐리
477380,미래에셋비전스팩4호
065420,에스아이리소스
241820,피씨엘
482680,미래에셋비전스팩7호
254160,제이엠멀티
000087,하이트진로2우B
001795,대한제당우
005725,넥센우
476710,타조이엔터테인먼트
204210,스타에스엠리츠
379390,이성씨엔아이
106520,노블엠앤비
0072Z0,KB제33호스팩
035290,골드앤에스
069330,유아이디
0101C0,하나36호스팩
457630,대신밸런스제16호스팩
900120,씨엑스아이
169670,코스텍시스템
030350,드래곤플라이
0044K0,삼성스팩10호
250930,예선테크
477340,에이치엠씨제7호스팩
469880,하나30호스팩
065770,CS
225430,케이엠제약
058450,한주에이알티
302920,더콘텐츠온
368030,창대정밀
027040,서울전자통신
227100,프로브잇
238170,엔에스엠
060260,뉴보텍
188260,세니젠
406820,뷰티스킨
473050,유안타제15호스팩
478440,미래에셋비전스팩6호
479880,한국제15호스팩
152550,한국ANKOR유전
092600,앤씨앤
140910,에이리츠
0099W0,미래에셋비전스팩11호
145995,삼양사우
208850,이비테크
33637L,솔루스첨단소재2우B
489480,키움제11호스팩
352770,셀레스트라
481890,엔에이치스팩31호
149010,아이케이세미콘
244460,올리패스
0096B0,삼성스팩12호
471050,대신밸런스제17호스팩
38380K,LX홀딩스1우
489730,디비금융제13호스팩
052770,아이톡시
224760,엔에스컴퍼니
0097F0,미래에셋비전스팩10호
478390,KB제29호스팩
477760,DB금융스팩12호
0099X0,IBKS제25호스팩
482520,교보16호스팩
0037T0,KB제32호스팩
054180,메디콕스
0093G0,미래에셋비전스팩8호
492220,KB제31호스팩
004255,NPC우
001067,JW중외제약2우B
0054V0,엔에이치스팩32호
084695,대상홀딩스우
0091W0,신영스팩11호
065570,삼영이엔씨
456190,큐라켐
482690,대신밸런스제19호스팩
0041L0,하나35호스팩
0088D0,메리츠제1호스팩
121850,코이즈
03481K,해성산업1우
390110,애니메디솔루션
487360,신한제14호스팩
031860,디에이치엑스컴퍼니
0071M0,삼성스팩11호
474660,신한제12호스팩
469900,하나31호스팩
477470,미래에셋비전스팩5호
060240,스타코링크
473370,비엔케이제2호스팩
454640,하나29호스팩
289170,바이오텐
496070,신한제16호스팩
000225,유유제약1우
0105P0,유진스팩12호
474490,유안타제16호스팩
253610,루트락
00806K,대덕1우
244880,나눔테크
489210,교보17호스팩
486630,KB제30호스팩
0098T0,교보19호스팩
444920,유안타제11호스팩
0096D0,미래에셋비전스팩9호
452670,상상인제4호스팩
0004Y0,디비금융제14호스팩
003075,코오롱글로벌우
450050,하이제8호스팩
004105,태양금속우
493790,유안타제17호스팩
455910,에스케이증권제9호스팩
044180,KD
455310,한화플러스제4호스팩
0041B0,교보18호스팩
00781K,코리아써키트2우B
472220,신영스팩10호
446150,유안타제12호스팩
466690,키움히어로제1호스팩
178600,대동고려삼
478110,이베스트스팩6호
318660,타임기술
114920,대주이엔티
498390,한화플러스제5호스팩
012205,계양전기우
001755,한양증권우
004835,덕성우
199150,데이터스트림즈
488060,유진스팩11호
469480,IBKS제24호스팩
001065,JW중외제약우
450940,유안타제14호스팩
467930,IBKS제23호스팩
224810,엄지하우스
006345,대원전선우
484130,하나34호스팩
001515,SK증권우
487830,신한제15호스팩
455250,KB제25호스팩
473950,에스케이증권제13호스팩
462020,에이치엠씨제6호스팩
464440,한국제13호스팩
468760,유진스팩10호
456490,교보14호스팩
465320,교보15호스팩
458610,한국제12호스팩
487720,키움제10호스팩
251280,안지오랩
0068Y0,비엔케이제3호스팩
472230,에스케이증권제11호스팩
202960,판도라티비
0041J0,엘에스스팩1호
004985,성신양회우
238500,로보쓰리에이아이
447690,아이오바이오
215570,크로넥스
185190,수프로
475250,하나33호스팩
474930,신한제13호스팩
079970,투비소프트
000325,노루홀딩스우
212310,오건에코텍
26490K,크라운제과우
299480,지앤이헬스케어
189350,코셋
457940,에스케이증권제10호스팩
473000,에스케이증권제12호스팩
475240,하나32호스팩
236340,메디젠휴먼케어
234070,에이원알폼
311960,인터로이드
199290,바이오프로테크
346010,타이드
332190,오션스바이오
266470,바이오인프라생명과학
066830,제노텍
090355,노루페인트우
007575,일양약품우
267080,세븐브로이맥주
276240,엘리비젼
136660,큐엠씨
000145,하이트진로홀딩스우
000545,흥국화재우
101390,아이엠
009415,태영건설우
093510,엔지브이아이
448780,마이크로엔엑스
402420,켈스
36328K,티와이홀딩스우
266350,팡스카이
002995,금호건설우
092590,럭스피아
103660,씨앗
014285,금강공업우
217910,에스제이켐
043090,더테크놀로지
005745,크라운해태홀딩스우
258050,테크트랜스
014825,동원시스템즈우
208890,미래엔에듀파트너
008355,남선알미우
116100,태양기계
005965,동부건설우
341310,이앤에치
004545,깨끗한나라우
000227,유유제약2우B
236030,씨알푸드
121060,유니포인트
245450,씨앤에스링크
140660,위월드
011155,CJ씨푸드1우
001525,동양우
002785,진흥기업우B
266170,레드우즈
014915,성문전자우
001527,동양2우B
296520,가이아코퍼레이션
004415,서울식품우
223220,로지스몬
002787,진흥기업2우B
413300,티엘엔지니어링
021045,대호특수강우
032685,소프트센우
217320,썬테크
288490,나라소프트
149300,아퓨어스
279060,이노벡스
