SNAPSHOT_DATE,code_norm,DIRECT_REALIZED_RET_5D,DIRECT_REALIZED_ALPHA_5D,DIRECT_STOP_HIT_REALIZED,DIRECT_TP1_HIT_REALIZED,DIRECT_MAX_DRAWDOWN_REALIZED,DIRECT_OUTCOME_DAYS,DIRECT_TRADE_SOURCE,DIRECT_EXIT_DATE
20260521,007330,-3.2258,-3.2258,False,False,-3.2258,5,DIRECT_RECOMMEND_CLOSE_5D,20260528
20260522,488280,,,,,,3,PENDING_DIRECT_RECOMMEND_CLOSE_3D,
20260525,488280,,,,,,2,PENDING_DIRECT_RECOMMEND_CLOSE_2D,
20260526,078890,,,,,,2,PENDING_DIRECT_RECOMMEND_CLOSE_2D,
20260526,004150,-6.5351,-6.5351,False,False,-6.5351,5,DIRECT_RECOMMEND_CLOSE_5D,20260602
20260527,092460,,,,,,4,PENDING_DIRECT_RECOMMEND_CLOSE_4D,
20260527,230240,,,,,,4,PENDING_DIRECT_RECOMMEND_CLOSE_4D,
20260528,018880,,,,,,3,PENDING_DIRECT_RECOMMEND_CLOSE_3D,
20260529,036570,,,,,,2,PENDING_DIRECT_RECOMMEND_CLOSE_2D,
