종목코드,종목명,시장,종가
095570,AJ네트웍스,KOSPI,4720
006840,AK홀딩스,KOSPI,9020
027410,BGF,KOSPI,4110
282330,BGF리테일,KOSPI,110100
138930,BNK금융지주,KOSPI,15260
001460,BYC,KOSPI,47850
001465,BYC우,KOSPI,26600
001040,CJ,KOSPI,180500
079160,CJ CGV,KOSPI,6250
00104K,CJ4우(전환),KOSPI,158700
000120,CJ대한통운,KOSPI,95300
011150,CJ씨푸드,KOSPI,2720
011155,CJ씨푸드1우,KOSPI,15400
001045,CJ우,KOSPI,92400
097950,CJ제일제당,KOSPI,209000
097955,CJ제일제당 우,KOSPI,139000
000480,CR홀딩스,KOSPI,5030
000590,CS홀딩스,KOSPI,80100
012030,DB,KOSPI,1550
005830,DB손해보험,KOSPI,122800
016610,DB증권,KOSPI,10760
000990,DB하이텍,KOSPI,67600
000300,DH오토넥스,KOSPI,1984
001530,DI동일,KOSPI,21300
015590,DKME,KOSPI,515
000210,DL,KOSPI,41100
000215,DL우,KOSPI,26500
375500,DL이앤씨,KOSPI,45100
37550L,DL이앤씨2우(전환),KOSPI,32350
37550K,DL이앤씨우,KOSPI,23800
007340,DN오토모티브,KOSPI,27750
004840,DRB동일,KOSPI,4815
155660,DSR,KOSPI,3900
069730,DSR제강,KOSPI,3845
017860,DS단석,KOSPI,19270
092780,DYP,KOSPI,3420
017940,E1,KOSPI,86000
365550,ESR켄달스퀘어리츠,KOSPI,4315
383220,F&F,KOSPI,73300
007700,F&F홀딩스,KOSPI,20700
114090,GKL,KOSPI,14350
078930,GS,KOSPI,56700
006360,GS건설,KOSPI,20600
001250,GS글로벌,KOSPI,2410
007070,GS리테일,KOSPI,21950
078935,GS우,KOSPI,47800
499790,GS피앤엘,KOSPI,48050
012630,HDC,KOSPI,18610
039570,HDC랩스,KOSPI,8520
089470,HDC현대EP,KOSPI,4335
294870,HDC현대산업개발,KOSPI,21800
009540,HD한국조선해양,KOSPI,449500
267250,HD현대,KOSPI,209500
267270,HD현대건설기계,KOSPI,107800
443060,HD현대마린솔루션,KOSPI,203000
071970,HD현대마린엔진,KOSPI,88700
010620,HD현대미포,KOSPI,223000
322000,HD현대에너지솔루션,KOSPI,57500
042670,HD현대인프라코어,KOSPI,16940
267260,HD현대일렉트릭,KOSPI,866000
329180,HD현대중공업,KOSPI,573000
097230,HJ중공업,KOSPI,24200
014790,HL D&I,KOSPI,2855
003580,HLB글로벌,KOSPI,2260
204320,HL만도,KOSPI,52700
060980,HL홀딩스,KOSPI,48800
011200,HMM,KOSPI,20750
035000,HS애드,KOSPI,9190
002460,HS화성,KOSPI,13680
487570,HS효성,KOSPI,65700
298050,HS효성첨단소재,KOSPI,195900
003560,IHQ,KOSPI,10760
015360,INVENI,KOSPI,69900
175330,JB금융지주,KOSPI,25400
234080,JW생명과학,KOSPI,13970
001060,JW중외제약,KOSPI,27150
001067,JW중외제약2우B,KOSPI,60600
001065,JW중외제약우,KOSPI,29600
096760,JW홀딩스,KOSPI,3745
008970,KBI동양철관,KOSPI,1957
105560,KB금융,KOSPI,126100
415640,KB발해인프라,KOSPI,9870
432320,KB스타리츠,KOSPI,3600
002380,KCC,KOSPI,438000
344820,KCC글라스,KOSPI,27450
009070,KCTC,KOSPI,6710
009440,KC그린홀딩스,KOSPI,756
119650,KC코트렐,KOSPI,918
092220,KEC,KOSPI,701
003620,KG모빌리티,KOSPI,3680
016380,KG스틸,KOSPI,5590
001390,KG케미칼,KOSPI,5800
033180,KH 필룩스,KOSPI,5310
001940,KISCO홀딩스,KOSPI,26050
025000,KPX케미칼,KOSPI,52900
092230,KPX홀딩스,KOSPI,76600
000040,KR모터스,KOSPI,494
044450,KSS해운,KOSPI,9600
030200,KT,KOSPI,52600
033780,KT&G,KOSPI,141600
058850,KTcs,KOSPI,2915
058860,KTis,KOSPI,2815
093050,LF,KOSPI,18840
003550,LG,KOSPI,84000
034220,LG디스플레이,KOSPI,12520
051900,LG생활건강,KOSPI,263000
051905,LG생활건강우,KOSPI,114500
064400,LG씨엔에스,KOSPI,68500
373220,LG에너지솔루션,KOSPI,445500
003555,LG우,KOSPI,68700
032640,LG유플러스,KOSPI,15090
011070,LG이노텍,KOSPI,294500
066570,LG전자,KOSPI,96400
066575,LG전자우,KOSPI,51400
037560,LG헬로비전,KOSPI,2395
051910,LG화학,KOSPI,371500
051915,LG화학우,KOSPI,192900
079550,LIG넥스원,KOSPI,383000
006260,LS,KOSPI,195000
010120,LS ELECTRIC,KOSPI,506000
000680,LS네트웍스,KOSPI,3330
229640,LS에코에너지,KOSPI,38000
108320,LX세미콘,KOSPI,53500
001120,LX인터내셔널,KOSPI,33950
108670,LX하우시스,KOSPI,30800
108675,LX하우시스우,KOSPI,17200
383800,LX홀딩스,KOSPI,8390
38380K,LX홀딩스1우,KOSPI,8720
023150,MH에탄올,KOSPI,5010
035420,NAVER,KOSPI,244500
181710,NHN,KOSPI,30000
400760,NH올원리츠,KOSPI,3565
005940,NH투자증권,KOSPI,21300
005945,NH투자증권우,KOSPI,19610
338100,NH프라임리츠,KOSPI,4510
034310,NICE,KOSPI,13620
030190,NICE평가정보,KOSPI,17950
008260,NI스틸,KOSPI,3600
004250,NPC,KOSPI,3955
004255,NPC우,KOSPI,2490
456040,OCI,KOSPI,61500
010060,OCI홀딩스,KOSPI,103500
178920,PI첨단소재,KOSPI,16550
001340,PKC,KOSPI,6210
005490,POSCO홀딩스,KOSPI,319500
010950,S-Oil,KOSPI,81600
010955,S-Oil우,KOSPI,47500
034120,SBS,KOSPI,19740
003080,SB성보,KOSPI,2820
005090,SGC에너지,KOSPI,23800
001380,SG글로벌,KOSPI,1930
004060,SG세계물산,KOSPI,362
001770,SHD,KOSPI,17930
002360,SH에너지화학,KOSPI,394
009160,SIMPAC,KOSPI,5160
033530,SJG세종,KOSPI,9340
123700,SJM,KOSPI,3790
025530,SJM홀딩스,KOSPI,3850
034730,SK,KOSPI,267500
011790,SKC,KOSPI,108600
018670,SK가스,KOSPI,238500
001740,SK네트웍스,KOSPI,4740
006120,SK디스커버리,KOSPI,60400
006125,SK디스커버리우,KOSPI,40000
210980,SK디앤디,KOSPI,12680
395400,SK리츠,KOSPI,5680
302440,SK바이오사이언스,KOSPI,52200
326030,SK바이오팜,KOSPI,133200
402340,SK스퀘어,KOSPI,308000
361610,SK아이이테크놀로지,KOSPI,30250
100090,SK오션플랜트,KOSPI,19940
03473K,SK우,KOSPI,200000
096770,SK이노베이션,KOSPI,113900
096775,SK이노베이션우,KOSPI,77500
475150,SK이터닉스,KOSPI,22050
001510,SK증권,KOSPI,666
001515,SK증권우,KOSPI,2175
285130,SK케미칼,KOSPI,69700
28513K,SK케미칼우,KOSPI,29650
017670,SK텔레콤,KOSPI,54000
000660,SK하이닉스,KOSPI,571000
003570,SNT다이내믹스,KOSPI,49150
064960,SNT모티브,KOSPI,35300
100840,SNT에너지,KOSPI,43300
036530,SNT홀딩스,KOSPI,60000
005610,SPC삼립,KOSPI,55600
011810,STX,KOSPI,3530
465770,STX그린로지스,KOSPI,6410
077970,STX엔진,KOSPI,38450
002820,SUN&L,KOSPI,2540
084870,TBH글로벌,KOSPI,1271
002710,TCC스틸,KOSPI,16970
069260,TKG휴켐스,KOSPI,19520
007980,TP,KOSPI,1948
002900,TYM,KOSPI,6630
024070,WISCOM,KOSPI,1904
037270,YG PLUS,KOSPI,6440
139130,iM금융지주,KOSPI,14220
000500,가온전선,KOSPI,83000
000860,강남제비스코,KOSPI,12950
035250,강원랜드,KOSPI,17980
011420,갤럭시아에스엠,KOSPI,1931
002100,경농,KOSPI,9430
009450,경동나비엔,KOSPI,58600
267290,경동도시가스,KOSPI,21900
012320,경동인베스트,KOSPI,52800
000050,경방,KOSPI,11010
214390,경보제약,KOSPI,5890
012610,경인양행,KOSPI,3655
009140,경인전자,KOSPI,20850
013580,계룡건설,KOSPI,21450
012200,계양전기,KOSPI,1509
012205,계양전기우,KOSPI,3255
002140,고려산업,KOSPI,2490
010130,고려아연,KOSPI,1518000
002240,고려제강,KOSPI,20600
009290,광동제약,KOSPI,6140
017040,광명전기,KOSPI,1309
017900,광전자,KOSPI,1816
037710,광주신세계,KOSPI,32050
030610,교보증권,KOSPI,9970
339770,교촌에프앤비,KOSPI,4440
007690,국도화학,KOSPI,32400
001140,국보,KOSPI,2110
002720,국제약품,KOSPI,4455
083420,그린케미칼,KOSPI,6910
014530,극동유화,KOSPI,3450
014280,금강공업,KOSPI,7260
014285,금강공업우,KOSPI,11820
008870,금비,KOSPI,52500
001570,금양,KOSPI,9900
002990,금호건설,KOSPI,4165
002995,금호건설우,KOSPI,17610
011780,금호석유화학,KOSPI,123700
011785,금호석유화학우,KOSPI,63500
214330,금호에이치티,KOSPI,554
001210,금호전기,KOSPI,615
073240,금호타이어,KOSPI,6080
092440,기신정기,KOSPI,2295
000270,기아,KOSPI,125800
024110,기업은행,KOSPI,21150
013700,까뮤이앤씨,KOSPI,1200
004540,깨끗한나라,KOSPI,1961
004545,깨끗한나라우,KOSPI,11270
001260,남광토건,KOSPI,8690
008350,남선알미늄,KOSPI,1051
008355,남선알미우,KOSPI,12210
004270,남성,KOSPI,889
003920,남양유업,KOSPI,50200
003925,남양유업우,KOSPI,34350
025860,남해화학,KOSPI,6770
005720,넥센,KOSPI,6460
005725,넥센우,KOSPI,4785
002350,넥센타이어,KOSPI,8000
002355,넥센타이어1우B,KOSPI,3830
092790,넥스틸,KOSPI,9850
251270,넷마블,KOSPI,50200
090350,노루페인트,KOSPI,8910
090355,노루페인트우,KOSPI,13520
000320,노루홀딩스,KOSPI,22800
000325,노루홀딩스우,KOSPI,31050
006280,녹십자,KOSPI,162000
005250,녹십자홀딩스,KOSPI,16960
005257,녹십자홀딩스2우,KOSPI,27300
004370,농심,KOSPI,430000
072710,농심홀딩스,KOSPI,94400
058730,다스코,KOSPI,3470
030210,다올투자증권,KOSPI,3575
023590,다우기술,KOSPI,41300
145210,다이나믹디자인,KOSPI,906
483650,달바글로벌,KOSPI,151000
019680,대교,KOSPI,1891
019685,대교우B,KOSPI,1224
006370,대구백화점,KOSPI,6200
008060,대덕,KOSPI,11520
00806K,대덕1우,KOSPI,9520
353200,대덕전자,KOSPI,47400
35320K,대덕전자1우,KOSPI,14730
000490,대동,KOSPI,10160
008110,대동전자,KOSPI,15040
005750,대림바스,KOSPI,5150
006570,대림통상,KOSPI,2240
001680,대상,KOSPI,21500
001685,대상우,KOSPI,16970
084690,대상홀딩스,KOSPI,9660
084695,대상홀딩스우,KOSPI,14260
128820,대성산업,KOSPI,8100
117580,대성에너지,KOSPI,8200
016710,대성홀딩스,KOSPI,9040
0030R0,대신밸류리츠,KOSPI,4580
003540,대신증권,KOSPI,28450
003547,대신증권2우B,KOSPI,20350
003545,대신증권우,KOSPI,21250
009190,대양금속,KOSPI,1335
014160,대영포장,KOSPI,1110
047040,대우건설,KOSPI,3890
003090,대웅,KOSPI,24150
069620,대웅제약,KOSPI,184700
000430,대원강업,KOSPI,4000
006340,대원전선,KOSPI,4160
006345,대원전선우,KOSPI,3865
003220,대원제약,KOSPI,12410
024890,대원화성,KOSPI,706
002880,대유에이텍,KOSPI,1185
012800,대창,KOSPI,1228
015230,대창단조,KOSPI,6720
001070,대한방직,KOSPI,6770
006650,대한유화,KOSPI,151300
001440,대한전선,KOSPI,24000
084010,대한제강,KOSPI,17670
001790,대한제당,KOSPI,2920
001795,대한제당우,KOSPI,2515
001130,대한제분,KOSPI,152900
439260,대한조선,KOSPI,76900
003490,대한항공,KOSPI,22600
003495,대한항공우,KOSPI,24650
005880,대한해운,KOSPI,1897
003830,대한화섬,KOSPI,122500
016090,대현,KOSPI,1776
069460,대호에이엘,KOSPI,1483
475560,더본코리아,KOSPI,25700
192080,더블유게임즈,KOSPI,54400
012510,더존비즈온,KOSPI,88400
004830,덕성,KOSPI,5060
004835,덕성우,KOSPI,7370
145720,덴티움,KOSPI,49150
002150,도화엔지니어링,KOSPI,6460
460850,동국씨엠,KOSPI,5500
460860,동국제강,KOSPI,8730
001230,동국홀딩스,KOSPI,7730
023450,동남합성,KOSPI,31500
004140,동방,KOSPI,2815
007590,동방아그로,KOSPI,6140
005960,동부건설,KOSPI,5940
005965,동부건설우,KOSPI,19370
026960,동서,KOSPI,28300
002210,동성제약,KOSPI,973
102260,동성케미컬,KOSPI,4620
000640,동아쏘시오홀딩스,KOSPI,122200
170900,동아에스티,KOSPI,57400
028100,동아지질,KOSPI,18410
001520,동양,KOSPI,847
001527,동양2우B,KOSPI,8730
084670,동양고속,KOSPI,60900
082640,동양생명,KOSPI,6700
001525,동양우,KOSPI,4875
018500,동원금속,KOSPI,1355
006040,동원산업,KOSPI,43400
030720,동원수산,KOSPI,6100
014820,동원시스템즈,KOSPI,28050
014825,동원시스템즈우,KOSPI,18010
111380,동인기연,KOSPI,14030
163560,동일고무벨트,KOSPI,6840
004890,동일산업,KOSPI,39700
002690,동일제강,KOSPI,1638
000020,동화약품,KOSPI,6380
000150,두산,KOSPI,872000
000157,두산2우B,KOSPI,456000
454910,두산로보틱스,KOSPI,84000
241560,두산밥캣,KOSPI,62300
034020,두산에너빌리티,KOSPI,79700
000155,두산우,KOSPI,526000
336260,두산퓨얼셀,KOSPI,32100
33626K,두산퓨얼셀1우,KOSPI,7690
33626L,두산퓨얼셀2우B,KOSPI,11330
016740,두올,KOSPI,3865
192650,드림텍,KOSPI,7230
024090,디씨엠,KOSPI,12670
003160,디아이,KOSPI,21250
092200,디아이씨,KOSPI,12050
377190,디앤디플랫폼리츠,KOSPI,3580
013570,디와이,KOSPI,4480
024900,디와이덕양,KOSPI,2230
210540,디와이파워,KOSPI,13790
032350,롯데관광개발,KOSPI,23400
089860,롯데렌탈,KOSPI,31950
330590,롯데리츠,KOSPI,4070
000400,롯데손해보험,KOSPI,1810
023530,롯데쇼핑,KOSPI,75400
020150,롯데에너지머티리얼즈,KOSPI,36000
280360,롯데웰푸드,KOSPI,122500
286940,롯데이노베이트,KOSPI,19950
004000,롯데정밀화학,KOSPI,47450
004990,롯데지주,KOSPI,28450
00499K,롯데지주우,KOSPI,28900
005300,롯데칠성,KOSPI,140400
005305,롯데칠성우,KOSPI,76000
011170,롯데케미칼,KOSPI,74400
071840,롯데하이마트,KOSPI,7820
027740,마니커,KOSPI,793
357430,마스턴프리미어리츠,KOSPI,1613
001080,만호제강,KOSPI,44250
088980,맥쿼리인프라,KOSPI,11710
094800,맵스리얼티,KOSPI,5170
138040,메리츠금융지주,KOSPI,111000
090370,메타랩스,KOSPI,1477
118000,메타케어,KOSPI,307
017180,명문제약,KOSPI,1856
009900,명신산업,KOSPI,9190
317450,명인제약,KOSPI,77200
012690,모나리자,KOSPI,2215
005360,모나미,KOSPI,2025
070960,모나용평,KOSPI,3430
009680,모토닉,KOSPI,11450
009580,무림P&P,KOSPI,2600
009200,무림페이퍼,KOSPI,2045
033920,무학,KOSPI,8580
008420,문배철강,KOSPI,2120
025560,미래산업,KOSPI,12910
007120,미래아이앤지,KOSPI,821
396690,미래에셋글로벌리츠,KOSPI,2680
357250,미래에셋맵스리츠,KOSPI,2685
085620,미래에셋생명,KOSPI,8920
006800,미래에셋증권,KOSPI,22200
00680K,미래에셋증권2우B,KOSPI,10110
006805,미래에셋증권우,KOSPI,11100
081660,미스토홀딩스,KOSPI,42950
002840,미원상사,KOSPI,154600
268280,미원에스씨,KOSPI,140100
107590,미원홀딩스,KOSPI,67800
134380,미원화학,KOSPI,94100
003650,미창석유,KOSPI,113300
377740,바이오노트,KOSPI,5610
003610,방림,KOSPI,5880
035150,백산,KOSPI,13310
002410,범양건영,KOSPI,1935
007210,벽산,KOSPI,1787
002760,보락,KOSPI,1045
003850,보령,KOSPI,9190
000890,보해양조,KOSPI,433
003000,부광약품,KOSPI,3955
001270,부국증권,KOSPI,60400
001275,부국증권우,KOSPI,31000
026940,부국철강,KOSPI,2070
011390,부산산업,KOSPI,78900
005030,부산주공,KOSPI,486
006740,블루산업개발,KOSPI,860
002070,비비안,KOSPI,654
100220,비상교육,KOSPI,5070
090460,비에이치,KOSPI,18740
005180,빙그레,KOSPI,74800
003960,사조대림,KOSPI,38250
008040,사조동아원,KOSPI,1140
007160,사조산업,KOSPI,60800
014710,사조씨푸드,KOSPI,8620
006090,사조오양,KOSPI,9480
062040,산일전기,KOSPI,153000
001470,삼부토건,KOSPI,347
028050,삼성E&A,KOSPI,25400
448730,삼성FN리츠,KOSPI,4595
006400,삼성SDI,KOSPI,308000
006405,삼성SDI우,KOSPI,185500
006660,삼성공조,KOSPI,15010
028260,삼성물산,KOSPI,255000
02826K,삼성물산우B,KOSPI,154500
207940,삼성바이오로직스,KOSPI,1692000
032830,삼성생명,KOSPI,155500
018260,삼성에스디에스,KOSPI,175700
0126Z0,삼성에피스홀딩스,KOSPI,661000
009150,삼성전기,KOSPI,272000
009155,삼성전기우,KOSPI,129400
005930,삼성전자,KOSPI,108900
005935,삼성전자우,KOSPI,82700
001360,삼성제약,KOSPI,1852
010140,삼성중공업,KOSPI,26300
016360,삼성증권,KOSPI,80100
068290,삼성출판사,KOSPI,11780
029780,삼성카드,KOSPI,57300
000810,삼성화재,KOSPI,489500
000815,삼성화재우,KOSPI,377500
006110,삼아알미늄,KOSPI,25750
0120G0,삼양바이오팜,KOSPI,70300
145990,삼양사,KOSPI,52000
145995,삼양사우,KOSPI,38400
003230,삼양식품,KOSPI,1273000
002170,삼양통상,KOSPI,55400
272550,삼양패키징,KOSPI,14190
000070,삼양홀딩스,KOSPI,61500
003720,삼영,KOSPI,6950
002810,삼영무역,KOSPI,16390
005680,삼영전자,KOSPI,10810
023000,삼원강재,KOSPI,2475
004380,삼익THK,KOSPI,9960
002450,삼익악기,KOSPI,1246
004440,삼일씨엔에스,KOSPI,4625
000520,삼일제약,KOSPI,10130
009770,삼정펄프,KOSPI,31750
005500,삼진제약,KOSPI,20550
004690,삼천리,KOSPI,133300
010960,삼호개발,KOSPI,3660
004450,삼화왕관,KOSPI,31300
009470,삼화전기,KOSPI,30100
011230,삼화전자,KOSPI,2805
001820,삼화콘덴서,KOSPI,33400
000390,삼화페인트,KOSPI,5950
001290,상상인증권,KOSPI,663
041650,상신브레이크,KOSPI,2780
075180,새론오토모티브,KOSPI,3410
007540,샘표,KOSPI,50000
248170,샘표식품,KOSPI,29000
007860,서연,KOSPI,10130
200880,서연이화,KOSPI,12970
017390,서울가스,KOSPI,66700
031210,서울보증보험,KOSPI,50700
004410,서울식품,KOSPI,153
004415,서울식품우,KOSPI,1224
021050,서원,KOSPI,1087
008490,서흥,KOSPI,22100
007610,선도전기,KOSPI,3000
136490,선진,KOSPI,10010
014910,성문전자,KOSPI,1132
014915,성문전자우,KOSPI,4290
004980,성신양회,KOSPI,10350
004985,성신양회우,KOSPI,11870
011300,성안머티리얼스,KOSPI,372
000180,성창기업지주,KOSPI,1588
002420,세기상사,KOSPI,6020
004360,세방,KOSPI,15500
004365,세방우,KOSPI,9440
004490,세방전지,KOSPI,67400
001430,세아베스틸지주,KOSPI,44750
306200,세아제강,KOSPI,122400
003030,세아제강지주,KOSPI,146200
019440,세아특수강,KOSPI,16370
058650,세아홀딩스,KOSPI,129900
013000,세우글로벌,KOSPI,1177
021820,세원정공,KOSPI,11820
067830,세이브존I&C,KOSPI,3625
075580,세진중공업,KOSPI,18300
068270,셀트리온,KOSPI,186800
336370,솔루스첨단소재,KOSPI,8110
33637K,솔루스첨단소재1우,KOSPI,2125
33637L,솔루스첨단소재2우B,KOSPI,3660
248070,솔루엠,KOSPI,17120
004430,송원산업,KOSPI,9100
017550,수산세보틱스,KOSPI,1843
126720,수산인더스트리,KOSPI,22250
053210,스카이라이프,KOSPI,5400
204210,스타에스엠리츠,KOSPI,2035
026890,스틱인베스트먼트,KOSPI,10890
134790,시디즈,KOSPI,21850
462870,시프트업,KOSPI,39050
016590,신대양제지,KOSPI,14000
029530,신도리코,KOSPI,53300
004970,신라교역,KOSPI,9340
011930,신성이엔지,KOSPI,1623
004170,신세계,KOSPI,257000
035510,신세계 I&C,KOSPI,15900
031430,신세계인터내셔날,KOSPI,10910
031440,신세계푸드,KOSPI,40100
006880,신송홀딩스,KOSPI,7080
005800,신영와코루,KOSPI,17290
001720,신영증권,KOSPI,145700
009270,신원,KOSPI,1519
002700,신일전자,KOSPI,1336
002870,신풍,KOSPI,1146
019170,신풍제약,KOSPI,14420
019175,신풍제약우,KOSPI,24850
481850,신한글로벌액티브리츠,KOSPI,1308
404990,신한서부티엔디리츠,KOSPI,3575
293940,신한알파리츠,KOSPI,5640
055550,신한지주,KOSPI,77700
004080,신흥,KOSPI,13840
004770,써니전자,KOSPI,1569
403550,쏘카,KOSPI,11800
004920,씨아이테크,KOSPI,1124
112610,씨에스윈드,KOSPI,46000
480370,씨케이솔루션,KOSPI,8890
308170,씨티알모빌리티,KOSPI,4475
008700,아남전자,KOSPI,1255
090430,아모레퍼시픽,KOSPI,121800
090435,아모레퍼시픽우,KOSPI,44900
002790,아모레퍼시픽홀딩스,KOSPI,27400
00279K,아모레퍼시픽홀딩스3우C,KOSPI,21250
002795,아모레퍼시픽홀딩스우,KOSPI,12050
002030,아세아,KOSPI,358500
183190,아세아시멘트,KOSPI,12750
002310,아세아제지,KOSPI,8030
012170,아센디오,KOSPI,1792
267850,아시아나IDT,KOSPI,11620
020560,아시아나항공,KOSPI,8240
122900,아이마켓코리아,KOSPI,7980
010780,아이에스동서,KOSPI,22600
031820,아이티센씨티에스,KOSPI,586
139990,아주스틸,KOSPI,3455
009320,아진전자부품,KOSPI,938
001780,알루코,KOSPI,2000
018250,애경산업,KOSPI,13630
161000,애경케미칼,KOSPI,11180
011090,에넥스,KOSPI,635
137310,에스디바이오센서,KOSPI,9260
005850,에스엘,KOSPI,44050
010580,에스엠벡셀,KOSPI,2025
012750,에스원,KOSPI,77500
023960,에쓰씨엔지니어링,KOSPI,1260
298690,에어부산,KOSPI,1876
140910,에이리츠,KOSPI,3130
078520,에이블씨엔씨,KOSPI,9130
015260,에이엔피,KOSPI,459
007460,에이프로젠,KOSPI,786
003060,에이프로젠바이오로직스,KOSPI,613
244920,에이플러스에셋,KOSPI,8860
278470,에이피알,KOSPI,247500
450080,에코프로머티,KOSPI,62300
019490,엑시큐어하이트론,KOSPI,541
036570,엔씨소프트,KOSPI,195000
085310,엔케이,KOSPI,1302
900140,엘브이엠씨홀딩스,KOSPI,1601
066970,엘앤에프,KOSPI,128400
097520,엠씨넥스,KOSPI,28150
484870,엠앤씨솔루션,KOSPI,133100
014440,영보화학,KOSPI,5050
111770,영원무역,KOSPI,90000
009970,영원무역홀딩스,KOSPI,198500
003520,영진약품,KOSPI,1996
000670,영풍,KOSPI,69000
012280,영화금속,KOSPI,952
012160,영흥,KOSPI,548
007310,오뚜기,KOSPI,391000
002630,오리엔트바이오,KOSPI,635
271560,오리온,KOSPI,103800
001800,오리온홀딩스,KOSPI,21500
005320,온타이드,KOSPI,477
011690,와이투솔루션,KOSPI,3875
316140,우리금융지주,KOSPI,27650
006980,우성,KOSPI,16830
017370,우신시스템,KOSPI,6560
105840,우진,KOSPI,21650
010400,우진아이엔에스,KOSPI,3820
049800,우진플라임,KOSPI,1929
016880,웅진,KOSPI,2380
095720,웅진씽크빅,KOSPI,1355
005820,원림,KOSPI,14980
010600,웰바이오텍,KOSPI,545
008600,윌비스,KOSPI,341
033270,유나이티드제약,KOSPI,19780
014830,유니드,KOSPI,68400
446070,유니드비티플러스,KOSPI,3450
000910,유니온,KOSPI,4355
047400,유니온머티리얼,KOSPI,1410
011330,유니켐,KOSPI,1260
077500,유니퀘스트,KOSPI,6380
002920,유성기업,KOSPI,2210
000700,유수홀딩스,KOSPI,6220
003470,유안타증권,KOSPI,3840
003475,유안타증권우,KOSPI,3865
072130,유엔젤,KOSPI,4955
000220,유유제약,KOSPI,4300
000225,유유제약1우,KOSPI,4865
000227,유유제약2우B,KOSPI,11110
001200,유진투자증권,KOSPI,3440
000100,유한양행,KOSPI,117000
000105,유한양행우,KOSPI,104500
003460,유화증권,KOSPI,2915
003465,유화증권우,KOSPI,2795
008730,율촌화학,KOSPI,30100
008250,이건산업,KOSPI,4760
025820,이구산업,KOSPI,5230
214320,이노션,KOSPI,18970
088260,이리츠코크렙,KOSPI,4825
139480,이마트,KOSPI,82200
457190,이수스페셜티케미컬,KOSPI,62900
007660,이수페타시스,KOSPI,135100
005950,이수화학,KOSPI,9890
015020,이스타코,KOSPI,590
074610,이엔플러스,KOSPI,511
102460,이연제약,KOSPI,11490
084680,이월드,KOSPI,1335
350520,이지스레지던스리츠,KOSPI,3980
334890,이지스밸류플러스리츠,KOSPI,4265
000760,이화산업,KOSPI,17010
014990,인디에프,KOSPI,905
101140,인바이오젠,KOSPI,10900
006490,인스코비,KOSPI,692
023800,인지컨트롤스,KOSPI,6440
034590,인천도시가스,KOSPI,26600
129260,인터지스,KOSPI,2600
023810,인팩,KOSPI,6520
249420,일동제약,KOSPI,44300
000230,일동홀딩스,KOSPI,15810
013360,일성건설,KOSPI,2590
003120,일성아이에스,KOSPI,23000
003200,일신방직,KOSPI,14100
007110,일신석재,KOSPI,1706
007570,일양약품,KOSPI,13050
007575,일양약품우,KOSPI,12980
008500,일정실업,KOSPI,18550
081000,일진다이아,KOSPI,12770
020760,일진디스플,KOSPI,902
103590,일진전기,KOSPI,60400
271940,일진하이솔루스,KOSPI,15020
015860,일진홀딩스,KOSPI,7550
226320,잇츠한불,KOSPI,11720
317400,자이에스앤디,KOSPI,4345
033240,자화전자,KOSPI,24600
000950,전방,KOSPI,43200
079900,전진건설로봇,KOSPI,50800
348950,제이알글로벌리츠,KOSPI,2980
194370,제이에스코퍼레이션,KOSPI,13700
030000,제일기획,KOSPI,23050
271980,제일약품,KOSPI,16040
001560,제일연마,KOSPI,9700
002620,제일파마홀딩스,KOSPI,8380
006220,제주은행,KOSPI,12200
089590,제주항공,KOSPI,5480
004910,조광페인트,KOSPI,5040
004700,조광피혁,KOSPI,70600
001550,조비,KOSPI,11490
462520,조선내화,KOSPI,14470
120030,조선선재,KOSPI,100900
018470,조일알미늄,KOSPI,1271
002600,조흥,KOSPI,155300
185750,종근당,KOSPI,87900
063160,종근당바이오,KOSPI,21250
001630,종근당홀딩스,KOSPI,49600
109070,주성코퍼레이션,KOSPI,834
044380,주연테크,KOSPI,442
013890,지누스,KOSPI,12030
013870,지엠비코리아,KOSPI,4025
071320,지역난방공사,KOSPI,108400
088790,진도,KOSPI,2010
003780,진양산업,KOSPI,7130
010640,진양폴리,KOSPI,3975
100250,진양홀딩스,KOSPI,3345
051630,진양화학,KOSPI,3005
272450,진에어,KOSPI,7050
011000,진원생명과학,KOSPI,2050
002780,진흥기업,KOSPI,729
002787,진흥기업2우B,KOSPI,8170
002785,진흥기업우B,KOSPI,3650
025620,차AI헬스케어,KOSPI,12650
009310,참엔지니어링,KOSPI,1130
000650,천일고속,KOSPI,412000
033250,체시스,KOSPI,1046
035720,카카오,KOSPI,59800
323410,카카오뱅크,KOSPI,21900
377300,카카오페이,KOSPI,47400
006380,카프로,KOSPI,3660
001620,케이비아이동국실업,KOSPI,494
029460,케이씨,KOSPI,24550
281820,케이씨텍,KOSPI,36700
381970,케이카,KOSPI,16770
145270,케이탑리츠,KOSPI,962
417310,코람코더원리츠,KOSPI,8000
357120,코람코라이프인프라리츠,KOSPI,4375
007815,코리아써우,KOSPI,11830
007810,코리아써키트,KOSPI,37250
00781K,코리아써키트2우B,KOSPI,9380
003690,코리안리,KOSPI,11720
192820,코스맥스,KOSPI,163600
044820,코스맥스비티아이,KOSPI,13910
005070,코스모신소재,KOSPI,52300
005420,코스모화학,KOSPI,17360
071950,코아스,KOSPI,3930
002020,코오롱,KOSPI,55700
138490,코오롱ENP,KOSPI,8500
003070,코오롱글로벌,KOSPI,9640
003075,코오롱글로벌우,KOSPI,15650
450140,코오롱모빌리티그룹,KOSPI,7290
45014K,코오롱모빌리티그룹우,KOSPI,12200
002025,코오롱우,KOSPI,28100
120110,코오롱인더,KOSPI,46400
120115,코오롱인더우,KOSPI,25450
021240,코웨이,KOSPI,86200
036420,콘텐트리중앙,KOSPI,9910
024720,콜마홀딩스,KOSPI,10170
192400,쿠쿠홀딩스,KOSPI,30900
284740,쿠쿠홈시스,KOSPI,25650
264900,크라운제과,KOSPI,9000
26490K,크라운제과우,KOSPI,9770
005740,크라운해태홀딩스,KOSPI,7130
005745,크라운해태홀딩스우,KOSPI,8160
259960,크래프톤,KOSPI,249000
020120,키다리스튜디오,KOSPI,3520
039490,키움증권,KOSPI,286500
014580,태경비케이,KOSPI,4975
015890,태경산업,KOSPI,5260
006890,태경케미컬,KOSPI,8420
003240,태광산업,KOSPI,841000
011280,태림포장,KOSPI,1969
004100,태양금속,KOSPI,2590
004105,태양금속우,KOSPI,3700
009410,태영건설,KOSPI,1790
009415,태영건설우,KOSPI,6990
001420,태원물산,KOSPI,3360
055490,테이팩스,KOSPI,15720
078000,텔코웨어,KOSPI,15610
214420,토니모리,KOSPI,8690
019180,티에이치엔,KOSPI,7500
363280,티와이홀딩스,KOSPI,2845
36328K,티와이홀딩스우,KOSPI,4710
091810,티웨이항공,KOSPI,1533
004870,티웨이홀딩스,KOSPI,470
034230,파라다이스,KOSPI,18090
005690,파미셀,KOSPI,16270
036580,팜스코,KOSPI,2525
004720,팜젠사이언스,KOSPI,4205
028670,팬오션,KOSPI,4055
010820,퍼스텍,KOSPI,3955
016800,퍼시스,KOSPI,48000
001020,페이퍼코리아,KOSPI,626
090080,평화산업,KOSPI,943
010770,평화홀딩스,KOSPI,3985
022100,포스코DX,KOSPI,27700
058430,포스코스틸리온,KOSPI,39500
047050,포스코인터내셔널,KOSPI,53900
003670,포스코퓨처엠,KOSPI,221500
017810,풀무원,KOSPI,13170
103140,풍산,KOSPI,103300
005810,풍산홀딩스,KOSPI,38100
950210,프레스티지바이오파마,KOSPI,12920
009810,플레이그램,KOSPI,264
086790,하나금융지주,KOSPI,92700
293480,하나제약,KOSPI,11680
039130,하나투어,KOSPI,49100
352820,하이브,KOSPI,299500
071090,하이스틸,KOSPI,3765
000080,하이트진로,KOSPI,18940
000087,하이트진로2우B,KOSPI,15430
000140,하이트진로홀딩스,KOSPI,10240
000145,하이트진로홀딩스우,KOSPI,12500
152550,한국ANKOR유전,KOSPI,218
036460,한국가스공사,KOSPI,42000
005430,한국공항,KOSPI,61400
071050,한국금융지주,KOSPI,167400
071055,한국금융지주우,KOSPI,129000
010040,한국내화,KOSPI,2090
025540,한국단자,KOSPI,69900
010100,한국무브넥스,KOSPI,4445
004090,한국석유,KOSPI,14050
002200,한국수출포장,KOSPI,3200
002960,한국쉘석유,KOSPI,455000
000240,한국앤컴퍼니,KOSPI,26300
123890,한국자산신탁,KOSPI,2545
015760,한국전력,KOSPI,49750
006200,한국전자홀딩스,KOSPI,670
027970,한국제지,KOSPI,738
023350,한국종합기술,KOSPI,4980
025890,한국주강,KOSPI,1744
000970,한국주철관,KOSPI,7400
104700,한국철강,KOSPI,9990
017960,한국카본,KOSPI,30150
161890,한국콜마,KOSPI,64200
161390,한국타이어앤테크놀로지,KOSPI,61500
034830,한국토지신탁,KOSPI,1348
007280,한국특강,KOSPI,1497
047810,한국항공우주,KOSPI,115100
123690,한국화장품,KOSPI,9840
003350,한국화장품제조,KOSPI,49850
011500,한농화성,KOSPI,16000
002390,한독,KOSPI,11470
053690,한미글로벌,KOSPI,18610
042700,한미반도체,KOSPI,120200
008930,한미사이언스,KOSPI,38050
128940,한미약품,KOSPI,445500
009240,한샘,KOSPI,46700
020000,한섬,KOSPI,15850
003680,한성기업,KOSPI,5930
105630,한세실업,KOSPI,13170
069640,한세엠케이,KOSPI,651
016450,한세예스24홀딩스,KOSPI,4320
009180,한솔로지스틱스,KOSPI,2915
213500,한솔제지,KOSPI,8490
014680,한솔케미칼,KOSPI,230000
004710,한솔테크닉스,KOSPI,6020
004150,한솔홀딩스,KOSPI,3205
025750,한솔홈데코,KOSPI,638
004960,한신공영,KOSPI,11950
011700,한신기계,KOSPI,3220
001750,한양증권,KOSPI,19870
001755,한양증권우,KOSPI,18980
018880,한온시스템,KOSPI,3605
009420,한올바이오파마,KOSPI,42550
014130,한익스프레스,KOSPI,3200
300720,한일시멘트,KOSPI,20350
002220,한일철강,KOSPI,4770
003300,한일홀딩스,KOSPI,17570
051600,한전KPS,KOSPI,54600
052690,한전기술,KOSPI,103900
130660,한전산업,KOSPI,11360
002320,한진,KOSPI,20650
003480,한진중공업홀딩스,KOSPI,4950
180640,한진칼,KOSPI,133600
18064K,한진칼우,KOSPI,39450
005110,한창,KOSPI,1254
009460,한창제지,KOSPI,534
372910,한컴라이프케어,KOSPI,3100
000880,한화,KOSPI,84800
00088K,한화3우B,KOSPI,38700
452260,한화갤러리아,KOSPI,1087
45226K,한화갤러리아우,KOSPI,2100
451800,한화리츠,KOSPI,4160
489790,한화비전,KOSPI,38350
088350,한화생명,KOSPI,3105
000370,한화손해보험,KOSPI,5370
009830,한화솔루션,KOSPI,28150
009835,한화솔루션우,KOSPI,21500
272210,한화시스템,KOSPI,53100
012450,한화에어로스페이스,KOSPI,961000
082740,한화엔진,KOSPI,46150
042660,한화오션,KOSPI,114100
003530,한화투자증권,KOSPI,4790
003535,한화투자증권우,KOSPI,7860
195870,해성디에스,KOSPI,52700
101530,해태제과식품,KOSPI,6980
143210,핸즈코퍼레이션,KOSPI,1381
000720,현대건설,KOSPI,78000
000725,현대건설우,KOSPI,58900
453340,현대그린푸드,KOSPI,16190
086280,현대글로비스,KOSPI,182300
064350,현대로템,KOSPI,186400
079430,현대리바트,KOSPI,6410
012330,현대모비스,KOSPI,377500
069960,현대백화점,KOSPI,95000
004560,현대비앤지스틸,KOSPI,11300
004310,현대약품,KOSPI,6090
017800,현대엘리베이터,KOSPI,93500
307950,현대오토에버,KOSPI,294000
011210,현대위아,KOSPI,66500
004020,현대제철,KOSPI,31650
005440,현대지에프홀딩스,KOSPI,8630
005380,현대차,KOSPI,301500
005387,현대차2우B,KOSPI,210500
005389,현대차3우B,KOSPI,205000
005385,현대차우,KOSPI,207500
001500,현대차증권,KOSPI,8260
011760,현대코퍼레이션,KOSPI,22700
227840,현대코퍼레이션홀딩스,KOSPI,12540
126560,현대퓨처넷,KOSPI,3220
001450,현대해상,KOSPI,29450
057050,현대홈쇼핑,KOSPI,55800
093240,형지엘리트,KOSPI,1366
003010,혜인,KOSPI,5590
111110,호전실업,KOSPI,8480
008770,호텔신라,KOSPI,45950
008775,호텔신라우,KOSPI,38250
378850,화승알앤에이,KOSPI,3390
241590,화승엔터프라이즈,KOSPI,4945
006060,화승인더,KOSPI,3780
013520,화승코퍼레이션,KOSPI,2260
010690,화신,KOSPI,8940
133820,화인베스틸,KOSPI,1754
010660,화천기계,KOSPI,5360
000850,화천기공,KOSPI,37650
016580,환인제약,KOSPI,11620
032560,황금에스티,KOSPI,6000
004800,효성,KOSPI,131800
094280,효성ITX,KOSPI,13000
298040,효성중공업,KOSPI,1962000
298020,효성티앤씨,KOSPI,231000
298000,효성화학,KOSPI,38900
093370,후성,KOSPI,8050
005870,휴니드,KOSPI,7810
079980,휴비스,KOSPI,2725
005010,휴스틸,KOSPI,4110
000540,흥국화재,KOSPI,3635
000545,흥국화재우,KOSPI,7450
003280,흥아해운,KOSPI,1631
060310,3S,KOSDAQ,1641
054620,APS,KOSDAQ,4185
265520,AP시스템,KOSDAQ,19970
211270,AP위성,KOSDAQ,11350
139050,BF랩스,KOSDAQ,2805
126600,BGF에코머티리얼즈,KOSDAQ,3650
083790,CG인바이츠,KOSDAQ,1590
035760,CJ ENM,KOSDAQ,61600
311690,CJ 바이오사이언스,KOSDAQ,9200
051500,CJ프레시웨이,KOSDAQ,27400
058820,CMG제약,KOSDAQ,1985
056730,CNT85,KOSDAQ,645
065770,CS,KOSDAQ,809
083660,CSA 코스믹,KOSDAQ,576
477760,DB금융스팩12호,KOSDAQ,2105
099520,DGI,KOSDAQ,1284
290120,DH오토리드,KOSDAQ,2405
025440,DH오토웨어,KOSDAQ,720
068790,DMS,KOSDAQ,6330
241520,DSC인베스트먼트,KOSDAQ,7320
180400,DXVX,KOSDAQ,1775
418620,E8,KOSDAQ,1680
245620,EDGC,KOSDAQ,415
037370,EG,KOSDAQ,5670
050120,ES큐브,KOSDAQ,3025
214270,FSN,KOSDAQ,1907
130500,GH신소재,KOSDAQ,2510
900290,GRT,KOSDAQ,3150
083450,GST,KOSDAQ,25200
297890,HB솔루션,KOSDAQ,2105
440290,HB인베스트먼트,KOSDAQ,2255
078150,HB테크놀러지,KOSDAQ,1922
225530,HC보광산업,KOSDAQ,2885
060560,HC홈센타,KOSDAQ,718
195940,HK이노엔,KOSDAQ,51600
028300,HLB,KOSDAQ,48100
278650,HLB바이오스텝,KOSDAQ,1555
067630,HLB생명과학,KOSDAQ,3940
024850,HLB이노베이션,KOSDAQ,1991
187420,HLB제넥스,KOSDAQ,2820
047920,HLB제약,KOSDAQ,15700
115450,HLB테라퓨틱스,KOSDAQ,3070
046210,HLB파나진,KOSDAQ,1720
196300,HLB펩,KOSDAQ,7160
403870,HPSP,KOSDAQ,29450
036640,HRS,KOSDAQ,5530
448760,IBKS제22호스팩,KOSDAQ,5570
467930,IBKS제23호스팩,KOSDAQ,2225
469480,IBKS제24호스팩,KOSDAQ,2230
095340,ISC,KOSDAQ,106400
950170,JTC,KOSDAQ,3850
067290,JW신약,KOSDAQ,1500
035900,JYP Ent.,KOSDAQ,68200
318000,KBG,KOSDAQ,4640
024840,KBI메탈,KOSDAQ,1755
024120,KB오토시스,KOSDAQ,3575
455250,KB제25호스팩,KOSDAQ,2105
464680,KB제27호스팩,KOSDAQ,2070
478390,KB제29호스팩,KOSDAQ,2055
486630,KB제30호스팩,KOSDAQ,2050
492220,KB제31호스팩,KOSDAQ,2000
0037T0,KB제32호스팩,KOSDAQ,1998
0072Z0,KB제33호스팩,KOSDAQ,1993
021320,KCC건설,KOSDAQ,5810
044180,KD,KOSDAQ,624
046440,KG모빌리언스,KOSDAQ,4910
151860,KG에코솔루션,KOSDAQ,6170
035600,KG이니시스,KOSDAQ,10800
226360,KH 건설,KOSDAQ,2555
111870,KH 미래물산,KOSDAQ,8910
060720,KH바텍,KOSDAQ,11750
058400,KNN,KOSDAQ,709
101000,KS인더스트리,KOSDAQ,845
089600,KT나스미디어,KOSDAQ,13280
418470,KT밀리의서재,KOSDAQ,14080
043610,KT지니뮤직,KOSDAQ,1920
122450,KX,KOSDAQ,3870
052900,KX하이텍,KOSDAQ,923
036560,KZ정밀,KOSDAQ,14770
061970,LB세미콘,KOSDAQ,4165
309960,LB인베스트먼트,KOSDAQ,5630
225190,LK삼양,KOSDAQ,1245
060370,LS마린솔루션,KOSDAQ,36500
417200,LS머트리얼즈,KOSDAQ,13130
078020,LS증권,KOSDAQ,4935
322180,LS티라유텍,KOSDAQ,7590
476080,M83,KOSDAQ,10090
086960,MDS테크,KOSDAQ,1370
160550,NEW,KOSDAQ,2055
053290,NE능률,KOSDAQ,1854
060250,NHN KCP,KOSDAQ,15650
104200,NHN벅스,KOSDAQ,2950
063570,NICE인프라,KOSDAQ,4315
222160,NPX,KOSDAQ,8040
024940,PN풍년,KOSDAQ,5840
332570,PS일렉트로닉스,KOSDAQ,5120
218410,RFHIC,KOSDAQ,32400
327260,RF머트리얼즈,KOSDAQ,20800
474610,RF시스템즈,KOSDAQ,4255
091340,S&K폴리텍,KOSDAQ,2335
419530,SAMG엔터,KOSDAQ,39300
019550,SBI인베스트먼트,KOSDAQ,694
246960,SCL사이언스,KOSDAQ,2510
099220,SDN,KOSDAQ,1146
036540,SFA반도체,KOSDAQ,4140
255220,SG,KOSDAQ,2740
040610,SG&G,KOSDAQ,1905
184230,SGA솔루션즈,KOSDAQ,686
016250,SGC E&C,KOSDAQ,15190
357880,SKAI,KOSDAQ,1876
048550,SM C&C,KOSDAQ,1264
063440,SM Life Design,KOSDAQ,1873
067160,SOOP,KOSDAQ,69800
289080,SV인베스트먼트,KOSDAQ,1682
013720,THE CUBE&,KOSDAQ,698
089230,THE E&M,KOSDAQ,1007
032540,TJ미디어,KOSDAQ,5510
048770,TPC,KOSDAQ,2795
246690,TS인베스트먼트,KOSDAQ,1350
317240,TS트릴리온,KOSDAQ,243
057030,YBM넷,KOSDAQ,3100
040300,YTN,KOSDAQ,3855
051390,YW,KOSDAQ,3980
052220,iMBC,KOSDAQ,3135
079940,가비아,KOSDAQ,31500
078890,가온그룹,KOSDAQ,4795
399720,가온칩스,KOSDAQ,48950
036620,감성코퍼레이션,KOSDAQ,6290
198440,강동씨앤엘,KOSDAQ,1145
217730,강스템바이오텍,KOSDAQ,1690
114190,강원에너지,KOSDAQ,16380
094480,갤럭시아머니트리,KOSDAQ,9810
039240,경남스틸,KOSDAQ,2830
053950,경남제약,KOSDAQ,717
011040,경동제약,KOSDAQ,6090
024910,경창산업,KOSDAQ,1506
049720,고려신용정보,KOSDAQ,11010
014570,고려제약,KOSDAQ,4370
348150,고바이오랩,KOSDAQ,6480
950190,고스트스튜디오,KOSDAQ,9090
098460,고영,KOSDAQ,26550
035290,골드앤에스,KOSDAQ,365
215000,골프존,KOSDAQ,60700
121440,골프존홀딩스,KOSDAQ,5500
366030,공구우먼,KOSDAQ,6280
029480,광무,KOSDAQ,2095
026910,광진실업,KOSDAQ,2570
456490,교보14호스팩,KOSDAQ,2105
465320,교보15호스팩,KOSDAQ,2335
482520,교보16호스팩,KOSDAQ,2095
489210,교보17호스팩,KOSDAQ,2115
0041B0,교보18호스팩,KOSDAQ,2050
0098T0,교보19호스팩,KOSDAQ,2030
053270,구영테크,KOSDAQ,2155
066620,국보디자인,KOSDAQ,22750
043650,국순당,KOSDAQ,4185
006050,국영지앤엠,KOSDAQ,1274
060480,국일신동,KOSDAQ,1598
078130,국일제지,KOSDAQ,342
307750,국전약품,KOSDAQ,3620
035080,그래디언트,KOSDAQ,11970
318060,그래피,KOSDAQ,20300
453450,그리드위즈,KOSDAQ,15370
204020,그리티,KOSDAQ,2380
0015G0,그린광학,KOSDAQ,18110
402490,그린리소스,KOSDAQ,7840
114450,그린생명과학,KOSDAQ,3215
186230,그린플러스,KOSDAQ,5970
900070,글로벌에스엠,KOSDAQ,429
204620,글로벌텍스프리,KOSDAQ,4680
019660,글로본,KOSDAQ,2655
053260,금강철강,KOSDAQ,4105
282720,금양그린파워,KOSDAQ,11920
036190,금화피에스시,KOSDAQ,31100
049080,기가레인,KOSDAQ,563
420770,기가비스,KOSDAQ,33500
035460,기산텔레콤,KOSDAQ,1907
407400,꿈비,KOSDAQ,4550
187790,나노,KOSDAQ,3855
121600,나노신소재,KOSDAQ,59700
286750,나노실리칸첨단소재,KOSDAQ,1674
247660,나노씨엠에스,KOSDAQ,5160
039860,나노엔텍,KOSDAQ,4195
091970,나노캠텍,KOSDAQ,640
417010,나노팀,KOSDAQ,4910
405920,나라셀라,KOSDAQ,2325
051490,나라엠앤디,KOSDAQ,4105
137080,나래나노텍,KOSDAQ,3330
190510,나무가,KOSDAQ,16590
242040,나무기술,KOSDAQ,1414
293580,나우IB,KOSDAQ,1239
459510,나우로보틱스,KOSDAQ,25150
138610,나이벡,KOSDAQ,52300
130580,나이스디앤비,KOSDAQ,6060
036800,나이스정보통신,KOSDAQ,25300
267320,나인테크,KOSDAQ,3140
111710,남화산업,KOSDAQ,4430
091590,남화토건,KOSDAQ,3935
168330,내츄럴엔도텍,KOSDAQ,3510
094860,네오리진,KOSDAQ,1066
253590,네오셈,KOSDAQ,9790
212560,네오오토,KOSDAQ,6900
095660,네오위즈,KOSDAQ,24050
042420,네오위즈홀딩스,KOSDAQ,26050
950220,네오이뮨텍,KOSDAQ,692
311390,네오크레마,KOSDAQ,5930
085910,네오티스,KOSDAQ,8090
092730,네오팜,KOSDAQ,19800
290660,네오펙트,KOSDAQ,861
306620,네온테크,KOSDAQ,2270
153460,네이블,KOSDAQ,6540
007390,네이처셀,KOSDAQ,22250
033640,네패스,KOSDAQ,17630
330860,네패스아크,KOSDAQ,16930
351320,넥사다이내믹스,KOSDAQ,1298
089140,넥스턴앤롤코리아,KOSDAQ,2360
389650,넥스트바이오메디컬,KOSDAQ,86000
137940,넥스트아이,KOSDAQ,321
396270,넥스트칩,KOSDAQ,4535
348210,넥스틴,KOSDAQ,69200
225570,넥슨게임즈,KOSDAQ,12510
205500,넥써쓰,KOSDAQ,2085
217270,넵튠,KOSDAQ,5040
104620,노랑풍선,KOSDAQ,5310
473980,노머스,KOSDAQ,20550
194700,노바렉스,KOSDAQ,14470
285490,노바텍,KOSDAQ,21100
145170,노브랜드,KOSDAQ,4245
106520,노블엠앤비,KOSDAQ,411
376930,노을,KOSDAQ,2200
486990,노타,KOSDAQ,43000
142280,녹십자엠에스,KOSDAQ,4190
234690,녹십자웰빙,KOSDAQ,9430
054050,농우바이오,KOSDAQ,8350
069140,누리플랜,KOSDAQ,2275
040160,누리플렉스,KOSDAQ,3980
332290,누보,KOSDAQ,1330
348340,뉴로메카,KOSDAQ,33750
380550,뉴로핏,KOSDAQ,28950
060260,뉴보텍,KOSDAQ,1251
463020,뉴엔AI,KOSDAQ,19610
123840,뉴온,KOSDAQ,997
012340,뉴인텍,KOSDAQ,539
462310,뉴키즈온,KOSDAQ,6020
270870,뉴트리,KOSDAQ,5320
144960,뉴파워프라즈마,KOSDAQ,4945
085670,뉴프렉스,KOSDAQ,5410
064260,다날,KOSDAQ,7280
340360,다보링크,KOSDAQ,1441
039560,다산네트웍스,KOSDAQ,3180
208860,다산디엠씨,KOSDAQ,1425
154040,다산솔루에타,KOSDAQ,1164
032190,다우데이타,KOSDAQ,21000
323350,다원넥스뷰,KOSDAQ,5890
068240,다원시스,KOSDAQ,3780
464580,닷밀,KOSDAQ,2515
020400,대동금속,KOSDAQ,5950
008830,대동기어,KOSDAQ,17840
048470,대동스틸,KOSDAQ,2905
004780,대륙제관,KOSDAQ,3615
017650,대림제지,KOSDAQ,7690
389260,대명에너지,KOSDAQ,19740
317850,대모,KOSDAQ,8420
290670,대보마그네틱,KOSDAQ,14580
078140,대봉엘에스,KOSDAQ,12590
065150,대산F&B,KOSDAQ,145
036480,대성미생물,KOSDAQ,7280
027830,대성창투,KOSDAQ,1595
104040,대성파인텍,KOSDAQ,713
129920,대성하이텍,KOSDAQ,4020
457630,대신밸런스제16호스팩,KOSDAQ,2080
471050,대신밸런스제17호스팩,KOSDAQ,2215
478780,대신밸런스제18호스팩,KOSDAQ,3435
482690,대신밸런스제19호스팩,KOSDAQ,2185
020180,대신정보통신,KOSDAQ,1048
045390,대아티아이,KOSDAQ,4010
108380,대양전기공업,KOSDAQ,29000
007680,대원,KOSDAQ,4455
048910,대원미디어,KOSDAQ,8260
005710,대원산업,KOSDAQ,14740
120240,대정화금,KOSDAQ,13310
003310,대주산업,KOSDAQ,1693
078600,대주전자재료,KOSDAQ,75600
393970,대진첨단소재,KOSDAQ,5250
096350,대창솔루션,KOSDAQ,2240
140520,대창스틸,KOSDAQ,2220
131220,대한과학,KOSDAQ,4985
010170,대한광통신,KOSDAQ,2340
054670,대한뉴팜,KOSDAQ,6890
023910,대한약품,KOSDAQ,30500
021040,대호특수강,KOSDAQ,1239
021045,대호특수강우,KOSDAQ,2855
067080,대화제약,KOSDAQ,20000
298540,더네이쳐홀딩스,KOSDAQ,9090
032860,더라미,KOSDAQ,1250
393890,더블유씨피,KOSDAQ,7560
299170,더블유에스아이,KOSDAQ,2625
462860,더즌,KOSDAQ,4115
224060,더코디,KOSDAQ,2650
043090,더테크놀로지,KOSDAQ,380
403850,더핑크퐁컴퍼니,KOSDAQ,28950
213420,덕산네오룩스,KOSDAQ,39400
317330,덕산테코피아,KOSDAQ,20700
077360,덕산하이메탈,KOSDAQ,6040
090410,덕신이피씨,KOSDAQ,1341
263600,덕우전자,KOSDAQ,4625
194480,데브시스터즈,KOSDAQ,28950
373160,데이원컴퍼니,KOSDAQ,5170
263800,데이타솔루션,KOSDAQ,5440
206560,덱스터,KOSDAQ,4345
261200,덴티스,KOSDAQ,4470
484120,도우인시스,KOSDAQ,24100
067990,도이치모터스,KOSDAQ,4725
006620,동구바이오제약,KOSDAQ,5730
100130,동국S&C,KOSDAQ,2150
005160,동국산업,KOSDAQ,2940
303810,동국생명과학,KOSDAQ,3785
075970,동국알앤에스,KOSDAQ,2355
086450,동국제약,KOSDAQ,18530
240550,동방메디컬,KOSDAQ,7860
099410,동방선기,KOSDAQ,4840
033500,동성화인텍,KOSDAQ,26500
025950,동신건설,KOSDAQ,19500
088130,동아엘텍,KOSDAQ,3945
041930,동아화성,KOSDAQ,6650
060380,동양에스텍,KOSDAQ,1561
079960,동양이엔피,KOSDAQ,25550
228340,동양파일,KOSDAQ,1729
088910,동우팜투테이블,KOSDAQ,2110
094170,동운아나텍,KOSDAQ,29000
013120,동원개발,KOSDAQ,2870
109860,동일금속,KOSDAQ,7900
032960,동일기연,KOSDAQ,14280
023790,동일스틸럭스,KOSDAQ,1581
005290,동진쎄미켐,KOSDAQ,37750
025900,동화기업,KOSDAQ,9690
131970,두산테스나,KOSDAQ,43850
073190,듀오백,KOSDAQ,1718
176750,듀켐바이오,KOSDAQ,9040
030350,드래곤플라이,KOSDAQ,973
203650,드림시큐리티,KOSDAQ,1646
223250,드림씨아이에스,KOSDAQ,5950
060570,드림어스컴퍼니,KOSDAQ,1556
362990,드림인사이트,KOSDAQ,1730
016670,디모아,KOSDAQ,4715
187870,디바이스,KOSDAQ,14010
489730,디비금융제13호스팩,KOSDAQ,2030
0004Y0,디비금융제14호스팩,KOSDAQ,2020
110990,디아이티,KOSDAQ,14260
263690,디알젬,KOSDAQ,5660
214680,디알텍,KOSDAQ,2175
347850,디앤디파마텍,KOSDAQ,87700
263720,디앤씨미디어,KOSDAQ,12730
376300,디어유,KOSDAQ,33600
109740,디에스케이,KOSDAQ,7090
031860,디에이치엑스컴퍼니,KOSDAQ,669
196490,디에이테크놀로지,KOSDAQ,203
066900,디에이피,KOSDAQ,1954
092070,디엔에프,KOSDAQ,13950
039840,디오,KOSDAQ,17150
219550,디와이디,KOSDAQ,946
310870,디와이씨,KOSDAQ,1366
104460,디와이피엔에프,KOSDAQ,14380
079810,디이엔티,KOSDAQ,5520
113810,디젠스,KOSDAQ,843
043360,디지아이,KOSDAQ,2240
197140,디지캡,KOSDAQ,2155
068930,디지털대성,KOSDAQ,8110
033130,디지틀조선,KOSDAQ,1505
105740,디케이락,KOSDAQ,9950
263020,디케이앤디,KOSDAQ,3140
290550,디케이티,KOSDAQ,7350
066670,디티씨,KOSDAQ,3205
187220,디티앤씨,KOSDAQ,2560
383930,디티앤씨알오,KOSDAQ,3430
131180,딜리,KOSDAQ,940
315640,딥노이드,KOSDAQ,4200
317120,라닉스,KOSDAQ,1926
462510,라메디텍,KOSDAQ,6890
042510,라온시큐어,KOSDAQ,9390
232680,라온테크,KOSDAQ,9940
418420,라온텍,KOSDAQ,4485
300120,라온피플,KOSDAQ,2205
171120,라이온켐텍,KOSDAQ,2245
388790,라이콤,KOSDAQ,2600
214260,라파스,KOSDAQ,13320
171010,램테크놀러지,KOSDAQ,4145
084650,랩지노믹스,KOSDAQ,2070
217500,러셀,KOSDAQ,2065
038390,레드캡투어,KOSDAQ,11840
294140,레몬,KOSDAQ,6120
443250,레뷰코퍼레이션,KOSDAQ,11010
228670,레이,KOSDAQ,7390
228850,레이언스,KOSDAQ,5130
412350,레이저쎌,KOSDAQ,2050
199550,레이저옵텍,KOSDAQ,6100
281740,레이크머티리얼즈,KOSDAQ,15500
277810,레인보우로보틱스,KOSDAQ,479000
215100,로보로보,KOSDAQ,8440
090360,로보스타,KOSDAQ,82100
108490,로보티즈,KOSDAQ,302500
900260,로스웰,KOSDAQ,1296
067730,로지시스,KOSDAQ,2760
071280,로체시스템즈,KOSDAQ,9570
376900,로킷헬스케어,KOSDAQ,76300
214610,롤링스톤,KOSDAQ,4290
328130,루닛,KOSDAQ,38800
038060,루멘스,KOSDAQ,663
474170,루미르,KOSDAQ,8060
141080,리가켐바이오,KOSDAQ,176200
058470,리노공업,KOSDAQ,63600
016100,리더스코스메틱,KOSDAQ,2095
012700,리드코프,KOSDAQ,3830
302550,리메드,KOSDAQ,3045
073570,리튬포어스,KOSDAQ,981
377450,리파인,KOSDAQ,13520
277070,린드먼아시아,KOSDAQ,4635
042500,링네트,KOSDAQ,4010
193250,링크드,KOSDAQ,415
474650,링크솔루션,KOSDAQ,51400
219420,링크제니시스,KOSDAQ,5110
439090,마녀공장,KOSDAQ,14180
195500,마니커에프앤지,KOSDAQ,2770
377480,마음AI,KOSDAQ,19910
305090,마이크로디지탈,KOSDAQ,8140
098120,마이크로컨텍솔,KOSDAQ,18610
424980,마이크로투나노,KOSDAQ,8170
038290,마크로젠,KOSDAQ,16950
267980,매일유업,KOSDAQ,36500
005990,매일홀딩스,KOSDAQ,11220
093520,매커스,KOSDAQ,22250
100590,머큐리,KOSDAQ,3225
067280,멀티캠퍼스,KOSDAQ,33100
072870,메가스터디,KOSDAQ,11680
215200,메가스터디교육,KOSDAQ,44600
133750,메가엠디,KOSDAQ,1826
446540,메가터치,KOSDAQ,3680
235980,메드팩토,KOSDAQ,6890
041920,메디아나,KOSDAQ,9620
014100,메디앙스,KOSDAQ,1834
054180,메디콕스,KOSDAQ,2295
086900,메디톡스,KOSDAQ,123300
078160,메디포스트,KOSDAQ,18300
408920,메쎄이상,KOSDAQ,3215
021880,메이슨캐피탈,KOSDAQ,246
140410,메지온,KOSDAQ,71400
241770,메카로,KOSDAQ,22750
059210,메타바이오메드,KOSDAQ,5120
058110,멕아이씨에스,KOSDAQ,1988
434480,모니터랩,KOSDAQ,4065
080420,모다이노칩,KOSDAQ,2000
417970,모델솔루션,KOSDAQ,25000
080160,모두투어,KOSDAQ,10460
087260,모바일어플라이언스,KOSDAQ,1636
101330,모베이스,KOSDAQ,3175
012860,모베이스전자,KOSDAQ,1371
363260,모비데이즈,KOSDAQ,1639
348030,모비릭스,KOSDAQ,3235
250060,모비스,KOSDAQ,2955
288980,모아데이타,KOSDAQ,903
142760,모아라이프플러스,KOSDAQ,1684
033200,모아텍,KOSDAQ,3260
333050,모코엠시스,KOSDAQ,1349
118990,모트렉스,KOSDAQ,8660
463480,모티브링크,KOSDAQ,8480
006920,모헨즈,KOSDAQ,3060
001810,무림SP,KOSDAQ,1501
279600,미디어젠,KOSDAQ,7230
095500,미래나노텍,KOSDAQ,11740
254490,미래반도체,KOSDAQ,14980
218150,미래생명자원,KOSDAQ,3115
100790,미래에셋벤처투자,KOSDAQ,10600
448830,미래에셋비전스팩3호,KOSDAQ,3695
477380,미래에셋비전스팩4호,KOSDAQ,2060
477470,미래에셋비전스팩5호,KOSDAQ,2100
478440,미래에셋비전스팩6호,KOSDAQ,2030
482680,미래에셋비전스팩7호,KOSDAQ,2020
0093G0,미래에셋비전스팩8호,KOSDAQ,1983
0096D0,미래에셋비전스팩9호,KOSDAQ,2030
049950,미래컴퍼니,KOSDAQ,18840
207760,미스터블루,KOSDAQ,1399
059090,미코,KOSDAQ,14300
201490,미투온,KOSDAQ,3785
475460,미트박스,KOSDAQ,8780
452200,민테크,KOSDAQ,2415
206640,바디텍메드,KOSDAQ,13420
018700,바른손,KOSDAQ,949
035620,바른손이앤에이,KOSDAQ,393
053030,바이넥스,KOSDAQ,15410
301300,바이브컴퍼니,KOSDAQ,3610
064550,바이오니아,KOSDAQ,13390
314930,바이오다인,KOSDAQ,14960
489460,바이오비쥬,KOSDAQ,13260
086820,바이오솔루션,KOSDAQ,8240
038460,바이오스마트,KOSDAQ,3055
251120,바이오에프디엔씨,KOSDAQ,16000
199730,바이오인프라,KOSDAQ,4820
086040,바이오톡스텍,KOSDAQ,2670
188040,바이오포트,KOSDAQ,8860
099430,바이오플러스,KOSDAQ,5670
032980,바이온,KOSDAQ,604
308080,바이젠셀,KOSDAQ,12820
043150,바텍,KOSDAQ,19760
323990,박셀바이오,KOSDAQ,10660
267790,배럴,KOSDAQ,3590
046310,백금T&A,KOSDAQ,3355
331520,밸로프,KOSDAQ,582
199480,뱅크웨어글로벌,KOSDAQ,6120
438700,버넥트,KOSDAQ,3420
066410,버킷스튜디오,KOSDAQ,1153
382900,범한퓨얼셀,KOSDAQ,30250
206400,베노티앤알,KOSDAQ,1530
019010,베뉴지,KOSDAQ,2605
177350,베셀,KOSDAQ,1287
457600,벡트,KOSDAQ,2780
424760,벨로크,KOSDAQ,1110
250000,보라티알,KOSDAQ,8050
310210,보로노이,KOSDAQ,209500
006910,보성파워텍,KOSDAQ,5650
226340,본느,KOSDAQ,681
014470,부방,KOSDAQ,1415
008470,부스타,KOSDAQ,3950
338220,뷰노,KOSDAQ,24650
100120,뷰웍스,KOSDAQ,20150
406820,뷰티스킨,KOSDAQ,12290
099390,브레인즈컴퍼니,KOSDAQ,5170
064480,브리지텍,KOSDAQ,4700
365900,브이씨,KOSDAQ,2825
089970,브이엠,KOSDAQ,28950
251630,브이원텍,KOSDAQ,5820
018290,브이티,KOSDAQ,18630
478560,블랙야크아이앤씨,KOSDAQ,3710
439580,블루엠텍,KOSDAQ,4840
033560,블루콤,KOSDAQ,2995
369370,블리츠웨이엔터테인먼트,KOSDAQ,1408
126340,비나텍,KOSDAQ,80000
121800,비덴트,KOSDAQ,3320
082800,비보존 제약,KOSDAQ,4300
318410,비비씨,KOSDAQ,8000
419540,비스토스,KOSDAQ,1145
146320,비씨엔씨,KOSDAQ,13900
200780,비씨월드제약,KOSDAQ,5350
413640,비아이매트릭스,KOSDAQ,10270
141000,비아트론,KOSDAQ,7570
083650,비에이치아이,KOSDAQ,64200
473370,비엔케이제2호스팩,KOSDAQ,2020
0068Y0,비엔케이제3호스팩,KOSDAQ,1994
065170,비엘팜텍,KOSDAQ,575
086670,비엠티,KOSDAQ,12780
230980,비유테크놀러지,KOSDAQ,229
488900,비츠로넥스텍,KOSDAQ,10200
082920,비츠로셀,KOSDAQ,17830
054220,비츠로시스,KOSDAQ,380
042370,비츠로테크,KOSDAQ,9450
050090,비케이홀딩스,KOSDAQ,860
148780,비큐AI,KOSDAQ,1400
307870,비투엔,KOSDAQ,1076
377030,비트맥스,KOSDAQ,2090
032850,비트컴퓨터,KOSDAQ,4905
049470,비트플래닛,KOSDAQ,1045
238200,비피도,KOSDAQ,3170
093190,빅솔론,KOSDAQ,6000
065450,빅텍,KOSDAQ,3675
044480,빌리언스,KOSDAQ,313
069540,빛과전자,KOSDAQ,700
072950,빛샘전자,KOSDAQ,5500
451250,삐아,KOSDAQ,9540
143240,사람인,KOSDAQ,13570
466410,사이냅소프트,KOSDAQ,12850
223310,사토시홀딩스,KOSDAQ,2030
452430,사피엔반도체,KOSDAQ,35650
419120,산돌,KOSDAQ,4330
122350,삼기,KOSDAQ,1276
419050,삼기에너지솔루션즈,KOSDAQ,1876
014970,삼륭물산,KOSDAQ,8560
018310,삼목에스폼,KOSDAQ,20700
053700,삼보모터스,KOSDAQ,4020
009620,삼보산업,KOSDAQ,1862
023600,삼보판지,KOSDAQ,9670
0044K0,삼성스팩10호,KOSDAQ,2000
0071M0,삼성스팩11호,KOSDAQ,2030
0096B0,삼성스팩12호,KOSDAQ,2995
009300,삼아제약,KOSDAQ,16250
482630,삼양엔씨켐,KOSDAQ,21200
484590,삼양컴텍,KOSDAQ,13610
036670,삼양케이씨아이,KOSDAQ,6740
361670,삼영에스앤씨,KOSDAQ,3510
054540,삼영엠텍,KOSDAQ,14860
065570,삼영이엔씨,KOSDAQ,764
014950,삼익제약,KOSDAQ,15300
032280,삼일,KOSDAQ,1416
002290,삼일기업공사,KOSDAQ,4065
037460,삼지전자,KOSDAQ,14130
032750,삼진,KOSDAQ,3570
054090,삼진엘앤디,KOSDAQ,823
000250,삼천당제약,KOSDAQ,229000
024950,삼천리자전거,KOSDAQ,4260
038500,삼표시멘트,KOSDAQ,5380
437730,삼현,KOSDAQ,50700
017480,삼현철강,KOSDAQ,4695
046390,삼화네트웍스,KOSDAQ,1179
027580,상보,KOSDAQ,775
038540,상상인,KOSDAQ,1724
452670,상상인제4호스팩,KOSDAQ,2080
091580,상신이디피,KOSDAQ,15200
263810,상신전자,KOSDAQ,3210
089980,상아프론테크,KOSDAQ,17540
042940,상지건설,KOSDAQ,13870
042600,새로닉스,KOSDAQ,14480
107600,새빗켐,KOSDAQ,35550
411080,샌즈랩,KOSDAQ,7560
252990,샘씨엔에스,KOSDAQ,7100
378800,샤페론,KOSDAQ,1995
294630,서남,KOSDAQ,2525
038070,서린바이오,KOSDAQ,6850
006730,서부T&D,KOSDAQ,13150
079650,서산,KOSDAQ,1397
100660,서암기계공업,KOSDAQ,4735
019770,서연탑메탈,KOSDAQ,3780
043710,서울리거,KOSDAQ,875
092190,서울바이오시스,KOSDAQ,2580
046890,서울반도체,KOSDAQ,6570
063170,서울옥션,KOSDAQ,7290
027040,서울전자통신,KOSDAQ,199
018680,서울제약,KOSDAQ,3065
036120,서울평가정보,KOSDAQ,2150
093920,서원인텍,KOSDAQ,5680
189860,서전기전,KOSDAQ,3140
178320,서진시스템,KOSDAQ,27000
122690,서진오토모티브,KOSDAQ,2300
140070,서플러스글로벌,KOSDAQ,2170
011370,서한,KOSDAQ,942
065710,서호전기,KOSDAQ,54400
035890,서희건설,KOSDAQ,1623
357550,석경에이티,KOSDAQ,66000
003100,선광,KOSDAQ,20500
067370,선바이오,KOSDAQ,6070
217620,선샤인푸드,KOSDAQ,3810
171090,선익시스템,KOSDAQ,54000
086710,선진뷰티사이언스,KOSDAQ,9380
014620,성광벤드,KOSDAQ,27400
037350,성도이엔지,KOSDAQ,6610
458650,성우,KOSDAQ,10600
081580,성우전자,KOSDAQ,2310
045300,성우테크론,KOSDAQ,3135
015750,성우하이텍,KOSDAQ,7020
365340,성일하이텍,KOSDAQ,44650
080470,성창오토텍,KOSDAQ,4110
043260,성호전자,KOSDAQ,5420
148150,세경하이테크,KOSDAQ,5220
061090,세나테크놀로지,KOSDAQ,50800
188260,세니젠,KOSDAQ,2035
053060,세동,KOSDAQ,1290
340440,세림B&G,KOSDAQ,1554
017510,세명전기,KOSDAQ,9490
011560,세보엠이씨,KOSDAQ,15150
396300,세아메카닉스,KOSDAQ,2680
100700,세운메디칼,KOSDAQ,2505
024830,세원물산,KOSDAQ,10340
258830,세종메디칼,KOSDAQ,412
036630,세종텔레콤,KOSDAQ,12460
039310,세중,KOSDAQ,1325
067770,세진티에스,KOSDAQ,2270
053450,세코닉스,KOSDAQ,5150
222810,세토피아,KOSDAQ,5400
252500,세화피앤씨,KOSDAQ,812
321370,센서뷰,KOSDAQ,1009
347000,센코,KOSDAQ,2175
331920,셀레믹스,KOSDAQ,2930
352770,셀레스트라,KOSDAQ,5250
471820,셀로맥스사이언스,KOSDAQ,5920
049180,셀루메드,KOSDAQ,750
299660,셀리드,KOSDAQ,3110
108860,셀바스AI,KOSDAQ,13310
208370,셀바스헬스케어,KOSDAQ,5950
318160,셀바이오휴먼텍,KOSDAQ,8910
308430,셀비온,KOSDAQ,23700
068760,셀트리온제약,KOSDAQ,62900
068940,셀피글로벌,KOSDAQ,778
007720,소노스퀘어,KOSDAQ,670
290690,소룩스,KOSDAQ,5650
950200,소마젠,KOSDAQ,3840
032680,소프트센,KOSDAQ,314
032685,소프트센우,KOSDAQ,6070
258790,소프트캠프,KOSDAQ,1408
066910,손오공,KOSDAQ,689
215090,솔디펜스,KOSDAQ,2520
035610,솔본,KOSDAQ,3635
357780,솔브레인,KOSDAQ,264000
036830,솔브레인홀딩스,KOSDAQ,40900
304100,솔트룩스,KOSDAQ,32250
328380,솔트웨어,KOSDAQ,836
086980,쇼박스,KOSDAQ,2480
050960,수산아이앤티,KOSDAQ,9320
084180,수성웹툰,KOSDAQ,3410
253840,수젠텍,KOSDAQ,6710
298830,슈어소프트테크,KOSDAQ,7140
236200,슈프리마,KOSDAQ,37350
094840,슈프리마에이치큐,KOSDAQ,6620
192440,슈피겐코리아,KOSDAQ,23850
424960,스마트레이더시스템,KOSDAQ,8550
099440,스맥,KOSDAQ,6960
276040,스코넥,KOSDAQ,1729
060240,스타코링크,KOSDAQ,1976
115570,스타플렉스,KOSDAQ,3075
330730,스톤브릿지벤처스,KOSDAQ,5550
352090,스톰테크,KOSDAQ,3880
253450,스튜디오드래곤,KOSDAQ,38950
408900,스튜디오미르,KOSDAQ,3235
204630,스튜디오산타클로스,KOSDAQ,4650
415380,스튜디오삼익,KOSDAQ,2380
013810,스페코,KOSDAQ,2370
347700,스피어,KOSDAQ,11360
049830,승일,KOSDAQ,8530
020710,시공테크,KOSDAQ,4195
033170,시그네틱스,KOSDAQ,772
048870,시너지이노베이션,KOSDAQ,2440
025320,시노펙스,KOSDAQ,6800
340810,시선AI,KOSDAQ,2860
269620,시스웍,KOSDAQ,889
056090,시지메드텍,KOSDAQ,1277
429270,시지트로닉스,KOSDAQ,4815
418250,시큐레터,KOSDAQ,6550
131090,시큐브,KOSDAQ,3880
290520,신도기연,KOSDAQ,1678
001000,신라섬유,KOSDAQ,2270
025870,신라에스지,KOSDAQ,5570
215600,신라젠,KOSDAQ,3460
065350,신성델타테크,KOSDAQ,63800
416180,신성에스티,KOSDAQ,37500
162300,신스틸,KOSDAQ,1775
290560,신시웨이,KOSDAQ,8720
002800,신신제약,KOSDAQ,5380
472220,신영스팩10호,KOSDAQ,2200
0091W0,신영스팩11호,KOSDAQ,2025
017000,신원종합개발,KOSDAQ,3560
012790,신일제약,KOSDAQ,6160
138070,신진에스엠,KOSDAQ,2065
226330,신테카바이오,KOSDAQ,4170
452980,신한제11호스팩,KOSDAQ,2080
474660,신한제12호스팩,KOSDAQ,2100
474930,신한제13호스팩,KOSDAQ,2165
487360,신한제14호스팩,KOSDAQ,2055
487830,신한제15호스팩,KOSDAQ,2045
496070,신한제16호스팩,KOSDAQ,2040
056700,신화인터텍,KOSDAQ,1723
187270,신화콘텍,KOSDAQ,3130
243840,신흥에스이씨,KOSDAQ,5720
257720,실리콘투,KOSDAQ,40750
222800,심텍,KOSDAQ,53200
036710,심텍홀딩스,KOSDAQ,2905
444530,심플랫폼,KOSDAQ,8230
234030,싸이닉솔루션,KOSDAQ,9640
160980,싸이맥스,KOSDAQ,15000
356890,싸이버원,KOSDAQ,4210
217330,싸이토젠,KOSDAQ,3905
208640,썸에이지,KOSDAQ,290
222420,쎄노텍,KOSDAQ,867
037760,쎄니트,KOSDAQ,1640
081180,쎄크,KOSDAQ,11050
099320,쎄트렉아이,KOSDAQ,58000
049960,쎌바이오텍,KOSDAQ,13840
088280,쏘닉스,KOSDAQ,1893
050890,쏠리드,KOSDAQ,7970
394800,쓰리빌리언,KOSDAQ,17890
177900,쓰리에이로직스,KOSDAQ,6210
475400,씨메스,KOSDAQ,39700
109670,씨싸이트,KOSDAQ,6190
066790,씨씨에스,KOSDAQ,1493
222080,씨아이에스,KOSDAQ,7700
352480,씨앤씨인터내셔널,KOSDAQ,31250
264660,씨앤지하이테크,KOSDAQ,15420
352700,씨앤투스,KOSDAQ,2520
458870,씨어스테크놀로지,KOSDAQ,113100
297090,씨에스베어링,KOSDAQ,6850
900120,씨엑스아이,KOSDAQ,559
359090,씨엔알리서치,KOSDAQ,992
115530,씨엔플러스,KOSDAQ,338
388210,씨엠티엑스,KOSDAQ,75900
115480,씨유메디칼,KOSDAQ,554
376290,씨유테크,KOSDAQ,3010
189330,씨이랩,KOSDAQ,4720
096530,씨젠,KOSDAQ,25000
101240,씨큐브,KOSDAQ,4300
060590,씨티씨바이오,KOSDAQ,4985
260930,씨티케이,KOSDAQ,4630
413630,씨피시스템,KOSDAQ,4670
013990,아가방컴퍼니,KOSDAQ,4500
123860,아나패스,KOSDAQ,17470
025980,아난티,KOSDAQ,7680
0015N0,아로마티카,KOSDAQ,12710
125210,아모그린텍,KOSDAQ,6360
357580,아모센스,KOSDAQ,7180
052710,아모텍,KOSDAQ,9270
074430,아미노로직스,KOSDAQ,939
092040,아미코젠,KOSDAQ,2845
083930,아바코,KOSDAQ,14740
149950,아바텍,KOSDAQ,10120
036010,아비코전자,KOSDAQ,7060
050860,아세아텍,KOSDAQ,1899
136410,아셈스,KOSDAQ,10650
246720,아스타,KOSDAQ,8360
450950,아스테라시스,KOSDAQ,12960
067390,아스트,KOSDAQ,612
159010,아스플로,KOSDAQ,4400
127710,아시아경제,KOSDAQ,978
154030,아시아종묘,KOSDAQ,2065
227610,아우딘퓨쳐스,KOSDAQ,818
331740,아우토크립트,KOSDAQ,15580
143160,아이디스,KOSDAQ,18090
054800,아이디스홀딩스,KOSDAQ,12420
332370,아이디피,KOSDAQ,4985
066430,아이로보틱스,KOSDAQ,1402
339950,아이비김영,KOSDAQ,1992
469750,아이비젼웍스,KOSDAQ,1516
460470,아이빔테크놀로지,KOSDAQ,3010
099190,아이센스,KOSDAQ,16030
461300,아이스크림미디어,KOSDAQ,17500
289010,아이스크림에듀,KOSDAQ,1872
214430,아이쓰리시스템,KOSDAQ,70900
040910,아이씨디,KOSDAQ,4020
368600,아이씨에이치,KOSDAQ,1457
456010,아이씨티케이,KOSDAQ,15400
052860,아이앤씨,KOSDAQ,2300
464500,아이언디바이스,KOSDAQ,3055
212710,아이에스티이,KOSDAQ,9180
038880,아이에이,KOSDAQ,167
307180,아이엘,KOSDAQ,3030
101390,아이엠,KOSDAQ,396
461030,아이엠비디엑스,KOSDAQ,11090
451220,아이엠티,KOSDAQ,9270
090150,아이윈,KOSDAQ,767
123010,아이윈플러스,KOSDAQ,1430
031310,아이즈비전,KOSDAQ,1477
462980,아이지넷,KOSDAQ,1904
185490,아이진,KOSDAQ,1842
059100,아이컴포넌트,KOSDAQ,5270
262840,아이퀘스트,KOSDAQ,1896
175250,아이큐어,KOSDAQ,2170
052460,아이크래프트,KOSDAQ,2650
119830,아이텍,KOSDAQ,5260
052770,아이톡시,KOSDAQ,247
124500,아이티센글로벌,KOSDAQ,26450
010280,아이티센엔텍,KOSDAQ,1020
232830,아이티센피엔에스,KOSDAQ,2565
372800,아이티아이즈,KOSDAQ,4925
084850,아이티엠반도체,KOSDAQ,10650
309710,아이티켐,KOSDAQ,44300
114840,아이패밀리에스씨,KOSDAQ,14850
027360,아주IB투자,KOSDAQ,2425
032080,아즈텍WB,KOSDAQ,1278
013310,아진산업,KOSDAQ,3005
059120,아진엑스텍,KOSDAQ,9570
203690,아크솔루션스,KOSDAQ,4425
158430,아톤,KOSDAQ,6730
200350,아티스트스튜디오,KOSDAQ,6060
321820,아티스트컴퍼니,KOSDAQ,4315
001540,안국약품,KOSDAQ,8880
053800,안랩,KOSDAQ,64100
065660,안트로젠,KOSDAQ,37000
297570,알로이스,KOSDAQ,1148
260660,알리코제약,KOSDAQ,3970
354320,알멕,KOSDAQ,20100
361570,알비더블유,KOSDAQ,2510
131370,알서포트,KOSDAQ,2620
140670,알에스오토메이션,KOSDAQ,14870
096610,알에프세미,KOSDAQ,2965
061040,알에프텍,KOSDAQ,2115
148250,알엔투테크놀로지,KOSDAQ,5650
347860,알체라,KOSDAQ,2455
196170,알테오젠,KOSDAQ,433000
123750,알톤,KOSDAQ,1310
459550,알트,KOSDAQ,4125
085810,알티캐스트,KOSDAQ,519
043100,알파AI,KOSDAQ,1830
117670,알파칩스,KOSDAQ,8710
314140,알피바이오,KOSDAQ,6820
291650,압타머사이언스,KOSDAQ,760
293780,압타바이오,KOSDAQ,9010
310200,애니플러스,KOSDAQ,3490
179530,애드바이오텍,KOSDAQ,2935
397810,애드포러스,KOSDAQ,7590
900100,애머릿지,KOSDAQ,583
052790,액토즈소프트,KOSDAQ,6190
290740,액트로,KOSDAQ,8550
238090,앤디포스,KOSDAQ,1850
092600,앤씨앤,KOSDAQ,556
129890,앱코,KOSDAQ,1308
174900,앱클론,KOSDAQ,39250
109960,앱토크롬,KOSDAQ,288
270520,앱튼,KOSDAQ,378
255440,야스,KOSDAQ,9200
030960,양지사,KOSDAQ,8820
102120,어보브반도체,KOSDAQ,11050
238120,얼라인드,KOSDAQ,3885
019990,에너토크,KOSDAQ,7740
435570,에르코스,KOSDAQ,9400
270660,에브리봇,KOSDAQ,21500
038680,에스넷,KOSDAQ,3590
217480,에스디생명공학,KOSDAQ,499
121890,에스디시스템,KOSDAQ,1738
304360,에스바이오메딕스,KOSDAQ,31300
389500,에스비비테크,KOSDAQ,40300
042110,에스씨디,KOSDAQ,1330
298060,에스씨엠생명과학,KOSDAQ,1088
065420,에스아이리소스,KOSDAQ,232
103230,에스앤더블류,KOSDAQ,4220
260970,에스앤디,KOSDAQ,71100
101490,에스앤에스텍,KOSDAQ,47750
095910,에스에너지,KOSDAQ,1153
275630,에스에스알,KOSDAQ,2915
031330,에스에이엠티,KOSDAQ,3855
060540,에스에이티,KOSDAQ,1296
056190,에스에프에이,KOSDAQ,24050
0008Z0,에스엔시스,KOSDAQ,30600
246250,에스엘에스바이오,KOSDAQ,1969
041510,에스엠,KOSDAQ,103800
460870,에스엠씨지,KOSDAQ,4055
007820,에스엠코어,KOSDAQ,4315
464080,에스오에스랩,KOSDAQ,11590
109610,에스와이,KOSDAQ,3145
365330,에스와이스틸텍,KOSDAQ,3590
306040,에스제이그룹,KOSDAQ,3795
398120,에스지헬스케어,KOSDAQ,3270
457940,에스케이증권제10호스팩,KOSDAQ,2095
472230,에스케이증권제11호스팩,KOSDAQ,2045
473000,에스케이증권제12호스팩,KOSDAQ,2055
473950,에스케이증권제13호스팩,KOSDAQ,2040
455910,에스케이증권제9호스팩,KOSDAQ,2095
475660,에스켐,KOSDAQ,6030
096630,에스코넥,KOSDAQ,609
069510,에스텍,KOSDAQ,16080
488280,에스투더블유,KOSDAQ,30500
234300,에스트래픽,KOSDAQ,3610
039440,에스티아이,KOSDAQ,29300
098660,에스티오,KOSDAQ,1817
052020,에스티큐브,KOSDAQ,7400
237690,에스티팜,KOSDAQ,127300
050760,에스폴리텍,KOSDAQ,1429
288620,에스퓨얼셀,KOSDAQ,11030
443670,에스피소프트,KOSDAQ,6160
317830,에스피시스템스,KOSDAQ,13320
058610,에스피지,KOSDAQ,75000
043340,에쎈테크,KOSDAQ,419
163280,에어레인,KOSDAQ,14650
054630,에이디칩스,KOSDAQ,1580
200710,에이디테크놀로지,KOSDAQ,28300
475580,에이럭스,KOSDAQ,9560
096690,에이루트,KOSDAQ,1990
298380,에이비엘바이오,KOSDAQ,190000
203400,에이비온,KOSDAQ,2930
195990,에이비프로바이오,KOSDAQ,298
003800,에이스침대,KOSDAQ,32250
088800,에이스테크,KOSDAQ,3080
241840,에이스토리,KOSDAQ,7030
364950,에이아이코리아,KOSDAQ,8750
453860,에이에스텍,KOSDAQ,16200
312610,에이에프더블류,KOSDAQ,1420
172670,에이엘티,KOSDAQ,10050
481070,에이유브랜즈,KOSDAQ,21150
060900,에이전트AI,KOSDAQ,1290
445090,에이직랜드,KOSDAQ,27500
295310,에이치브이엠,KOSDAQ,32800
072990,에이치시티,KOSDAQ,5770
044990,에이치엔에스하이텍,KOSDAQ,20700
239610,에이치엘사이언스,KOSDAQ,8280
036170,에이치엠넥스,KOSDAQ,861
462020,에이치엠씨제6호스팩,KOSDAQ,2080
477340,에이치엠씨제7호스팩,KOSDAQ,2015
148930,에이치와이티씨,KOSDAQ,3170
376270,에이치이엠파마,KOSDAQ,47800
044780,에이치케이,KOSDAQ,1362
357230,에이치피오,KOSDAQ,2390
355690,에이텀,KOSDAQ,5300
071670,에이테크솔루션,KOSDAQ,5720
045660,에이텍,KOSDAQ,10530
224110,에이텍모빌리티,KOSDAQ,10040
021080,에이티넘인베스트,KOSDAQ,3150
200470,에이팩트,KOSDAQ,5600
262260,에이프로,KOSDAQ,5730
397030,에이프릴바이오,KOSDAQ,43400
0009K0,에임드바이오,KOSDAQ,55900
230240,에치에프알,KOSDAQ,12430
159910,에코글로우,KOSDAQ,706
230360,에코마케팅,KOSDAQ,10900
038870,에코바이오,KOSDAQ,3380
097780,에코볼트,KOSDAQ,887
448280,에코아이,KOSDAQ,11820
101360,에코앤드림,KOSDAQ,21600
128540,에코캡,KOSDAQ,1793
086520,에코프로,KOSDAQ,111400
247540,에코프로비엠,KOSDAQ,176000
383310,에코프로에이치엔,KOSDAQ,27900
038110,에코플라스틱,KOSDAQ,3160
073540,에프알텍,KOSDAQ,2020
064850,에프앤가이드,KOSDAQ,8690
036810,에프에스티,KOSDAQ,27600
173940,에프엔씨엔터,KOSDAQ,3730
083500,에프엔에스테크,KOSDAQ,14910
054940,엑사이엔씨,KOSDAQ,682
950130,엑세스바이오,KOSDAQ,3475
373110,엑셀세라퓨틱스,KOSDAQ,1736
205100,엑셈,KOSDAQ,2160
356680,엑스게이트,KOSDAQ,8050
070300,엑스큐어,KOSDAQ,1307
317770,엑스페릭스,KOSDAQ,2890
373200,엑스플러스,KOSDAQ,500
069920,엑시온그룹,KOSDAQ,900
092870,엑시콘,KOSDAQ,14920
317870,엔바이오니아,KOSDAQ,12560
067570,엔브이에이치코리아,KOSDAQ,2400
236810,엔비티,KOSDAQ,2310
333620,엔시스,KOSDAQ,6490
101400,엔시트론,KOSDAQ,302
475230,엔알비,KOSDAQ,13210
078860,엔에스이엔엠,KOSDAQ,1168
451700,엔에이치스팩29호,KOSDAQ,2105
466910,엔에이치스팩30호,KOSDAQ,2135
481890,엔에이치스팩31호,KOSDAQ,2105
0054V0,엔에이치스팩32호,KOSDAQ,2015
265740,엔에프씨,KOSDAQ,4840
354200,엔젠바이오,KOSDAQ,1700
455900,엔젤로보틱스,KOSDAQ,32850
419080,엔젯,KOSDAQ,6710
183490,엔지켐생명과학,KOSDAQ,1170
182400,엔케이맥스,KOSDAQ,3685
348370,엔켐,KOSDAQ,68800
069410,엔텔스,KOSDAQ,5150
227950,엔투텍,KOSDAQ,345
291230,엔피,KOSDAQ,967
048830,엔피케이,KOSDAQ,951
096870,엘디티,KOSDAQ,2440
290650,엘앤씨바이오,KOSDAQ,67200
156100,엘앤케이바이오,KOSDAQ,15270
0041J0,엘에스스팩1호,KOSDAQ,1999
073110,엘엠에스,KOSDAQ,5140
083310,엘오티베큠,KOSDAQ,12160
037950,엘컴텍,KOSDAQ,748
489500,엘케이켐,KOSDAQ,22050
170920,엘티씨,KOSDAQ,16810
058630,엠게임,KOSDAQ,6650
226590,엠디바이스,KOSDAQ,13790
058970,엠로,KOSDAQ,38200
169330,엠브레인,KOSDAQ,1975
373170,엠아이큐브솔루션,KOSDAQ,6760
179290,엠아이텍,KOSDAQ,6360
009780,엠에스씨,KOSDAQ,8070
123040,엠에스오토텍,KOSDAQ,2225
432980,엠에프씨,KOSDAQ,3480
413390,엠오티,KOSDAQ,7120
032790,엠젠솔루션,KOSDAQ,1080
033160,엠케이전자,KOSDAQ,8640
347890,엠투아이,KOSDAQ,6550
033310,엠투엔,KOSDAQ,1881
259630,엠플러스,KOSDAQ,13850
105550,엣지파운드리,KOSDAQ,1771
060850,영림원소프트랩,KOSDAQ,6500
143540,영우디에스피,KOSDAQ,763
265560,영화테크,KOSDAQ,7130
036000,예림당,KOSDAQ,3320
250930,예선테크,KOSDAQ,519
053280,예스24,KOSDAQ,3840
122640,예스티,KOSDAQ,18690
476040,오가노이드사이언스,KOSDAQ,42050
900300,오가닉티코스메틱,KOSDAQ,313
045060,오공,KOSDAQ,2320
192410,오늘이엔엠,KOSDAQ,754
080520,오디텍,KOSDAQ,3225
039830,오로라,KOSDAQ,16190
322310,오로스테크놀로지,KOSDAQ,23850
046120,오르비텍,KOSDAQ,4500
475830,오름테라퓨틱,KOSDAQ,91400
014940,오리엔탈정공,KOSDAQ,8380
065500,오리엔트정공,KOSDAQ,2610
010470,오리콤,KOSDAQ,5820
417860,오브젠,KOSDAQ,12480
352910,오비고,KOSDAQ,4235
053980,오상자이엘,KOSDAQ,3790
036220,오상헬스케어,KOSDAQ,12310
052420,오성첨단소재,KOSDAQ,1592
052300,오션인더블유,KOSDAQ,2325
039200,오스코텍,KOSDAQ,60100
226400,오스테오닉,KOSDAQ,6070
031510,오스템,KOSDAQ,1093
342870,오아,KOSDAQ,8310
368970,오에스피,KOSDAQ,2050
138080,오이솔루션,KOSDAQ,14390
080580,오킨스전자,KOSDAQ,10190
067170,오텍,KOSDAQ,2065
353590,오토앤,KOSDAQ,3465
173130,오파스넷,KOSDAQ,7100
440320,오픈놀,KOSDAQ,4065
049480,오픈베이스,KOSDAQ,2430
394280,오픈엣지테크놀로지,KOSDAQ,11950
476060,온코닉테라퓨틱스,KOSDAQ,19280
382150,온코크로스,KOSDAQ,11700
244460,올리패스,KOSDAQ,1651
226950,올릭스,KOSDAQ,131200
057540,옴니시스템,KOSDAQ,780
131030,옵투스제약,KOSDAQ,7020
082210,옵트론텍,KOSDAQ,1663
109080,옵티시스,KOSDAQ,8340
380540,옵티코어,KOSDAQ,1991
153710,옵티팜,KOSDAQ,5200
432430,와이랩,KOSDAQ,4315
338840,와이바이오로직스,KOSDAQ,25400
122990,와이솔,KOSDAQ,5880
232140,와이씨,KOSDAQ,14350
112290,와이씨켐,KOSDAQ,20750
065530,와이어블,KOSDAQ,1390
067900,와이엔텍,KOSDAQ,6740
007530,와이엠,KOSDAQ,2700
155650,와이엠씨,KOSDAQ,3665
273640,와이엠텍,KOSDAQ,8240
251370,와이엠티,KOSDAQ,11290
209640,와이제이링크,KOSDAQ,3980
096250,와이즈넛,KOSDAQ,13100
273060,와이즈버즈,KOSDAQ,976
019210,와이지-원,KOSDAQ,5730
122870,와이지엔터테인먼트,KOSDAQ,63600
079000,와토스코리아,KOSDAQ,6030
403490,우듬지팜,KOSDAQ,1640
032820,우리기술,KOSDAQ,4045
041190,우리기술투자,KOSDAQ,7840
115440,우리넷,KOSDAQ,7570
046970,우리로,KOSDAQ,1302
082850,우리바이오,KOSDAQ,2160
215360,우리산업,KOSDAQ,8060
072470,우리산업홀딩스,KOSDAQ,3530
073560,우리손에프앤지,KOSDAQ,1569
037400,우리엔터프라이즈,KOSDAQ,1004
153490,우리이앤엘,KOSDAQ,699
101170,우림피티에스,KOSDAQ,11570
066590,우수AMS,KOSDAQ,2515
103840,우양,KOSDAQ,3345
101970,우양에이치씨,KOSDAQ,12170
046940,우원개발,KOSDAQ,3515
215380,우정바이오,KOSDAQ,2050
065680,우주일렉트로,KOSDAQ,35750
018620,우진비앤지,KOSDAQ,860
457550,우진엔텍,KOSDAQ,22750
396470,워트,KOSDAQ,6990
307280,원바이오젠,KOSDAQ,6250
032940,원익,KOSDAQ,7220
240810,원익IPS,KOSDAQ,62400
074600,원익QnC,KOSDAQ,20300
104830,원익머트리얼즈,KOSDAQ,30500
014190,원익큐브,KOSDAQ,1540
217820,원익피앤이,KOSDAQ,4035
030530,원익홀딩스,KOSDAQ,30550
012620,원일특강,KOSDAQ,8270
136150,원일티엔아이,KOSDAQ,19950
382840,원준,KOSDAQ,8300
336570,원텍,KOSDAQ,7780
376980,원티드랩,KOSDAQ,3690
008370,원풍,KOSDAQ,5070
008290,원풍물산,KOSDAQ,468
101160,월덱스,KOSDAQ,22000
336060,웨이버스,KOSDAQ,1040
095270,웨이브일렉트로,KOSDAQ,4590
289930,웨이비스,KOSDAQ,8310
065950,웰크론,KOSDAQ,1696
076080,웰크론한텍,KOSDAQ,1201
043590,웰킵스하이텍,KOSDAQ,612
196700,웹스,KOSDAQ,1633
069080,웹젠,KOSDAQ,14200
053580,웹케시,KOSDAQ,10930
479960,위너스,KOSDAQ,10950
377460,위니아에이드,KOSDAQ,4080
044340,위닉스,KOSDAQ,5870
330350,위더스제약,KOSDAQ,6740
348350,위드텍,KOSDAQ,8730
112040,위메이드,KOSDAQ,27450
101730,위메이드맥스,KOSDAQ,6650
123420,위메이드플레이,KOSDAQ,8190
065370,위세아이텍,KOSDAQ,5560
038620,위즈코프,KOSDAQ,588
299900,위지윅스튜디오,KOSDAQ,701
036090,위지트,KOSDAQ,638
459100,위츠,KOSDAQ,7350
136540,윈스테크넷,KOSDAQ,12060
097800,윈팩,KOSDAQ,516
192390,윈하이텍,KOSDAQ,2300
335870,윙스풋,KOSDAQ,1612
900340,윙입푸드,KOSDAQ,844
036200,유니셈,KOSDAQ,9080
018000,유니슨,KOSDAQ,1285
203450,유니온바이오메트릭스,KOSDAQ,3105
011320,유니크,KOSDAQ,4800
086390,유니테스트,KOSDAQ,14550
241690,유니테크노,KOSDAQ,3730
142210,유니트론텍,KOSDAQ,6460
389680,유디엠텍,KOSDAQ,572
088340,유라클,KOSDAQ,15030
048430,유라테크,KOSDAQ,7990
206650,유바이오로직스,KOSDAQ,12280
089850,유비벨록스,KOSDAQ,5580
084440,유비온,KOSDAQ,907
032620,유비케어,KOSDAQ,3940
264450,유비쿼스,KOSDAQ,9900
078070,유비쿼스홀딩스,KOSDAQ,10610
024800,유성티엔에스,KOSDAQ,2660
054930,유신,KOSDAQ,23300
069330,유아이디,KOSDAQ,1133
049520,유아이엘,KOSDAQ,3200
444920,유안타제11호스팩,KOSDAQ,2085
446150,유안타제12호스팩,KOSDAQ,2305
450940,유안타제14호스팩,KOSDAQ,2095
473050,유안타제15호스팩,KOSDAQ,2045
474490,유안타제16호스팩,KOSDAQ,2030
493790,유안타제17호스팩,KOSDAQ,1997
263770,유에스티,KOSDAQ,1926
388720,유일로보틱스,KOSDAQ,99400
340930,유일에너테크,KOSDAQ,2005
023410,유진기업,KOSDAQ,3660
056080,유진로봇,KOSDAQ,16920
468760,유진스팩10호,KOSDAQ,2130
488060,유진스팩11호,KOSDAQ,2040
0105P0,유진스팩12호,KOSDAQ,1982
084370,유진테크,KOSDAQ,75000
240600,유진테크놀로지,KOSDAQ,4210
221800,유투바이오,KOSDAQ,5100
179900,유티아이,KOSDAQ,24900
263050,유틸렉스,KOSDAQ,1062
191410,육일씨엔에쓰,KOSDAQ,2000
372170,윤성에프앤씨,KOSDAQ,35000
146060,율촌,KOSDAQ,1182
072770,율호,KOSDAQ,955
039020,이건홀딩스,KOSDAQ,4205
067920,이글루,KOSDAQ,5500
044960,이글벳,KOSDAQ,4400
303530,이노뎁,KOSDAQ,5580
296640,이노룰스,KOSDAQ,5660
302430,이노메트리,KOSDAQ,8250
462350,이노스페이스,KOSDAQ,10960
274400,이노시뮬레이션,KOSDAQ,3905
073490,이노와이어리스,KOSDAQ,23200
215790,이노인스트루먼트,KOSDAQ,579
344860,이노진,KOSDAQ,1686
469610,이노테크,KOSDAQ,29950
088390,이녹스,KOSDAQ,9610
272290,이녹스첨단소재,KOSDAQ,24000
053350,이니텍,KOSDAQ,8900
452400,이닉스,KOSDAQ,10300
264850,이랜시스,KOSDAQ,6630
054210,이랜텍,KOSDAQ,9570
009730,이렘,KOSDAQ,745
065440,이루온,KOSDAQ,1523
424870,이뮨온시아,KOSDAQ,15290
115610,이미지스,KOSDAQ,1172
478110,이베스트스팩6호,KOSDAQ,2015
131400,이브이첨단소재,KOSDAQ,1496
351330,이삭엔지니어링,KOSDAQ,9090
080010,이상네트웍스,KOSDAQ,7100
086890,이수앱지스,KOSDAQ,5800
047560,이스트소프트,KOSDAQ,18520
900110,이스트아시아홀딩스,KOSDAQ,1184
239340,이스트에이드,KOSDAQ,1600
067010,이씨에스,KOSDAQ,2470
456070,이엔셀,KOSDAQ,15010
102710,이엔에프테크놀로지,KOSDAQ,45350
041520,이엘씨,KOSDAQ,7480
063760,이엘피,KOSDAQ,2375
123570,이엠넷,KOSDAQ,2030
083470,이엠앤아이,KOSDAQ,831
095190,이엠코리아,KOSDAQ,2115
091120,이엠텍,KOSDAQ,7860
039030,이오테크닉스,KOSDAQ,270000
294090,이오플로우,KOSDAQ,1490
088290,이원컴포텍,KOSDAQ,840
353810,이지바이오,KOSDAQ,6350
261520,이지스,KOSDAQ,17300
099750,이지케어텍,KOSDAQ,21600
377330,이지트로닉스,KOSDAQ,4010
035810,이지홀딩스,KOSDAQ,4740
092130,이크레더블,KOSDAQ,18320
134060,이퓨쳐,KOSDAQ,4175
001840,이화공영,KOSDAQ,1616
041830,인바디,KOSDAQ,33900
352940,인바이오,KOSDAQ,2300
079950,인베니아,KOSDAQ,1700
389470,인벤티지랩,KOSDAQ,90100
277410,인산가,KOSDAQ,1220
060150,인선이엔티,KOSDAQ,4555
033230,인성정보,KOSDAQ,1858
450520,인스웨이브,KOSDAQ,3505
465480,인스피언,KOSDAQ,5650
037330,인지디스플레,KOSDAQ,1399
100030,인지소프트,KOSDAQ,20100
211050,인카금융서비스,KOSDAQ,14980
083640,인콘,KOSDAQ,266
064090,인크레더블버즈,KOSDAQ,1337
216050,인크로스,KOSDAQ,6900
049070,인탑스,KOSDAQ,15690
119610,인터로조,KOSDAQ,16830
017250,인터엠,KOSDAQ,1010
051370,인터플렉스,KOSDAQ,11530
064290,인텍플러스,KOSDAQ,13560
189300,인텔리안테크,KOSDAQ,48300
287840,인투셀,KOSDAQ,64400
150840,인트로메딕,KOSDAQ,5850
048530,인트론바이오,KOSDAQ,3665
115310,인포바인,KOSDAQ,68100
039290,인포뱅크,KOSDAQ,5830
071200,인피니트헬스케어,KOSDAQ,5860
101930,인화정공,KOSDAQ,48400
333430,일승,KOSDAQ,6390
068330,일신바이오,KOSDAQ,1772
178780,일월지엠엘,KOSDAQ,3040
019540,일지테크,KOSDAQ,4200
094820,일진파워,KOSDAQ,12070
950140,잉글우드랩,KOSDAQ,11890
049550,잉크테크,KOSDAQ,3255
389020,자람테크놀로지,KOSDAQ,39150
254120,자비스,KOSDAQ,1768
043910,자연과환경,KOSDAQ,625
234920,자이글,KOSDAQ,5310
289220,자이언트스텝,KOSDAQ,4740
174880,장원테크,KOSDAQ,2650
049630,재영솔루텍,KOSDAQ,2730
417840,저스템,KOSDAQ,10480
110020,전진바이오팜,KOSDAQ,2740
208140,정다운,KOSDAQ,2740
040420,정상제이엘에스,KOSDAQ,6480
045510,정원엔시스,KOSDAQ,921
217190,제너셈,KOSDAQ,4965
095700,제넥신,KOSDAQ,5030
122310,제노레이,KOSDAQ,4465
361390,제노코,KOSDAQ,15100
225220,제놀루션,KOSDAQ,2045
123330,제닉,KOSDAQ,18220
381620,제닉스로보틱스,KOSDAQ,15750
159580,제로투세븐,KOSDAQ,4120
147830,제룡산업,KOSDAQ,6260
033100,제룡전기,KOSDAQ,37500
079370,제우스,KOSDAQ,14000
054950,제이브이엠,KOSDAQ,26900
023440,제이스코홀딩스,KOSDAQ,738
090470,제이스텍,KOSDAQ,6380
137950,제이씨케미칼,KOSDAQ,3370
033320,제이씨현시스템,KOSDAQ,4235
417500,제이아이테크,KOSDAQ,3195
204270,제이앤티씨,KOSDAQ,20650
127120,제이에스링크,KOSDAQ,17020
026040,제이에스티나,KOSDAQ,3150
452160,제이엔비,KOSDAQ,6170
126880,제이엔케이글로벌,KOSDAQ,4000
322510,제이엘케이,KOSDAQ,5980
033050,제이엠아이,KOSDAQ,799
094970,제이엠티,KOSDAQ,2800
418550,제이오,KOSDAQ,7990
060230,제이케이시냅스,KOSDAQ,2970
420570,제이투케이바이오,KOSDAQ,8120
089790,제이티,KOSDAQ,4540
0010V0,제이피아이헬스케어,KOSDAQ,16400
052670,제일바이오,KOSDAQ,2080
412540,제일엠앤에스,KOSDAQ,3935
199820,제일일렉트릭,KOSDAQ,9370
038010,제일테크노스,KOSDAQ,6270
080220,제주반도체,KOSDAQ,19070
216080,제테마,KOSDAQ,5820
337930,젝시믹스,KOSDAQ,5490
229000,젠큐릭스,KOSDAQ,1602
082270,젬백스,KOSDAQ,30000
034940,조아제약,KOSDAQ,1001
067000,조이시티,KOSDAQ,2225
309930,조이웍스앤코,KOSDAQ,1920
033340,좋은사람들,KOSDAQ,1745
036930,주성엔지니어링,KOSDAQ,28150
072020,중앙백신,KOSDAQ,9970
000440,중앙에너비스,KOSDAQ,15720
051980,중앙첨단소재,KOSDAQ,2860
228760,지노믹트리,KOSDAQ,28300
314130,지놈앤컴퍼니,KOSDAQ,5800
389030,지니너스,KOSDAQ,3375
263860,지니언스,KOSDAQ,19710
303030,지니틱스,KOSDAQ,715
036180,지더블유바이텍,KOSDAQ,577
208350,지란지교시큐리티,KOSDAQ,3010
446840,지슨,KOSDAQ,1768
144510,지씨셀,KOSDAQ,26650
340450,지씨지놈,KOSDAQ,7980
358570,지아이이노베이션,KOSDAQ,19250
382480,지아이텍,KOSDAQ,2090
382800,지앤비에스 에코,KOSDAQ,2770
051160,지어소프트,KOSDAQ,6970
053050,지에스이,KOSDAQ,2470
388610,지에프씨생명과학,KOSDAQ,14290
119850,지엔씨에너지,KOSDAQ,34800
065060,지엔코,KOSDAQ,744
204840,지엘팜텍,KOSDAQ,1245
311320,지오엘리먼트,KOSDAQ,6400
456160,지투지바이오,KOSDAQ,75000
388050,지투파워,KOSDAQ,8370
018120,진로발효,KOSDAQ,18290
109820,진매트릭스,KOSDAQ,2525
086060,진바이오텍,KOSDAQ,4005
036890,진성티이씨,KOSDAQ,14000
363250,진시스템,KOSDAQ,4270
007370,진양제약,KOSDAQ,5300
285800,진영,KOSDAQ,1733
085660,차바이오텍,KOSDAQ,15610
261780,차백신연구소,KOSDAQ,2930
351870,차이커뮤니케이션,KOSDAQ,4815
094850,참좋은여행,KOSDAQ,6140
004650,창해에탄올,KOSDAQ,10380
278280,천보,KOSDAQ,64500
362320,청담글로벌,KOSDAQ,6320
066360,체리부로,KOSDAQ,741
047820,초록뱀미디어,KOSDAQ,4720
094360,칩스앤미디어,KOSDAQ,18200
016920,카스,KOSDAQ,1095
284620,카이노스메드,KOSDAQ,1087
293490,카카오게임즈,KOSDAQ,15950
140430,카티스,KOSDAQ,1505
042000,카페24,KOSDAQ,32850
313760,캐리,KOSDAQ,1169
317530,캐리소프트,KOSDAQ,4810
071850,캐스텍코리아,KOSDAQ,1525
198080,캐프,KOSDAQ,2250
210120,캔버스엔,KOSDAQ,1501
050110,캠시스,KOSDAQ,448
452300,캡스톤파트너스,KOSDAQ,2775
451760,컨텍,KOSDAQ,8620
900310,컬러레이,KOSDAQ,599
078340,컴투스,KOSDAQ,30000
063080,컴투스홀딩스,KOSDAQ,17330
307930,컴퍼니케이,KOSDAQ,6090
079190,케스피온,KOSDAQ,476
263700,케어랩스,KOSDAQ,3010
214370,케어젠,KOSDAQ,71600
221980,케이디켐,KOSDAQ,10900
038530,케이바이오,KOSDAQ,249
192250,케이사인,KOSDAQ,10360
431190,케이쓰리아이,KOSDAQ,5370
115500,케이씨에스,KOSDAQ,10080
089150,케이씨티,KOSDAQ,3010
025880,케이씨피드,KOSDAQ,2770
093320,케이아이엔엑스,KOSDAQ,119900
093640,케이알엠,KOSDAQ,3820
073010,케이에스피,KOSDAQ,4670
105330,케이엔더블유,KOSDAQ,5880
053080,케이엔솔,KOSDAQ,11490
199430,케이엔알시스템,KOSDAQ,26400
432470,케이엔에스,KOSDAQ,10250
272110,케이엔제이,KOSDAQ,22750
039420,케이엘넷,KOSDAQ,2875
083550,케이엠,KOSDAQ,3350
032500,케이엠더블유,KOSDAQ,15850
225430,케이엠제약,KOSDAQ,532
102370,케이옥션,KOSDAQ,3770
068100,케이웨더,KOSDAQ,2980
106080,케이이엠텍,KOSDAQ,1010
455180,케이지에이,KOSDAQ,4375
036030,케이티알파,KOSDAQ,6000
064820,케이프,KOSDAQ,10600
024880,케이피에프,KOSDAQ,5650
042040,케이피엠테크,KOSDAQ,221
054410,케이피티유,KOSDAQ,3550
258610,케일럼,KOSDAQ,1495
274090,켄코아에어로스페이스,KOSDAQ,10990
089010,켐트로닉스,KOSDAQ,31200
220260,켐트로스,KOSDAQ,6150
052400,코나아이,KOSDAQ,49900
402030,코난테크놀로지,KOSDAQ,21700
391710,코닉오토메이션,KOSDAQ,2485
046070,코다코,KOSDAQ,10280
047770,코데즈컴바인,KOSDAQ,2990
080530,코디,KOSDAQ,1088
104540,코렌텍,KOSDAQ,6420
027050,코리아나,KOSDAQ,2295
190650,코리아에셋투자증권,KOSDAQ,6940
123410,코리아에프티,KOSDAQ,8250
036690,코맥스,KOSDAQ,2885
049430,코메론,KOSDAQ,13600
183300,코미코,KOSDAQ,85800
041960,코미팜,KOSDAQ,7140
089890,코세스,KOSDAQ,25900
360350,코셈,KOSDAQ,7190
082660,코스나인,KOSDAQ,480
222040,코스맥스엔비티,KOSDAQ,3225
241710,코스메카코리아,KOSDAQ,67500
355150,코스텍시스,KOSDAQ,11730
166480,코아스템켐온,KOSDAQ,1893
045970,코아시아,KOSDAQ,5140
196450,코아시아씨엠,KOSDAQ,800
384470,코어라인소프트,KOSDAQ,4000
102940,코오롱생명과학,KOSDAQ,58600
950160,코오롱티슈진,KOSDAQ,81200
033290,코웰패션,KOSDAQ,2185
056360,코위버,KOSDAQ,5430
282880,코윈테크,KOSDAQ,15720
121850,코이즈,KOSDAQ,5300
448710,코츠테크놀로지,KOSDAQ,15880
126730,코칩,KOSDAQ,15380
015710,코콤,KOSDAQ,3675
052330,코텍,KOSDAQ,8960
322780,코퍼스코리아,KOSDAQ,1407
200130,콜마비앤에이치,KOSDAQ,13250
294570,쿠콘,KOSDAQ,30300
464490,쿼드메디슨,KOSDAQ,17630
317690,퀀타매트릭스,KOSDAQ,4280
227100,퀀텀온,KOSDAQ,612
432720,퀄리타스반도체,KOSDAQ,13180
365270,큐라클,KOSDAQ,6310
348080,큐라티스,KOSDAQ,1415
060280,큐렉소,KOSDAQ,13610
372320,큐로셀,KOSDAQ,48700
051780,큐로홀딩스,KOSDAQ,993
115180,큐리언트,KOSDAQ,28600
494120,큐리오시스,KOSDAQ,71000
445680,큐리옥스바이오시스템즈,KOSDAQ,98300
182360,큐브엔터,KOSDAQ,12900
405100,큐알티,KOSDAQ,15270
066310,큐에스아이,KOSDAQ,7580
016600,큐캐피탈,KOSDAQ,247
355390,크라우드웍스,KOSDAQ,5420
096240,크레버스,KOSDAQ,12880
040350,크레오에스지,KOSDAQ,236
110790,크리스에프앤씨,KOSDAQ,4270
900250,크리스탈신소재,KOSDAQ,727
045520,크린앤사이언스,KOSDAQ,3535
214150,클래시스,KOSDAQ,56700
466100,클로봇,KOSDAQ,65200
237880,클리오,KOSDAQ,13310
139670,키네마스터,KOSDAQ,2080
475430,키스트론,KOSDAQ,4580
487720,키움제10호스팩,KOSDAQ,2085
489480,키움제11호스팩,KOSDAQ,2065
466690,키움히어로제1호스팩,KOSDAQ,1986
054780,키이스트,KOSDAQ,4050
256940,킵스파마,KOSDAQ,12290
219130,타이거일렉,KOSDAQ,21650
336680,탑런토탈솔루션,KOSDAQ,4340
360070,탑머티리얼,KOSDAQ,23300
065130,탑엔지니어링,KOSDAQ,3445
134580,탑코미디어,KOSDAQ,2085
023160,태광,KOSDAQ,24600
323280,태성,KOSDAQ,51800
053620,태양,KOSDAQ,6610
044490,태웅,KOSDAQ,29900
124560,태웅로직스,KOSDAQ,2780
191420,테고사이언스,KOSDAQ,16000
950250,테라뷰,KOSDAQ,12850
073640,테라사이언스,KOSDAQ,654
066700,테라젠이텍스,KOSDAQ,2925
095610,테스,KOSDAQ,37500
064520,테크엘,KOSDAQ,1686
089030,테크윙,KOSDAQ,43450
054450,텔레칩스,KOSDAQ,14080
200230,텔콘RF제약,KOSDAQ,996
393210,토마토시스템,KOSDAQ,5620
475960,토모큐브,KOSDAQ,54900
215480,토박스코리아,KOSDAQ,2030
051360,토비스,KOSDAQ,16150
045340,토탈소프트,KOSDAQ,7250
108230,톱텍,KOSDAQ,4930
079970,투비소프트,KOSDAQ,596
199800,툴젠,KOSDAQ,49650
417790,트루엔,KOSDAQ,8310
290090,트윔,KOSDAQ,7630
026150,특수건설,KOSDAQ,6270
464280,티디에스팜,KOSDAQ,9820
117730,티로보틱스,KOSDAQ,18480
033830,티비씨,KOSDAQ,628
057680,티사이언티픽,KOSDAQ,771
204610,티쓰리,KOSDAQ,1873
125020,티씨머티리얼즈,KOSDAQ,3600
064760,티씨케이,KOSDAQ,145500
246710,티앤알바이오팹,KOSDAQ,3280
340570,티앤엘,KOSDAQ,47500
043220,티에스넥스젠,KOSDAQ,1710
277880,티에스아이,KOSDAQ,5550
131290,티에스이,KOSDAQ,58500
425420,티에프이,KOSDAQ,38400
484810,티엑스알로보틱스,KOSDAQ,17230
131100,티엔엔터테인먼트,KOSDAQ,1311
356860,티엘비,KOSDAQ,63100
321550,티움바이오,KOSDAQ,6250
425040,티이엠씨,KOSDAQ,7530
241790,티이엠씨씨엔에스,KOSDAQ,6750
022220,티케이지애강,KOSDAQ,759
104480,티케이케미칼,KOSDAQ,1688
081150,티플랙스,KOSDAQ,2900
130740,티피씨글로벌,KOSDAQ,1834
084730,팅크웨어,KOSDAQ,8130
440110,파두,KOSDAQ,22850
288330,파라택시스코리아,KOSDAQ,930
033540,파라텍,KOSDAQ,1153
388870,파로스아이바이오,KOSDAQ,10000
043200,파루,KOSDAQ,831
214450,파마리서치,KOSDAQ,394000
208340,파멥신,KOSDAQ,2915
177830,파버나인,KOSDAQ,2875
037070,파세코,KOSDAQ,7880
150900,파수,KOSDAQ,4475
037030,파워넷,KOSDAQ,2785
047310,파워로직스,KOSDAQ,4480
368770,파이버프로,KOSDAQ,8650
170790,파이오링크,KOSDAQ,9310
049120,파인디앤씨,KOSDAQ,810
038950,파인디지털,KOSDAQ,3210
387570,파인메딕스,KOSDAQ,7850
441270,파인엠텍,KOSDAQ,10200
106240,파인테크닉스,KOSDAQ,1300
131760,파인텍,KOSDAQ,835
065690,파커스,KOSDAQ,1274
140860,파크시스템스,KOSDAQ,217000
091700,파트론,KOSDAQ,7400
032800,판타지오,KOSDAQ,505
318010,팜스빌,KOSDAQ,3425
027710,팜스토리,KOSDAQ,1190
225590,패션플랫폼,KOSDAQ,875
054300,팬스타엔터프라이즈,KOSDAQ,675
068050,팬엔터테인먼트,KOSDAQ,1935
222110,팬젠,KOSDAQ,5960
271830,팸텍,KOSDAQ,2155
263750,펄어비스,KOSDAQ,37500
251970,펌텍코리아,KOSDAQ,54600
0015S0,페스카로,KOSDAQ,24950
168360,펨트론,KOSDAQ,16580
087010,펩트론,KOSDAQ,268500
064800,포니링크,KOSDAQ,890
119500,포메탈,KOSDAQ,3280
389140,포바이포,KOSDAQ,8280
105760,포스뱅크,KOSDAQ,5390
009520,포스코엠텍,KOSDAQ,16330
189690,포시에스,KOSDAQ,2095
318020,포인트모바일,KOSDAQ,4190
256630,포인트엔지니어링,KOSDAQ,1034
331380,포커스에이아이,KOSDAQ,2910
208710,포톤,KOSDAQ,2270
472850,폰드그룹,KOSDAQ,10200
039980,폴라리스AI,KOSDAQ,2010
041910,폴라리스AI파마,KOSDAQ,6380
234100,폴라리스세원,KOSDAQ,1127
041020,폴라리스오피스,KOSDAQ,4690
114630,폴라리스우노,KOSDAQ,508
290720,푸드나무,KOSDAQ,1995
005670,푸드웰,KOSDAQ,6290
094940,푸른기술,KOSDAQ,8290
057880,푸른소나무,KOSDAQ,8790
007330,푸른저축은행,KOSDAQ,10880
093380,풍강,KOSDAQ,2810
023900,풍국주정,KOSDAQ,9420
371950,풍원정밀,KOSDAQ,9470
370090,퓨런티어,KOSDAQ,13050
445180,퓨릿,KOSDAQ,8770
220100,퓨쳐켐,KOSDAQ,31000
035200,프럼파스트,KOSDAQ,3455
334970,프레스티지바이오로직스,KOSDAQ,3100
321260,프로이천,KOSDAQ,1765
053610,프로텍,KOSDAQ,33650
468530,프로티나,KOSDAQ,95600
303360,프로티아,KOSDAQ,5800
377220,프롬바이오,KOSDAQ,1251
335810,프리시젼바이오,KOSDAQ,2800
053160,프리엠스,KOSDAQ,7360
405000,플라즈맵,KOSDAQ,6640
041590,플래스크,KOSDAQ,2370
367000,플래티어,KOSDAQ,4385
075130,플랜티넷,KOSDAQ,2500
237820,플레이디,KOSDAQ,4620
023770,플레이위드,KOSDAQ,3145
019570,플루토스,KOSDAQ,281
300080,플리토,KOSDAQ,18530
033790,피노,KOSDAQ,6630
032580,피델릭스,KOSDAQ,1119
051380,피씨디렉트,KOSDAQ,2060
241820,피씨엘,KOSDAQ,6040
452450,피아이이,KOSDAQ,7340
237750,피앤씨테크,KOSDAQ,4035
460940,피앤에스로보틱스,KOSDAQ,13700
319660,피에스케이,KOSDAQ,31750
031980,피에스케이홀딩스,KOSDAQ,43050
002230,피에스텍,KOSDAQ,6820
043370,피에이치에이,KOSDAQ,12180
239890,피엔에이치테크,KOSDAQ,5040
347740,피엔케이피부임상연구센타,KOSDAQ,2535
137400,피엔티,KOSDAQ,42100
257370,피엔티엠에스,KOSDAQ,2145
147760,피엠티,KOSDAQ,2650
128660,피제이메탈,KOSDAQ,2815
006140,피제이전자,KOSDAQ,5580
376180,피코그램,KOSDAQ,2520
304840,피플바이오,KOSDAQ,1656
087600,픽셀플러스,KOSDAQ,5940
291810,핀텔,KOSDAQ,2710
378340,필에너지,KOSDAQ,13910
161580,필옵틱스,KOSDAQ,45500
347770,핌스,KOSDAQ,1171
163730,핑거,KOSDAQ,11900
417180,핑거스토리,KOSDAQ,1815
454640,하나29호스팩,KOSDAQ,2100
469880,하나30호스팩,KOSDAQ,2060
469900,하나31호스팩,KOSDAQ,2065
475240,하나32호스팩,KOSDAQ,2105
475250,하나33호스팩,KOSDAQ,2100
484130,하나34호스팩,KOSDAQ,2080
0041L0,하나35호스팩,KOSDAQ,1999
299030,하나기술,KOSDAQ,35400
067310,하나마이크론,KOSDAQ,24650
166090,하나머티리얼즈,KOSDAQ,43250
136480,하림,KOSDAQ,3050
003380,하림지주,KOSDAQ,12550
450330,하스,KOSDAQ,6790
101670,하이드로리튬,KOSDAQ,2235
365590,하이딥,KOSDAQ,534
149980,하이로닉,KOSDAQ,5090
013030,하이록코리아,KOSDAQ,33150
126700,하이비젼시스템,KOSDAQ,15800
450050,하이제8호스팩,KOSDAQ,2105
160190,하이젠알앤엠,KOSDAQ,65000
221840,하이즈항공,KOSDAQ,2230
106190,하이텍팜,KOSDAQ,12220
065650,하이퍼코퍼레이션,KOSDAQ,1993
066130,하츠,KOSDAQ,4530
004590,한국가구,KOSDAQ,5050
039340,한국경제TV,KOSDAQ,5520
034950,한국기업평가,KOSDAQ,99500
222980,한국맥널티,KOSDAQ,3310
256840,한국비엔씨,KOSDAQ,5460
219750,한국비티비,KOSDAQ,918
025550,한국선재,KOSDAQ,3555
017890,한국알콜,KOSDAQ,11180
080720,한국유니온제약,KOSDAQ,2725
041460,한국전자인증,KOSDAQ,3780
101680,한국정밀기계,KOSDAQ,2110
039740,한국정보공학,KOSDAQ,3005
053300,한국정보인증,KOSDAQ,6230
025770,한국정보통신,KOSDAQ,8070
458610,한국제12호스팩,KOSDAQ,2080
464440,한국제13호스팩,KOSDAQ,2120
479880,한국제15호스팩,KOSDAQ,2045
062970,한국첨단소재,KOSDAQ,3275
023760,한국캐피탈,KOSDAQ,806
054040,한국컴퓨터,KOSDAQ,5140
021650,한국큐빅,KOSDAQ,2335
032300,한국파마,KOSDAQ,13840
037230,한국팩키지,KOSDAQ,1974
448900,한국피아이엠,KOSDAQ,60500
030520,한글과컴퓨터,KOSDAQ,24150
052600,한네트,KOSDAQ,4025
256150,한독크린텍,KOSDAQ,5530
092460,한라IMS,KOSDAQ,18100
125490,한라캐스트,KOSDAQ,17960
452190,한빛레이저,KOSDAQ,5040
047080,한빛소프트,KOSDAQ,1215
452280,한선엔지니어링,KOSDAQ,9200
066980,한성크린텍,KOSDAQ,1361
114810,한솔아이원스,KOSDAQ,12450
070590,한솔인티큐브,KOSDAQ,2250
042520,한스바이오메드,KOSDAQ,33450
430690,한싹,KOSDAQ,5100
078350,한양디지텍,KOSDAQ,20300
045100,한양이엔지,KOSDAQ,21450
320000,한울반도체,KOSDAQ,2105
091440,한울소재과학,KOSDAQ,3145
276730,한울앤제주,KOSDAQ,1760
024740,한일단조,KOSDAQ,2175
005860,한일사료,KOSDAQ,3145
007770,한일화학,KOSDAQ,8180
198940,한주라이트메탈,KOSDAQ,679
058450,한주에이알티,KOSDAQ,823
107640,한중엔시에스,KOSDAQ,51100
079170,한창산업,KOSDAQ,6740
054920,한컴위드,KOSDAQ,3945
457370,한켐,KOSDAQ,7610
002680,한탑,KOSDAQ,722
098070,한텍,KOSDAQ,35200
455310,한화플러스제4호스팩,KOSDAQ,2085
498390,한화플러스제5호스팩,KOSDAQ,1999
034810,해성산업,KOSDAQ,8730
03481K,해성산업1우,KOSDAQ,9850
059270,해성에어로보틱스,KOSDAQ,9390
076610,해성옵틱스,KOSDAQ,569
220180,핸디소프트,KOSDAQ,1996
900270,헝셩그룹,KOSDAQ,204
214180,헥토이노베이션,KOSDAQ,16960
234340,헥토파이낸셜,KOSDAQ,16210
084990,헬릭스미스,KOSDAQ,6770
187660,현대ADM,KOSDAQ,2675
170030,현대공업,KOSDAQ,6330
319400,현대무벡스,KOSDAQ,11290
048410,현대바이오,KOSDAQ,5310
052260,현대바이오랜드,KOSDAQ,4395
016790,현대사료,KOSDAQ,994
041440,현대에버다임,KOSDAQ,8530
039010,현대에이치티,KOSDAQ,8920
090850,현대이지웰,KOSDAQ,5160
460930,현대힘스,KOSDAQ,19340
092300,현우산업,KOSDAQ,3350
138360,협진,KOSDAQ,994
011080,형지I&C,KOSDAQ,711
308100,형지글로벌,KOSDAQ,1405
064240,홈캐스트,KOSDAQ,1909
039610,화성밸브,KOSDAQ,7800
126640,화신정공,KOSDAQ,1319
127980,화인써키트,KOSDAQ,6120
061250,화일약품,KOSDAQ,1151
097870,효성오앤비,KOSDAQ,6180
290270,휴네시온,KOSDAQ,3730
353190,휴럼,KOSDAQ,678
090710,휴림로봇,KOSDAQ,5850
078590,휴림에이텍,KOSDAQ,764
205470,휴마시스,KOSDAQ,1103
115160,휴맥스,KOSDAQ,893
028080,휴맥스홀딩스,KOSDAQ,1560
175140,휴먼테크놀로지,KOSDAQ,4850
200670,휴메딕스,KOSDAQ,41800
065510,휴비츠,KOSDAQ,8560
263920,휴엠앤씨,KOSDAQ,4075
243070,휴온스,KOSDAQ,28100
084110,휴온스글로벌,KOSDAQ,55500
145020,휴젤,KOSDAQ,226500
024060,흥구석유,KOSDAQ,12120
010240,흥국,KOSDAQ,5420
189980,흥국에프엔비,KOSDAQ,1649
037440,희림,KOSDAQ,4510
238490,힘스,KOSDAQ,3415
