종목코드,종목명,시장,업종,업종_상세,업종_대분류,종가,거래대금(억원),시가총액(억원),추천매수가,손절가,추천매도가1,추천매도가2,RANK_SCORE,LDY_SCORE,ENTRY_SCORE,ROUTE,REGIME,ret_20d_%,ret_120d_%,rel_20d_%,rel_60d_%,rel_120d_%,TTM_SQUEEZE_CNT,NORM_RR,NORM_T1,NORM_SL,NORM_NEAR,NORM_MOM,NORM_LIQ,NORM_TEC,RSI14,MFI14,이격도,VWAP,VWAP_GAP,캔들패턴,MACD_Hist,MACD_Slope_PCT,거래강도,V_POWER,SUPERTREND_VAL,SUPERTREND_DIR,BB_BW,BB_SQUEEZE_BW,TTM_SQUEEZE,BB_SQUEEZE,Above_MA20,IS_SWING_SUPPORT,ret_5d_%,ret_10d_%,ret_60d_%,EBS,통과,근거,ATR_MULT,추천수량,추천금액(만원),SECTOR_RET_5D,SECTOR_RANK,RR1,Now%,ST_DIR,AI_COMMENT,MKT_BREADTH_ALL_%,MKT_BREADTH_KOSPI_%,MKT_BREADTH_KOSDAQ_%,MKT_TEMP,TOP_SECTORS_5D,REGIME_RANK,LDY_RANK,기준일,시총기준일,벤치_60d_KOSPI_%,벤치_60d_KOSDAQ_%,60일_종목수익률_%,60일_초과수익(α)_%,오늘종가,전일추천매수가,전일→오늘_수익률%,검증기준일,비교대상추천일
139130,iM금융지주,KOSPI,기타 금융업,기타 금융업,금융,14730,1120.9,23870.7,14730,13830,16080,17430,95.3,100.0,91.4,🔺 Watch (관찰·돌파예상),④ 바닥 반등 시도,4.32,18.6,-0.02,-13.48,-11.96,13,1.0,0.96,0.92,1.0,0.44,0.94,0.8,57.4,51.3,2.42,14370,2.5,,5.8132,0.0989,0.88,0.66,13767,1,5.43,1,1,1,1,False,3.59,0.68,3.22,7,★,"RSI적정, MACD상승, 20선근접, 정배열(단), 장기추세(120↑), MACD>Sig, VWAP상회",1.8,169,248.9,1.6223684210526317,4.0,1.5,0.0,1,🌪️ 13일 연속 응축 중! 폭발 임박. 🚀 단기 모멘텀 가속.  (강력 매수),59.1,53.6,64.7,🌤 중립,1.미디어·콘텐츠(+4.0%) / 2.유통·소비재(+3.7%) / 3.바이오·의약품(+3.2%) / 4.금융(+1.6%) / 5.철강·금속(+0.9%),4,1,20251219,20251219,16.7,6.04,3.22,-13.48,15270,14730,3.665987780040725,20251222,20251219
128940,한미약품,KOSPI,의약품 제조업,의약품 제조업,바이오·의약품,441000,549.39,56496.5,441000,410000,487500,534000,90.8,89.4,89.1,↩️ PULL (눌림),⑤ 하락 / 약세,-1.01,51.81,-5.35,5.63,21.25,5,1.0,1.0,1.0,1.0,0.25,0.41,0.75,44.7,53.0,0.28,440685,0.07,,-1770.3314,0.001,1.27,-1.35,404850,1,9.36,1,1,1,1,False,-1.01,3.52,22.33,6,★,"MACD상승, 20선근접, 거래량↑, 정배열(단), 장기추세(120↑), VWAP상회",1.8,5,220.5,3.2100000000000004,3.0,1.5,0.0,1,🌪️ 5일 연속 응축 중! 폭발 임박. 📉 매도세 우위. ✅ 20일선 눌림목 구간. (매수 유효),59.1,53.6,64.7,🌤 중립,1.미디어·콘텐츠(+4.0%) / 2.유통·소비재(+3.7%) / 3.바이오·의약품(+3.2%) / 4.금융(+1.6%) / 5.철강·금속(+0.9%),5,2,20251219,20251219,16.7,6.04,22.33,5.63,438000,441000,-0.6802721088435382,20251222,20251219
034020,두산에너빌리티,KOSPI,일반 목적용 기계 제조업,일반 목적용 기계 제조업,조선·기계·설비,77400,2814.07,495794.3,77400,71900,84000,90500,87.2,85.3,84.8,↩️ PULL (눌림),② 상승 후 조정,5.88,19.63,1.54,10.6,-10.93,3,0.96,0.89,1.0,1.0,0.14,1.0,0.78,56.0,48.4,0.87,76283,1.46,,-102.2324,-0.0989,0.94,0.14,83970,-1,10.38,0,1,1,1,False,-2.89,-3.73,27.3,4,,"RSI적정, 20선근접, 장기추세(120↑), VWAP상회",1.8,32,247.7,-2.787192982456141,12.0,1.2,0.0,-1,🌪️ 에너지 응축 시작 (3일차). 📉 매도세 우위. ✅ 20일선 눌림목 구간. (매수 유효),59.1,53.6,64.7,🌤 중립,1.미디어·콘텐츠(+4.0%) / 2.유통·소비재(+3.7%) / 3.바이오·의약품(+3.2%) / 4.금융(+1.6%) / 5.철강·금속(+0.9%),2,3,20251219,20251219,16.7,6.04,27.3,10.6,78000,77400,0.7751937984496138,20251222,20251219
271560,오리온,KOSPI,기타 식품 제조업,기타 식품 제조업,유통·소비재,106000,106.72,41908.3,106000,99900,113300,120500,87.1,80.9,86.9,🔺 Watch (관찰·돌파예상),④ 바닥 반등 시도,1.15,-1.76,-3.19,-19.0,-32.32,4,0.96,0.72,0.84,1.0,0.43,0.01,0.65,50.0,44.1,1.74,105338,0.63,,249.1307,0.0907,0.39,-0.04,99960,1,6.29,1,1,1,1,False,2.12,1.83,-2.3,5,★,"RSI적정, MACD상승, 20선근접, 정배열(단), MACD>Sig, VWAP상회",1.8,23,243.8,3.7046666666666663,2.0,1.1967213114754098,0.0,1,🌪️ 에너지 응축 시작 (4일차). 📉 매도세 우위. 🚀 단기 모멘텀 가속. ✅ 20일선 눌림목 구간. (매수 유효),59.1,53.6,64.7,🌤 중립,1.미디어·콘텐츠(+4.0%) / 2.유통·소비재(+3.7%) / 3.바이오·의약품(+3.2%) / 4.금융(+1.6%) / 5.철강·금속(+0.9%),4,4,20251219,20251219,16.7,6.04,-2.3,-19.0,106800,106000,0.7547169811320753,20251222,20251219
021240,코웨이,KOSPI,그외 기타 개인 서비스업,그외 기타 개인 서비스업,서비스 기타,88700,195.98,63783.4,88700,82400,96200,103700,87.0,78.9,87.9,🔺 Watch (관찰·돌파예상),④ 바닥 반등 시도,0.57,-8.93,-3.77,-32.7,-39.49,32,0.95,0.89,1.0,1.0,0.31,0.09,0.8,57.4,63.1,1.14,89464,-0.85,,541.9779,0.0748,0.75,0.55,92230,-1,8.47,1,1,1,1,False,2.9,0.91,-16.0,4,,"RSI적정, MACD상승, 20선근접, 자금유입, MACD>Sig",1.8,28,248.4,-0.7638095238095237,9.0,1.1904761904761905,0.0,-1,🌪️ 32일 연속 응축 중! 폭발 임박. 📉 매도세 우위. 💸 자금 유입 지속. 🚀 단기 모멘텀 가속. ✅ 20일선 눌림목 구간.,59.1,53.6,64.7,🌤 중립,1.미디어·콘텐츠(+4.0%) / 2.유통·소비재(+3.7%) / 3.바이오·의약품(+3.2%) / 4.금융(+1.6%) / 5.철강·금속(+0.9%),4,5,20251219,20251219,16.7,6.04,-16.0,-32.7,89400,88700,0.7891770011273946,20251222,20251219
071050,한국금융지주,KOSPI,기타 금융업,기타 금융업,금융,162700,512.13,90666.2,162700,151300,176400,190100,87.0,82.5,86.0,↩️ PULL (눌림),⑤ 하락 / 약세,6.27,14.34,1.93,-13.27,-16.22,5,0.96,0.88,1.0,1.0,0.2,0.38,0.76,53.4,50.9,1.03,161090,1.0,,-91.3101,-0.0514,1.26,0.23,175040,-1,8.11,1,1,1,1,False,-2.81,-0.79,3.43,5,★,"RSI적정, 20선근접, 거래량↑, 장기추세(120↑), VWAP상회",1.8,15,244.1,1.6223684210526317,4.0,1.2017543859649122,0.0,-1,🌪️ 5일 연속 응축 중! 폭발 임박. 📉 매도세 우위. ✅ 20일선 눌림목 구간. (매수 유효),59.1,53.6,64.7,🌤 중립,1.미디어·콘텐츠(+4.0%) / 2.유통·소비재(+3.7%) / 3.바이오·의약품(+3.2%) / 4.금융(+1.6%) / 5.철강·금속(+0.9%),5,6,20251219,20251219,16.7,6.04,3.43,-13.27,159500,162700,-1.9668100799016597,20251222,20251219
047810,한국항공우주,KOSPI,"항공기,우주선 및 부품 제조업","항공기,우주선 및 부품 제조업",기타,108800,923.4,106052.9,108800,102100,116800,124700,86.2,83.5,83.9,↩️ PULL (눌림),⑤ 하락 / 약세,2.06,14.89,-2.28,-17.7,-15.67,12,0.95,0.77,0.92,1.0,0.21,0.76,0.73,53.1,59.2,0.23,110050,-1.14,,-217.3023,-0.1593,1.36,-1.89,102190,1,9.36,1,1,1,1,True,-5.47,2.45,-1.0,5,★,"RSI적정, 20선근접, 거래량↑, 정배열(단), 장기추세(120↑)",1.8,22,239.4,0.4430701754385964,6.0,1.1940298507462686,0.0,1,🌪️ 12일 연속 응축 중! 폭발 임박. 🧱 구조적 지지선(Swing Low) 근접. 📉 매도세 우위. ✅ 20일선 눌림목 구간. (매수 유효),59.1,53.6,64.7,🌤 중립,1.미디어·콘텐츠(+4.0%) / 2.유통·소비재(+3.7%) / 3.바이오·의약품(+3.2%) / 4.금융(+1.6%) / 5.철강·금속(+0.9%),5,7,20251219,20251219,16.7,6.04,-1.0,-17.7,113000,108800,3.860294117647056,20251222,20251219
000990,DB하이텍,KOSPI,반도체 제조업,반도체 제조업,반도체,65300,215.29,28408.5,65300,60700,70800,76300,85.5,77.2,86.1,↩️ PULL (눌림),③ 박스 / 중립,5.49,41.19,1.15,-4.88,10.63,5,0.96,0.88,1.0,1.0,0.21,0.11,0.79,53.0,71.7,1.01,65679,-0.58,,-273.8292,-0.095,0.91,0.24,59565,1,10.29,0,1,1,1,True,-3.4,0.77,11.82,5,★,"RSI적정, 20선근접, 정배열(단), 장기추세(120↑), 자금유입",1.8,38,248.1,-2.078888888888889,11.0,1.1956521739130437,0.0,1,🌪️ 5일 연속 응축 중! 폭발 임박. 🧱 구조적 지지선(Swing Low) 근접. 📉 매도세 우위. 💰 외국인/기관 수급 집중. ✅ 20일선 눌림목 구간.,59.1,53.6,64.7,🌤 중립,1.미디어·콘텐츠(+4.0%) / 2.유통·소비재(+3.7%) / 3.바이오·의약품(+3.2%) / 4.금융(+1.6%) / 5.철강·금속(+0.9%),3,8,20251219,20251219,16.7,6.04,11.82,-4.88,68300,65300,4.594180704441042,20251222,20251219
042520,한스바이오메드,KOSDAQ,의료용품 및 기타 의약 관련제품 제조업,의료용품 및 기타 의약 관련제품 제조업,기타,31400,381.71,4247.3,31400,29200,34700,38000,83.0,87.6,94.1,🔁 MR (반전),① 강한 상승 추세,-9.64,248.12,-15.58,90.46,231.96,0,1.0,1.0,1.0,1.0,0.7,0.26,0.59,56.9,50.2,1.9,32528,-3.47,,111.7749,0.0381,2.0,0.06,25460,1,32.28,0,0,0,1,False,-6.13,11.35,96.5,7,★,"RSI적정, MACD상승, 20선근접, 거래량↑, 정배열(단), 장기추세(120↑), MACD>Sig",2.0,79,248.1,0.4430701754385964,6.0,1.5,0.0,1,📉 매도세 우위. 🚀 단기 모멘텀 가속. ✅ 20일선 눌림목 구간. (매수 유효),59.1,53.6,64.7,🌤 중립,1.미디어·콘텐츠(+4.0%) / 2.유통·소비재(+3.7%) / 3.바이오·의약품(+3.2%) / 4.금융(+1.6%) / 5.철강·금속(+0.9%),1,9,20251219,20251219,16.7,6.04,96.5,90.46,30300,31400,-3.5031847133757954,20251222,20251219
347850,디앤디파마텍,KOSDAQ,자연과학 및 공학 연구개발업,자연과학 및 공학 연구개발업,기타,92300,2580.05,40183.2,92300,85800,102000,111700,82.8,100.0,96.0,🔺 Watch (관찰·돌파예상),⑤ 하락 / 약세,-2.12,194.13,-8.06,116.28,177.97,0,1.0,1.0,1.0,1.0,0.8,1.0,0.78,48.9,56.1,-0.94,93341,-1.12,,-1302.3876,0.1935,1.23,0.36,74790,1,25.85,0,0,0,0,False,5.25,-3.75,122.32,6,★,"RSI적정, MACD상승, 20선근접, 거래량↑, 정배열(단), 장기추세(120↑)",2.0,27,249.2,0.4430701754385964,6.0,1.4923076923076923,0.0,1,📉 매도세 우위. 🚀 단기 모멘텀 가속. ✅ 20일선 눌림목 구간. (강력 매수),59.1,53.6,64.7,🌤 중립,1.미디어·콘텐츠(+4.0%) / 2.유통·소비재(+3.7%) / 3.바이오·의약품(+3.2%) / 4.금융(+1.6%) / 5.철강·금속(+0.9%),5,10,20251219,20251219,16.7,6.04,122.32,116.28,91900,92300,-0.43336944745395733,20251222,20251219
226950,올릭스,KOSDAQ,자연과학 및 공학 연구개발업,자연과학 및 공학 연구개발업,기타,135300,1289.16,27316.9,134000,124500,145300,156500,81.6,80.7,77.1,↩️ PULL (눌림),② 상승 후 조정,1.73,257.94,-4.21,29.12,241.78,4,0.74,0.78,1.0,0.78,0.36,1.0,0.7,49.5,55.0,4.04,137009,-1.25,,-158.0343,-0.0955,0.99,0.13,112050,1,21.32,0,1,1,1,False,3.12,13.13,35.16,4,,"RSI적정, 20선근접, 정배열(단), 장기추세(120↑)",1.8,18,241.2,0.4430701754385964,6.0,0.925925925925926,0.9701492537313432,1,🌪️ 에너지 응축 시작 (4일차). 📉 매도세 우위.  (매수 유효),59.1,53.6,64.7,🌤 중립,1.미디어·콘텐츠(+4.0%) / 2.유통·소비재(+3.7%) / 3.바이오·의약품(+3.2%) / 4.금융(+1.6%) / 5.철강·금속(+0.9%),2,11,20251219,20251219,16.7,6.04,35.16,29.12,128300,134000,-4.253731343283585,20251222,20251219
220100,퓨쳐켐,KOSDAQ,의약품 제조업,의약품 제조업,바이오·의약품,30800,209.49,6899.4,30800,28600,33400,36000,81.1,77.5,87.0,↩️ PULL (눌림),② 상승 후 조정,-4.05,98.71,-9.99,59.73,82.55,7,0.94,0.89,1.0,1.0,0.27,0.1,0.7,42.9,50.5,-1.72,31318,-1.66,,-539.7914,-0.1072,0.57,0.14,25280,1,16.63,0,1,1,0,False,-0.65,1.82,65.77,2,,"정배열(단), 장기추세(120↑)",1.8,81,249.5,3.2100000000000004,3.0,1.181818181818182,0.0,1,🌪️ 7일 연속 응축 중! 폭발 임박. 📉 매도세 우위. ✅ 20일선 눌림목 구간.,59.1,53.6,64.7,🌤 중립,1.미디어·콘텐츠(+4.0%) / 2.유통·소비재(+3.7%) / 3.바이오·의약품(+3.2%) / 4.금융(+1.6%) / 5.철강·금속(+0.9%),2,12,20251219,20251219,16.7,6.04,65.77,59.73,30150,30800,-2.110389610389607,20251222,20251219
011170,롯데케미칼,KOSPI,기초 화학물질 제조업,기초 화학물질 제조업,화학·소재,71200,144.29,30456.1,71200,66200,77200,83200,81.0,76.8,87.2,🔁 MR (반전),④ 바닥 반등 시도,-8.72,13.74,-13.06,-8.98,-16.82,3,0.96,0.88,1.0,1.0,0.27,0.04,0.67,46.5,52.5,-3.57,74941,-4.99,,-201.5581,0.0507,1.19,-0.31,79030,-1,8.96,1,1,1,0,True,-4.3,-2.33,7.72,4,,"RSI적정, MACD상승, 정배열(단), 장기추세(120↑)",1.8,35,249.2,-0.4253125000000002,8.0,1.2,0.0,-1,🌪️ 에너지 응축 시작 (3일차). 🧱 구조적 지지선(Swing Low) 근접. 📉 매도세 우위. 🚀 단기 모멘텀 가속. ,59.1,53.6,64.7,🌤 중립,1.미디어·콘텐츠(+4.0%) / 2.유통·소비재(+3.7%) / 3.바이오·의약품(+3.2%) / 4.금융(+1.6%) / 5.철강·금속(+0.9%),4,13,20251219,20251219,16.7,6.04,7.72,-8.98,73300,71200,2.949438202247201,20251222,20251219
010950,S-Oil,KOSPI,석유 정제품 제조업,석유 정제품 제조업,기타,81500,135.58,91755.0,81500,77000,86900,92200,80.9,70.7,81.3,↩️ PULL (눌림),② 상승 후 조정,-9.14,40.03,-13.48,24.3,9.47,1,0.96,0.7,0.78,1.0,0.19,0.03,0.7,57.8,53.8,0.62,84382,-3.42,,-248.0281,-0.0502,0.53,-0.62,77080,1,11.08,0,1,1,1,True,-0.12,1.24,41.0,4,,"RSI적정, 20선근접, 정배열(단), 장기추세(120↑)",1.8,30,244.5,0.4430701754385964,6.0,1.2,0.0,1,🌪️ 에너지 응축 시작 (1일차). 🧱 구조적 지지선(Swing Low) 근접. 📉 매도세 우위. ✅ 20일선 눌림목 구간.,59.1,53.6,64.7,🌤 중립,1.미디어·콘텐츠(+4.0%) / 2.유통·소비재(+3.7%) / 3.바이오·의약품(+3.2%) / 4.금융(+1.6%) / 5.철강·금속(+0.9%),2,14,20251219,20251219,16.7,6.04,41.0,24.3,84000,81500,3.0674846625766916,20251222,20251219
298040,효성중공업,KOSPI,"전동기, 발전기 및 전기 변환 · 공급 · 제어 장치 제조업","전동기, 발전기 및 전기 변환 · 공급 · 제어 장치 제조업",인프라·에너지,1850000,659.73,172504.1,1850000,1720000,2006000,2161000,80.8,78.1,86.1,↩️ PULL (눌림),② 상승 후 조정,-3.14,114.37,-7.48,13.22,83.81,5,0.96,0.88,1.0,1.0,0.21,0.51,0.64,53.5,62.0,-3.44,1881928,-1.7,,-14291.4471,-0.101,0.62,-1.1,2079300,-1,12.49,0,1,1,0,True,-5.71,-8.05,29.92,4,,"RSI적정, 정배열(단), 장기추세(120↑), 자금유입",1.8,1,185.0,-4.486,14.0,1.2,0.0,-1,🌪️ 5일 연속 응축 중! 폭발 임박. 🧱 구조적 지지선(Swing Low) 근접. 📉 매도세 우위. 💸 자금 유입 지속. ,59.1,53.6,64.7,🌤 중립,1.미디어·콘텐츠(+4.0%) / 2.유통·소비재(+3.7%) / 3.바이오·의약품(+3.2%) / 4.금융(+1.6%) / 5.철강·금속(+0.9%),2,15,20251219,20251219,16.7,6.04,29.92,13.22,1850000,1850000,0.0,20251222,20251219
006800,미래에셋증권,KOSPI,금융 지원 서비스업,금융 지원 서비스업,서비스 기타,22700,4495.36,128728.5,22400,20150,26900,31400,80.5,76.9,77.1,🔻 REV (역추세 반등),④ 바닥 반등 시도,7.33,3.89,2.99,-13.75,-26.67,7,1.0,1.0,0.36,0.69,0.44,1.0,0.29,56.2,71.7,4.38,22083,2.79,,105.1495,0.0842,4.49,0.82,23010,-1,9.74,1,1,1,1,False,2.25,3.89,2.95,8,★,"RSI적정, MACD상승, 20선근접, 거래량↑, 장기추세(120↑), 자금유입, MACD>Sig, VWAP상회",2.5,88,197.1,-0.7638095238095237,9.0,1.6470588235294117,1.3392857142857142,-1,🌪️ 7일 연속 응축 중! 폭발 임박. 💰 외국인/기관 수급 집중. 🚀 단기 모멘텀 가속. ,59.1,53.6,64.7,🌤 중립,1.미디어·콘텐츠(+4.0%) / 2.유통·소비재(+3.7%) / 3.바이오·의약품(+3.2%) / 4.금융(+1.6%) / 5.철강·금속(+0.9%),4,16,20251219,20251219,16.7,6.04,2.95,-13.75,23000,22400,2.678571428571419,20251222,20251219
298380,에이비엘바이오,KOSDAQ,기초 의약물질 제조업,기초 의약물질 제조업,기타,190400,2212.06,104958.3,190400,177000,206500,222500,80.4,90.3,87.9,↩️ PULL (눌림),② 상승 후 조정,6.49,188.48,0.55,69.77,172.32,0,0.96,0.89,1.0,1.0,0.5,1.0,0.79,45.8,53.6,0.95,189473,0.49,,-3787.1812,-0.1975,1.03,0.17,172740,1,22.09,0,0,0,1,False,0.21,-0.1,75.81,5,★,"RSI적정, 20선근접, 정배열(단), 장기추세(120↑), VWAP상회",2.0,13,247.5,0.4430701754385964,6.0,1.2014925373134329,0.0,1,📉 매도세 우위. ✅ 20일선 눌림목 구간. (강력 매수),59.1,53.6,64.7,🌤 중립,1.미디어·콘텐츠(+4.0%) / 2.유통·소비재(+3.7%) / 3.바이오·의약품(+3.2%) / 4.금융(+1.6%) / 5.철강·금속(+0.9%),2,17,20251219,20251219,16.7,6.04,75.81,69.77,185400,190400,-2.626050420168069,20251222,20251219
278470,에이피알,KOSPI,기타 화학제품 제조업,기타 화학제품 제조업,화학·소재,243000,712.95,90956.5,243000,226000,263000,283000,80.0,79.8,83.8,↩️ PULL (눌림),⑤ 하락 / 약세,2.1,62.76,-2.24,-7.98,32.2,4,0.94,0.86,1.0,1.0,0.13,0.56,0.62,45.0,41.2,-3.9,254918,-4.68,,-1454.8778,-0.1429,0.55,-0.63,226350,1,11.63,0,1,1,0,True,-1.82,-4.52,8.72,2,,"정배열(단), 장기추세(120↑)",1.8,10,243.0,-0.4253125000000002,8.0,1.1764705882352942,0.0,1,🌪️ 에너지 응축 시작 (4일차). 🧱 구조적 지지선(Swing Low) 근접. 📉 매도세 우위. ,59.1,53.6,64.7,🌤 중립,1.미디어·콘텐츠(+4.0%) / 2.유통·소비재(+3.7%) / 3.바이오·의약품(+3.2%) / 4.금융(+1.6%) / 5.철강·금속(+0.9%),5,18,20251219,20251219,16.7,6.04,8.72,-7.98,244000,243000,0.4115226337448652,20251222,20251219
067310,하나마이크론,KOSDAQ,반도체 제조업,반도체 제조업,반도체,23350,334.06,15499.3,23350,21700,25350,27300,79.9,74.7,86.3,🔁 MR (반전),⑤ 하락 / 약세,3.32,87.7,-2.62,12.31,71.54,14,0.97,0.9,1.0,1.0,0.21,0.22,0.65,38.0,46.7,-5.22,23966,-2.57,,-137.7809,0.006,1.03,-0.17,27055,-1,12.65,0,1,1,0,True,-5.27,-7.71,18.35,2,,"MACD상승, 장기추세(120↑)",1.8,107,249.8,-2.078888888888889,11.0,1.2121212121212122,0.0,-1,🌪️ 14일 연속 응축 중! 폭발 임박. 🧱 구조적 지지선(Swing Low) 근접. 📉 매도세 우위. 📈 상승 모멘텀 개선. 📉 과매도 기술적 반등 기대.,59.1,53.6,64.7,🌤 중립,1.미디어·콘텐츠(+4.0%) / 2.유통·소비재(+3.7%) / 3.바이오·의약품(+3.2%) / 4.금융(+1.6%) / 5.철강·금속(+0.9%),5,19,20251219,20251219,16.7,6.04,18.35,12.31,25450,23350,8.993576017130621,20251222,20251219
001450,현대해상,KOSPI,보험업,보험업,금융,30300,148.52,27088.2,30300,28350,34200,38050,79.8,86.9,88.5,🔺 Watch (관찰·돌파예상),④ 바닥 반등 시도,9.39,13.27,5.05,-9.06,-17.29,0,1.0,1.0,0.97,1.0,0.44,0.04,0.73,53.0,54.2,2.02,30095,0.68,,16.1289,0.0971,1.41,0.38,28155,1,9.67,1,0,0,1,False,2.89,0.17,7.64,8,★,"RSI적정, MACD상승, 20선근접, 거래량↑, 정배열(단), 장기추세(120↑), MACD>Sig, VWAP상회",1.8,82,248.5,1.6223684210526317,4.0,2.0,0.0,1,🔇 변동성 축소 (BW 9.7%). 📉 매도세 우위. 🚀 단기 모멘텀 가속.  (매수 유효),59.1,53.6,64.7,🌤 중립,1.미디어·콘텐츠(+4.0%) / 2.유통·소비재(+3.7%) / 3.바이오·의약품(+3.2%) / 4.금융(+1.6%) / 5.철강·금속(+0.9%),4,20,20251219,20251219,16.7,6.04,7.64,-9.06,30950,30300,2.1452145214521545,20251222,20251219
195870,해성디에스,KOSPI,전자부품 제조업,전자부품 제조업,IT/전기전자,54400,308.49,9248.0,53900,50100,61500,69100,79.6,85.2,89.2,🔺 Watch (관찰·돌파예상),① 강한 상승 추세,12.98,87.26,8.64,79.69,56.7,0,1.0,1.0,1.0,0.79,0.78,0.19,0.75,53.4,65.2,3.9,55146,-1.35,,48.0934,0.3385,1.84,1.5,47210,1,19.33,0,0,0,1,False,3.23,3.03,96.39,8,★,"RSI적정, MACD상승, 20선근접, 거래량↑, 정배열(단), 장기추세(120↑), 자금유입, MACD>Sig",2.0,46,247.9,-0.1778431372549019,7.0,1.6511627906976745,0.927643784786642,1,💪 매수세 장악(Power Buying). 💸 자금 유입 지속. 🚀 단기 모멘텀 가속.  (매수 유효),59.1,53.6,64.7,🌤 중립,1.미디어·콘텐츠(+4.0%) / 2.유통·소비재(+3.7%) / 3.바이오·의약품(+3.2%) / 4.금융(+1.6%) / 5.철강·금속(+0.9%),1,21,20251219,20251219,16.7,6.04,96.39,79.69,57200,53900,6.1224489795918435,20251222,20251219
033780,KT&G,KOSPI,담배 제조업,담배 제조업,기타,146700,437.27,173071.7,146700,137600,164900,183100,79.4,88.0,87.4,🔺 Watch (관찰·돌파예상),④ 바닥 반등 시도,0.76,17.55,-3.58,-12.21,-13.01,0,1.0,1.0,0.93,1.0,0.4,0.31,0.94,56.7,49.9,2.1,146141,0.38,망치형,140.0568,0.0666,1.03,1.54,137040,1,6.58,1,0,0,1,False,3.6,2.59,4.49,8,★,"RSI적정, MACD상승, 20선근접, 정배열(단), 장기추세(120↑), MACD>Sig, VWAP상회, 패턴(망치형)",1.8,17,249.4,0.4430701754385964,6.0,2.0,0.0,1,🔇 변동성 축소 (BW 6.6%). 💪 매수세 장악(Power Buying). 🚀 단기 모멘텀 가속.  (매수 유효),59.1,53.6,64.7,🌤 중립,1.미디어·콘텐츠(+4.0%) / 2.유통·소비재(+3.7%) / 3.바이오·의약품(+3.2%) / 4.금융(+1.6%) / 5.철강·금속(+0.9%),4,22,20251219,20251219,16.7,6.04,4.49,-12.21,144800,146700,-1.2951601908657073,20251222,20251219
178320,서진시스템,KOSDAQ,기타 전기장비 제조업,기타 전기장비 제조업,IT/전기전자,25850,63.0,14548.9,25850,24000,28050,30200,79.0,72.0,77.1,↩️ PULL (눌림),② 상승 후 조정,18.58,16.97,12.64,8.85,0.81,1,0.95,0.89,1.0,1.0,0.27,0.0,0.76,51.2,51.3,0.66,26088,-0.92,,3.1532,-0.2067,0.58,0.34,24005,1,14.49,0,1,1,1,True,-4.26,1.37,14.89,5,★,"RSI적정, 20선근접, 정배열(단), 장기추세(120↑), MACD>Sig",1.8,96,248.2,-0.1778431372549019,7.0,1.1891891891891893,0.0,1,🌪️ 에너지 응축 시작 (1일차). 🧱 구조적 지지선(Swing Low) 근접. 📉 매도세 우위. ✅ 20일선 눌림목 구간.,59.1,53.6,64.7,🌤 중립,1.미디어·콘텐츠(+4.0%) / 2.유통·소비재(+3.7%) / 3.바이오·의약품(+3.2%) / 4.금융(+1.6%) / 5.철강·금속(+0.9%),2,23,20251219,20251219,16.7,6.04,14.89,8.85,26500,25850,2.5145067698259194,20251222,20251219
353200,대덕전자,KOSPI,전자부품 제조업,전자부품 제조업,IT/전기전자,46500,673.17,22978.9,46500,43200,50500,54400,78.1,88.9,93.5,↩️ PULL (눌림),⑤ 하락 / 약세,-1.8,160.8,-6.14,54.57,130.24,0,0.97,0.9,1.0,1.0,0.76,0.53,0.69,45.0,49.5,-3.73,46338,0.35,,-668.0689,0.1351,1.01,-0.28,41395,1,14.97,0,0,0,0,True,-1.9,-3.53,71.27,5,★,"RSI적정, MACD상승, 정배열(단), 장기추세(120↑), VWAP상회",2.0,53,246.4,-0.1778431372549019,7.0,1.2121212121212122,0.0,1,🧱 구조적 지지선(Swing Low) 근접. 📉 매도세 우위. 🚀 단기 모멘텀 가속.  (매수 유효),59.1,53.6,64.7,🌤 중립,1.미디어·콘텐츠(+4.0%) / 2.유통·소비재(+3.7%) / 3.바이오·의약품(+3.2%) / 4.금융(+1.6%) / 5.철강·금속(+0.9%),5,24,20251219,20251219,16.7,6.04,71.27,54.57,48100,46500,3.440860215053765,20251222,20251219
214150,클래시스,KOSDAQ,의료용 기기 제조업,의료용 기기 제조업,기타,57700,220.16,37796.8,57700,53600,63800,69900,78.1,83.6,87.2,🔺 Watch (관찰·돌파예상),③ 박스 / 중립,4.34,-7.83,-1.6,2.62,-23.99,0,1.0,1.0,1.0,1.0,0.36,0.11,0.72,46.6,51.4,2.45,57901,-0.35,,-19.8933,0.0247,1.47,0.52,52580,1,17.53,0,0,0,1,False,1.76,4.34,8.66,6,★,"RSI적정, MACD상승, 20선근접, 거래량↑, 정배열(단), 장기추세(120↑)",2.0,43,248.1,0.4430701754385964,6.0,1.4878048780487805,0.0,1,📉 매도세 우위. 🚀 단기 모멘텀 가속.  (매수 유효),59.1,53.6,64.7,🌤 중립,1.미디어·콘텐츠(+4.0%) / 2.유통·소비재(+3.7%) / 3.바이오·의약품(+3.2%) / 4.금융(+1.6%) / 5.철강·금속(+0.9%),3,25,20251219,20251219,16.7,6.04,8.66,2.62,56100,57700,-2.772963604852685,20251222,20251219
005940,NH투자증권,KOSPI,금융 지원 서비스업,금융 지원 서비스업,서비스 기타,21000,167.42,74832.3,21000,20000,22200,23400,77.9,66.2,78.2,↩️ PULL (눌림),⑤ 하락 / 약세,2.19,2.94,-2.15,-14.76,-27.62,7,0.96,0.6,0.57,1.0,0.2,0.06,0.78,54.9,48.9,0.35,20992,0.03,,-39.7959,-0.0341,1.12,0.04,19690,1,5.28,1,1,1,1,True,-1.41,-1.87,1.94,5,★,"RSI적정, 20선근접, 정배열(단), 장기추세(120↑), VWAP상회",1.8,119,249.9,-0.7638095238095237,9.0,1.2,0.0,1,🌪️ 7일 연속 응축 중! 폭발 임박. 🧱 구조적 지지선(Swing Low) 근접. 📉 매도세 우위. ✅ 20일선 눌림목 구간.,59.1,53.6,64.7,🌤 중립,1.미디어·콘텐츠(+4.0%) / 2.유통·소비재(+3.7%) / 3.바이오·의약품(+3.2%) / 4.금융(+1.6%) / 5.철강·금속(+0.9%),5,26,20251219,20251219,16.7,6.04,1.94,-14.76,21250,21000,1.1904761904761862,20251222,20251219
161390,한국타이어앤테크놀로지,KOSPI,고무제품 제조업,고무제품 제조업,화학·소재,61200,124.19,75811.5,61200,57500,66700,72200,77.5,80.1,88.2,↩️ PULL (눌림),① 강한 상승 추세,5.7,52.05,1.36,42.67,21.49,0,1.0,0.94,0.9,1.0,0.49,0.02,0.71,53.0,52.5,1.2,60224,1.62,,-603.6408,0.0218,0.67,-0.36,56420,1,9.2,1,0,0,1,True,-0.49,-2.55,59.38,6,★,"RSI적정, MACD상승, 20선근접, 정배열(단), 장기추세(120↑), VWAP상회",1.8,40,244.8,-0.4253125000000002,8.0,1.4864864864864864,0.0,1,🔇 변동성 축소 (BW 9.2%). 🧱 구조적 지지선(Swing Low) 근접. 📉 매도세 우위. 🚀 단기 모멘텀 가속. ✅ 20일선 눌림목 구간. (매수 유효),59.1,53.6,64.7,🌤 중립,1.미디어·콘텐츠(+4.0%) / 2.유통·소비재(+3.7%) / 3.바이오·의약품(+3.2%) / 4.금융(+1.6%) / 5.철강·금속(+0.9%),1,27,20251219,20251219,16.7,6.04,59.38,42.67,60600,61200,-0.9803921568627416,20251222,20251219
240810,원익IPS,KOSDAQ,특수 목적용 기계 제조업,특수 목적용 기계 제조업,조선·기계·설비,57600,251.48,28272.3,57600,53500,62500,67300,77.2,68.5,84.8,↩️ PULL (눌림),② 상승 후 조정,1.59,114.93,-4.35,20.28,98.77,7,0.95,0.89,1.0,1.0,0.15,0.14,0.63,39.8,37.9,-5.57,59559,-3.29,,-491.4555,-0.1186,1.06,-1.06,67380,-1,10.76,0,1,1,0,True,-7.69,-6.8,26.32,2,,"정배열(단), 장기추세(120↑)",1.8,43,247.7,-2.787192982456141,12.0,1.195121951219512,0.0,-1,🌪️ 7일 연속 응축 중! 폭발 임박. 🧱 구조적 지지선(Swing Low) 근접. 📉 매도세 우위. 📉 과매도 기술적 반등 기대.,59.1,53.6,64.7,🌤 중립,1.미디어·콘텐츠(+4.0%) / 2.유통·소비재(+3.7%) / 3.바이오·의약품(+3.2%) / 4.금융(+1.6%) / 5.철강·금속(+0.9%),2,28,20251219,20251219,16.7,6.04,26.32,20.28,63000,57600,9.375,20251222,20251219
010140,삼성중공업,KOSPI,선박 및 보트 건조업,선박 및 보트 건조업,조선·기계·설비,25400,1263.89,223520.0,25400,23600,28100,30750,77.0,85.2,84.5,↩️ PULL (눌림),③ 박스 / 중립,0.2,55.64,-4.14,1.71,25.08,0,1.0,1.0,1.0,1.0,0.23,1.0,0.69,56.8,61.1,0.76,24840,2.25,,-107.0522,-0.2088,1.52,-0.67,26695,-1,12.7,0,0,0,1,False,-3.42,-0.2,18.41,7,★,"RSI적정, 20선근접, 거래량↑, 정배열(단), 장기추세(120↑), 자금유입, VWAP상회",2.0,98,248.9,-2.787192982456141,12.0,1.5,0.0,-1,📉 매도세 우위. 💸 자금 유입 지속. ✅ 20일선 눌림목 구간. (매수 유효),59.1,53.6,64.7,🌤 중립,1.미디어·콘텐츠(+4.0%) / 2.유통·소비재(+3.7%) / 3.바이오·의약품(+3.2%) / 4.금융(+1.6%) / 5.철강·금속(+0.9%),3,29,20251219,20251219,16.7,6.04,18.41,1.71,24850,25400,-2.1653543307086576,20251222,20251219
323280,태성,KOSDAQ,특수 목적용 기계 제조업,특수 목적용 기계 제조업,조선·기계·설비,47900,319.43,14609.8,47900,44500,52000,56000,76.9,77.9,88.2,↩️ PULL (눌림),② 상승 후 조정,23.61,91.22,17.67,77.13,75.06,0,0.96,0.9,1.0,1.0,0.51,0.2,0.7,62.4,74.1,3.03,51804,-7.54,,-368.4266,-0.5527,0.88,-0.63,42315,1,49.13,0,0,0,1,True,-7.53,0.63,83.17,5,★,"RSI적정, 20선근접, 정배열(단), 장기추세(120↑), 자금유입",2.0,52,249.1,-2.787192982456141,12.0,1.2058823529411764,0.0,1,🧱 구조적 지지선(Swing Low) 근접. 📉 매도세 우위. 💰 외국인/기관 수급 집중. ,59.1,53.6,64.7,🌤 중립,1.미디어·콘텐츠(+4.0%) / 2.유통·소비재(+3.7%) / 3.바이오·의약품(+3.2%) / 4.금융(+1.6%) / 5.철강·금속(+0.9%),2,30,20251219,20251219,16.7,6.04,83.17,77.13,49000,47900,2.2964509394572064,20251222,20251219
