종목코드,종목명,기준일,업종,종가,거래대금(억원),RSI14,MFI14,MACD_Slope,BandWidth,ret_5d_%,ret_10d_%,ret_60d_%,rel_60d_%,EBS,근거,추천매수가,손절가,추천매도가1,RR1,Now%,ma20_above,업종_대분류,Sector_Mom_5d,LDY_SCORE,ENTRY_SCORE,ROUTE,REGIME
054540,삼영엠텍,20251212,"구조용 금속제품, 탱크 및 증기발생기 제조업",14860,95.9,59.6,77.3,5.28256,35.1,1.23,8.31,-1.65,-12.31,4,수급↑,14856,13370,17827,2.0,0.03,1,기타,5.58321554770318,87.2,99.9,🔻 REV (역추세 반등),④ 바닥 반등 시도
195870,해성디에스,20251212,전자부품 제조업,52700,116.8,60.8,61.1,9.71895,16.7,-0.19,7.88,107.48,84.76,4,수급↑,52245,47137,62459,2.0,0.87,1,기타,5.58321554770318,86.5,96.5,🔺 Watch (상승 준비),① 강한 상승 추세
329180,HD현대중공업,20251212,선박 및 보트 건조업,573000,734.6,56.7,69.0,945.99021,18.0,7.3,7.1,12.35,-10.37,4,수급↑,555700,506842,653414,2.0,3.11,1,기타,5.58321554770318,85.1,87.6,🔼 BRK (돌파),④ 바닥 반등 시도
064350,현대로템,20251212,철도장비 제조업,186400,1060.7,60.0,63.2,118.53871,16.7,2.42,6.09,-13.3,-36.02,4,수급↑,181990,166475,213018,2.0,2.42,1,기타,5.58321554770318,83.6,90.3,🔻 REV (역추세 반등),④ 바닥 반등 시도
443060,HD현대마린솔루션,20251212,"건축기술, 엔지니어링 및 관련 기술 서비스업",203000,136.8,47.2,60.1,358.48864,17.9,4.16,9.08,-5.58,-28.3,4,수급↑,196915,181257,228229,2.0,3.09,1,기타,5.58321554770318,81.4,87.6,🔼 BRK (돌파),④ 바닥 반등 시도
075580,세진중공업,20251212,선박 및 보트 건조업,18300,109.4,54.9,62.3,29.00154,17.3,2.18,3.92,-27.52,-50.24,4,수급↑,18228,16632,21419,2.0,0.39,1,기타,5.58321554770318,81.3,98.4,🔻 REV (역추세 반등),④ 바닥 반등 시도
474170,루미르,20251212,"항공기,우주선 및 부품 제조업",8060,58.6,51.8,69.1,35.84091,20.4,7.75,4.0,0.12,-10.54,4,수급↑,7859,7073,9431,2.0,2.55,1,기타,5.58321554770318,79.9,89.8,🔼 BRK (돌파),④ 바닥 반등 시도
010140,삼성중공업,20251212,선박 및 보트 건조업,26300,538.1,59.4,71.0,17.07298,11.9,3.34,6.91,19.55,-3.17,4,수급↑,25427,23738,28806,2.0,3.43,1,기타,5.58321554770318,78.7,86.3,🔼 BRK (돌파),③ 박스 / 중립
413630,씨피시스템,20251212,플라스틱제품 제조업,4670,109.5,63.8,81.8,2.35156,31.9,4.01,10.93,52.86,42.2,4,수급↑,4402,3962,5282,2.0,6.08,1,기타,5.58321554770318,78.6,75.7,🔼 BRK (돌파),① 강한 상승 추세
012450,한화에어로스페이스,20251212,"항공기,우주선 및 부품 제조업",961000,2550.3,64.9,60.8,2370.43824,20.7,7.37,12.79,-4.09,-26.81,4,수급↑,891400,812542,1049114,2.0,7.81,1,기타,5.58321554770318,78.4,68.8,🔼 BRK (돌파),④ 바닥 반등 시도
009540,HD한국조선해양,20251212,기타 금융업,449500,371.5,56.9,60.4,284.56655,12.0,4.05,9.63,7.92,-14.8,4,수급↑,428325,398896,487182,2.0,4.94,1,금융,2.2256249999999995,78.0,72.5,🔼 BRK (돌파),④ 바닥 반등 시도
298040,효성중공업,20251212,"전동기, 발전기 및 전기 변환 · 공급 · 제어 장치 제조업",1962000,1834.3,54.2,59.5,2041.40714,16.8,-2.49,3.21,35.78,13.06,3,,1956850,1761165,2250377,1.5,0.26,1,기타,5.58321554770318,77.7,91.5,↩️ PULL (눌림),① 강한 상승 추세
069960,현대백화점,20251212,종합 소매업,95000,62.6,54.7,69.4,137.31706,11.7,0.85,4.17,18.9,-3.82,4,수급↑,93355,85869,108326,2.0,1.76,1,기타,5.58321554770318,77.5,93.0,🔺 Watch (상승 준비),③ 박스 / 중립
408900,스튜디오미르,20251212,"영화, 비디오물, 방송프로그램 제작 및 배급업",3235,102.5,58.2,73.2,12.41746,10.2,3.35,-1.97,-27.95,-38.61,4,수급↑,3178,2883,3768,2.0,1.77,1,기타,5.58321554770318,76.1,92.9,🔼 BRK (돌파),④ 바닥 반등 시도
032350,롯데관광개발,20251212,여행사 및 기타 여행보조 서비스업,23400,148.8,56.6,60.7,16.85502,24.4,9.6,21.43,35.89,13.17,4,수급↑,21372,19234,25646,2.0,9.49,1,기타,5.58321554770318,75.5,62.0,🔼 BRK (돌파),① 강한 상승 추세
381620,제닉스로보틱스,20251212,특수 목적용 기계 제조업,15750,208.1,59.9,73.0,29.03419,17.6,0.25,-2.36,29.52,18.86,4,수급↑,15210,13689,18252,2.0,3.55,1,조선·기계·방산,6.275344827586206,75.4,85.8,🔺 Watch (상승 준비),① 강한 상승 추세
071970,HD현대마린엔진,20251212,일반 목적용 기계 제조업,88700,108.7,62.7,69.1,78.98258,18.1,6.74,14.45,-4.11,-26.83,4,수급↑,81835,74077,97349,2.0,8.39,1,조선·기계·방산,6.275344827586206,75.1,66.4,🔼 BRK (돌파),④ 바닥 반등 시도
100090,SK오션플랜트,20251212,1차 철강 제조업,19940,278.3,63.2,64.0,93.47277,13.2,10.72,7.49,-34.19,-56.91,4,수급↑,18707,17291,21538,2.0,6.59,1,기타,5.58321554770318,75.0,73.6,🔼 BRK (돌파),④ 바닥 반등 시도
226950,올릭스,20251212,자연과학 및 공학 연구개발업,131200,1043.5,50.6,50.1,91.62199,20.8,9.7,1.94,50.63,39.97,3,,130030,117027,149534,1.5,0.9,1,기타,5.58321554770318,74.8,88.9,🔺 Watch (상승 준비),① 강한 상승 추세
373220,LG에너지솔루션,20251212,일차전지 및 이차전지 제조업,445500,953.8,62.8,51.9,316.98313,15.0,4.58,9.19,25.32,2.6,3,,431350,400207,478064,1.5,3.28,1,2차전지,6.867999999999999,74.6,79.4,🔺 Watch (상승 준비),③ 박스 / 중립
460940,피앤에스로보틱스,20251212,의료용 기기 제조업,13700,1234.5,48.3,63.2,106.33382,35.8,11.65,15.32,91.74,81.08,4,수급↑,12018,10816,14422,2.0,13.99,1,바이오·의약품,10.354210526315791,73.7,60.0,🔺 Watch (상승 준비),⑤ 하락 / 약세
023530,롯데쇼핑,20251212,종합 소매업,75400,209.5,63.2,67.9,184.2857,7.8,1.62,5.45,10.4,-12.32,4,"수급↑,Squeeze",73030,69001,81087,2.0,3.25,1,기타,5.58321554770318,72.6,87.0,⚡ Squeeze (급변동 임박),④ 바닥 반등 시도
267250,HD현대,20251212,기타 금융업,209500,388.4,56.9,51.6,274.47064,17.1,0.48,6.62,41.08,18.36,3,,205610,188560,231185,1.5,1.89,1,금융,2.2256249999999995,72.4,77.2,🔺 Watch (상승 준비),① 강한 상승 추세
001440,대한전선,20251212,절연선 및 케이블 제조업,24000,1346.7,67.5,61.2,111.46058,14.4,3.23,8.11,45.72,23.0,3,수급↑,22800,20785,25821,1.5,5.26,1,기타,5.58321554770318,72.3,71.5,🔺 Watch (상승 준비),① 강한 상승 추세
328130,루닛,20251212,소프트웨어 개발 및 공급업,38800,119.1,59.8,66.0,71.57264,17.1,-1.15,-3.12,-10.5,-21.16,4,수급↑,37545,34323,43987,2.0,3.34,1,기타,5.58321554770318,72.2,86.6,🔺 Watch (상승 준비),④ 바닥 반등 시도
042660,한화오션,20251212,선박 및 보트 건조업,114100,2154.9,43.0,43.9,226.28212,25.9,5.16,5.84,0.8,-21.92,1,,114100,105728,126657,1.5,0.0,0,기타,5.58321554770318,71.8,92.5,🔻 REV (역추세 반등),④ 바닥 반등 시도
459510,나우로보틱스,20251212,특수 목적용 기계 제조업,25150,471.1,63.2,61.8,115.49366,24.5,9.35,11.04,-0.4,-11.06,4,수급↑,22168,19951,26602,2.0,13.45,1,조선·기계·방산,6.275344827586206,71.8,60.0,🔺 Watch (상승 준비),④ 바닥 반등 시도
082740,한화엔진,20251212,일반 목적용 기계 제조업,46150,330.7,61.2,55.5,37.47331,13.8,7.08,9.36,3.36,-19.36,3,,43337,39337,49337,1.5,6.49,1,조선·기계·방산,6.275344827586206,71.6,66.5,🔻 REV (역추세 반등),④ 바닥 반등 시도
005440,현대지에프홀딩스,20251212,기타 금융업,8630,55.0,63.8,67.1,17.73866,10.2,2.98,7.61,3.98,-18.74,4,수급↑,8232,7659,9378,2.0,4.83,1,금융,2.2256249999999995,71.4,72.9,🔻 REV (역추세 반등),④ 바닥 반등 시도
034730,SK,20251212,기타 금융업,267500,232.8,62.7,62.8,77.14415,11.3,1.33,0.75,20.22,-2.5,4,수급↑,260800,240514,301371,2.0,2.57,1,금융,2.2256249999999995,70.5,82.0,🔺 Watch (상승 준비),③ 박스 / 중립
000150,두산,20251212,기타 금융업,872000,1062.6,52.5,29.8,566.89526,16.6,-6.03,-0.46,42.48,19.76,2,,872000,784800,1002800,1.5,0.0,0,금융,2.2256249999999995,70.4,84.8,↩️ PULL (눌림),① 강한 상승 추세
203400,에이비온,20251212,자연과학 및 공학 연구개발업,2930,73.5,56.3,58.8,-32.61101,92.6,-23.4,7.52,16.13,5.47,1,,2930,2637,3369,1.5,0.0,0,기타,5.58321554770318,70.3,92.5,↩️ PULL (눌림),② 상승 후 조정
336260,두산퓨얼셀,20251212,"전동기, 발전기 및 전기 변환 · 공급 · 제어 장치 제조업",32100,249.9,59.1,59.1,84.171,16.2,-8.02,0.94,-1.98,-24.7,3,,31590,28518,36197,1.5,1.61,1,기타,5.58321554770318,70.3,86.1,↩️ PULL (눌림),④ 바닥 반등 시도
006730,서부T&D,20251212,일반 및 생활 숙박시설 운영업,13150,836.7,54.1,79.0,25.78942,29.7,16.79,19.11,27.18,16.52,4,수급↑,11726,10553,14071,2.0,12.14,1,기타,5.58321554770318,70.1,60.0,🔺 Watch (상승 준비),① 강한 상승 추세
010950,S-Oil,20251212,석유 정제품 제조업,81600,118.3,50.3,39.2,115.02794,19.6,1.37,6.39,37.84,15.12,2,,81600,76200,89700,1.5,0.0,0,기타,5.58321554770318,69.8,92.5,🔺 Watch (상승 준비),① 강한 상승 추세
066970,엘앤에프,20251212,일차전지 및 이차전지 제조업,128400,498.9,70.4,53.2,21.8125,16.6,4.05,2.56,96.03,73.31,2,,125245,112720,144031,1.5,2.52,1,2차전지,6.867999999999999,69.7,82.4,🔺 Watch (상승 준비),⑤ 하락 / 약세
010120,LS ELECTRIC,20251212,"전동기, 발전기 및 전기 변환 · 공급 · 제어 장치 제조업",506000,582.2,69.7,69.0,25.78426,22.1,-1.75,10.0,60.13,37.41,3,수급↑,475600,428040,546940,1.5,6.39,1,기타,5.58321554770318,69.7,66.9,↩️ PULL (눌림),① 강한 상승 추세
089890,코세스,20251212,특수 목적용 기계 제조업,25900,176.6,48.5,36.1,88.3151,23.3,1.97,-12.05,109.04,98.38,2,,25900,23310,29785,1.5,0.0,0,조선·기계·방산,6.275344827586206,69.5,92.5,🔺 Watch (상승 준비),⑤ 하락 / 약세
267260,HD현대일렉트릭,20251212,"전동기, 발전기 및 전기 변환 · 공급 · 제어 장치 제조업",866000,1168.7,71.5,77.9,1142.45204,18.0,4.09,11.74,45.55,22.83,3,수급↑,806450,731164,919378,1.5,7.38,1,기타,5.58321554770318,69.5,63.0,🔺 Watch (상승 준비),⑤ 하락 / 약세
214450,파마리서치,20251212,의료용품 및 기타 의약 관련제품 제조업,394000,375.0,44.4,34.0,996.23237,28.3,-1.87,-16.17,-38.82,-49.48,1,,394000,354600,453100,1.5,0.0,0,바이오·의약품,10.354210526315791,69.2,92.5,↩️ PULL (눌림),④ 바닥 반등 시도
011170,롯데케미칼,20251212,기초 화학물질 제조업,74400,69.2,49.6,60.4,174.17272,17.7,2.06,3.05,11.54,-11.18,3,수급↑,74400,68285,83571,1.5,0.0,0,기타,5.58321554770318,69.0,92.5,🔻 REV (역추세 반등),④ 바닥 반등 시도
101490,에스앤에스텍,20251212,전자부품 제조업,47750,95.8,59.7,57.6,5.54467,23.4,-2.15,-2.35,-4.88,-15.54,2,,47750,42975,54912,1.5,0.0,0,기타,5.58321554770318,68.8,92.5,↩️ PULL (눌림),④ 바닥 반등 시도
336570,원텍,20251212,의료용 기기 제조업,7780,57.7,60.3,72.8,9.5327,7.3,4.43,2.23,-26.19,-36.85,4,"수급↑,Squeeze",7507,7024,8473,2.0,3.63,1,바이오·의약품,10.354210526315791,68.8,85.5,⚡ Squeeze (급변동 임박),④ 바닥 반등 시도
003160,디아이,20251212,"측정, 시험, 항해, 제어 및 기타 정밀기기 제조업; 광학기기 제외",21250,88.8,50.4,44.3,10.39503,32.4,-4.92,-0.7,45.55,22.83,2,,21250,19125,24437,1.5,0.0,0,기타,5.58321554770318,68.7,92.5,↩️ PULL (눌림),① 강한 상승 추세
006260,LS,20251212,기타 금융업,195000,813.0,66.7,55.2,682.06844,16.2,3.45,9.0,6.79,-15.93,2,,185165,170922,206529,1.5,5.31,1,금융,2.2256249999999995,68.5,63.5,🔻 REV (역추세 반등),④ 바닥 반등 시도
034020,두산에너빌리티,20251212,일반 목적용 기계 제조업,79700,4343.9,67.8,68.9,155.21921,11.6,-0.87,4.32,30.66,7.94,3,수급↑,76615,70715,85465,1.5,4.03,1,조선·기계·방산,6.275344827586206,68.4,76.4,↩️ PULL (눌림),⑤ 하락 / 약세
084370,유진테크,20251212,특수 목적용 기계 제조업,75000,678.9,43.0,46.9,3.69727,19.4,-2.6,-6.02,37.11,26.45,1,,75000,68128,85307,1.5,0.0,0,조선·기계·방산,6.275344827586206,68.3,92.5,↩️ PULL (눌림),⑤ 하락 / 약세
462350,이노스페이스,20251212,"항공기,우주선 및 부품 제조업",10960,69.0,44.9,51.2,119.75237,46.9,9.71,1.01,15.84,5.18,2,,10947,9852,12589,1.5,0.12,1,기타,5.58321554770318,68.3,92.0,🔺 Watch (상승 준비),⑤ 하락 / 약세
051910,LG화학,20251212,기초 화학물질 제조업,371500,643.4,55.7,51.5,92.3613,12.6,-2.62,-0.67,28.1,5.38,2,,371500,343357,413714,1.5,0.0,0,기타,5.58321554770318,68.2,92.5,↩️ PULL (눌림),⑤ 하락 / 약세
128940,한미약품,20251212,의약품 제조업,445500,482.1,49.8,53.4,1028.48385,12.2,4.58,-2.41,50.51,27.79,3,,444425,409567,496710,1.5,0.24,1,기타,5.58321554770318,68.2,91.5,🔺 Watch (상승 준비),⑤ 하락 / 약세
000155,두산우,20251212,기타,526000,97.0,46.0,30.6,406.51743,19.0,-2.05,-1.87,44.9,22.18,2,,526000,473571,604642,1.5,0.0,0,기타,5.58321554770318,68.0,92.5,↩️ PULL (눌림),⑤ 하락 / 약세
006650,대한유화,20251212,기초 화학물질 제조업,151300,60.9,63.8,51.8,428.86223,12.0,5.14,6.55,27.04,4.32,3,,144350,131121,164192,1.5,4.81,1,기타,5.58321554770318,67.9,73.3,🔺 Watch (상승 준비),③ 박스 / 중립
079900,전진건설로봇,20251212,특수 목적용 기계 제조업,50800,108.7,57.1,60.4,208.62445,20.8,10.31,6.61,5.18,-17.54,4,수급↑,46660,43617,52745,2.0,8.87,1,조선·기계·방산,6.275344827586206,67.7,64.5,🔼 BRK (돌파),④ 바닥 반등 시도
319660,피에스케이,20251212,특수 목적용 기계 제조업,31750,205.0,62.3,59.4,-20.97659,20.4,0.47,6.9,17.38,6.72,2,,31542,28878,35538,1.5,0.66,1,조선·기계·방산,6.275344827586206,67.5,89.9,↩️ PULL (눌림),② 상승 후 조정
047810,한국항공우주,20251212,"항공기,우주선 및 부품 제조업",115100,2351.4,71.1,70.5,365.89108,9.7,8.38,5.69,16.15,-6.57,3,"수급↑,Squeeze",108460,99045,122581,1.5,6.12,1,기타,5.58321554770318,67.5,68.0,⚡ Squeeze (급변동 임박),④ 바닥 반등 시도
093370,후성,20251212,기초 화학물질 제조업,8050,86.8,54.8,45.7,6.18786,15.3,-0.86,-3.94,43.75,21.03,2,,8050,7347,9104,1.5,0.0,0,기타,5.58321554770318,66.9,92.5,↩️ PULL (눌림),① 강한 상승 추세
183300,코미코,20251212,특수 목적용 기계 제조업,85800,59.6,58.7,55.8,17.28771,15.1,-0.81,-1.04,-11.0,-21.66,2,,85800,77814,97778,1.5,0.0,0,조선·기계·방산,6.275344827586206,66.7,92.5,↩️ PULL (눌림),④ 바닥 반등 시도
006800,미래에셋증권,20251212,금융 지원 서비스업,22200,784.8,60.2,55.1,55.3178,9.0,1.6,1.6,0.45,-22.27,3,Squeeze,21867,20231,24321,1.5,1.52,1,금융,2.2256249999999995,66.5,78.7,⚡ Squeeze (급변동 임박),④ 바닥 반등 시도
017960,한국카본,20251212,"구조용 금속제품, 탱크 및 증기발생기 제조업",30150,103.6,65.6,77.1,46.38706,15.1,7.1,10.44,-8.64,-31.36,3,수급↑,27992,25763,31335,1.5,7.71,1,기타,5.58321554770318,66.3,61.7,🔻 REV (역추세 반등),④ 바닥 반등 시도
036810,에프에스티,20251212,전자부품 제조업,27600,82.0,50.8,58.8,48.70615,24.1,-0.9,-2.99,-2.82,-13.48,2,,27600,25164,31253,1.5,0.0,0,기타,5.58321554770318,66.2,92.5,↩️ PULL (눌림),④ 바닥 반등 시도
003720,삼영,20251212,플라스틱제품 제조업,6950,107.1,58.3,75.8,-14.50316,27.3,-6.59,2.51,31.13,8.41,3,수급↑,6921,6229,7959,1.5,0.41,1,기타,5.58321554770318,66.2,90.9,↩️ PULL (눌림),② 상승 후 조정
021240,코웨이,20251212,그외 기타 개인 서비스업,86200,344.2,51.2,65.5,49.28553,7.0,-1.93,0.23,-13.89,-36.61,3,"수급↑,Squeeze",86200,80692,94460,1.5,0.0,0,기타,5.58321554770318,65.9,92.5,⚡ Squeeze (급변동 임박),④ 바닥 반등 시도
097230,HJ중공업,20251212,토목 건설업,24200,986.4,68.7,77.5,108.89089,21.9,9.5,16.35,-23.17,-45.89,3,수급↑,21855,19669,25133,1.5,10.73,1,기타,5.58321554770318,65.9,52.5,🔺 Watch (상승 준비),④ 바닥 반등 시도
241560,두산밥캣,20251212,특수 목적용 기계 제조업,62300,283.0,64.5,51.9,160.21241,14.5,4.18,12.86,14.94,-7.78,3,,57425,52867,64260,1.5,8.49,1,조선·기계·방산,6.275344827586206,65.8,58.5,🔻 REV (역추세 반등),④ 바닥 반등 시도
141080,리가켐바이오,20251212,자연과학 및 공학 연구개발업,176200,974.5,52.9,53.3,-827.67742,16.7,-5.01,-8.85,14.12,3.46,1,,176200,158580,202630,1.5,0.0,0,기타,5.58321554770318,65.7,92.5,↩️ PULL (눌림),③ 박스 / 중립
000880,한화,20251212,기타 화학제품 제조업,84800,172.2,69.4,58.0,134.47202,15.6,3.04,6.8,-1.17,-23.89,2,,82215,76857,90250,1.5,3.14,1,기타,5.58321554770318,65.7,79.9,🔻 REV (역추세 반등),④ 바닥 반등 시도
114190,강원에너지,20251212,기타 전기장비 제조업,16380,113.4,68.3,77.5,0.81172,19.2,7.91,9.05,43.68,33.02,3,수급↑,15379,13841,17686,1.5,6.51,1,기타,5.58321554770318,65.7,66.5,🔺 Watch (상승 준비),① 강한 상승 추세
007660,이수페타시스,20251212,전자부품 제조업,135100,5285.3,57.4,53.3,-818.58908,23.0,-0.07,-6.18,87.9,65.18,1,,135100,121590,155365,1.5,0.0,0,기타,5.58321554770318,65.6,92.5,↩️ PULL (눌림),② 상승 후 조정
000250,삼천당제약,20251212,의약품 제조업,229000,392.7,62.4,57.0,-284.27543,18.7,6.02,5.77,8.27,-2.39,2,,220475,198427,253546,1.5,3.87,1,기타,5.58321554770318,65.6,77.0,↩️ PULL (눌림),③ 박스 / 중립
062040,산일전기,20251212,"전동기, 발전기 및 전기 변환 · 공급 · 제어 장치 제조업",153000,633.1,65.6,86.5,214.35114,17.6,2.62,6.69,29.66,6.94,3,수급↑,142970,128673,164415,1.5,7.02,1,기타,5.58321554770318,65.6,64.4,🔺 Watch (상승 준비),⑤ 하락 / 약세
000660,SK하이닉스,20251212,반도체 제조업,571000,15118.3,64.2,47.9,171.14778,17.4,4.96,7.74,73.82,51.1,3,,553350,505064,625778,1.5,3.19,1,반도체,-1.4107692307692308,65.6,49.7,🔺 Watch (상승 준비),① 강한 상승 추세
005490,POSCO홀딩스,20251212,1차 철강 제조업,319500,1358.7,63.3,53.1,492.49826,6.9,2.73,3.23,12.11,-10.61,3,Squeeze,311800,294942,337085,1.5,2.47,1,기타,5.58321554770318,65.5,82.6,⚡ Squeeze (급변동 임박),④ 바닥 반등 시도
120110,코오롱인더,20251212,화학섬유 제조업,46400,104.0,70.3,59.1,6.55829,22.6,3.34,13.73,20.52,-2.2,2,,43192,39099,49331,1.5,7.43,1,기타,5.58321554770318,65.5,62.8,🔺 Watch (상승 준비),③ 박스 / 중립
005387,현대차2우B,20251212,기타,210500,204.4,64.8,62.6,12.63562,14.7,-2.55,8.12,21.33,-1.39,4,수급↑,201905,189205,227305,2.0,4.26,1,자동차·모빌리티,-2.902142857142857,65.5,53.0,🔺 Watch (상승 준비),③ 박스 / 중립
278470,에이피알,20251212,기타 화학제품 제조업,247500,632.0,50.0,44.3,-782.07221,23.0,-2.75,-3.13,13.53,-9.19,2,,246600,221940,283590,1.5,0.36,1,기타,5.58321554770318,65.3,91.1,↩️ PULL (눌림),⑤ 하락 / 약세
071050,한국금융지주,20251212,기타 금융업,167400,765.8,64.0,51.0,501.88475,9.6,2.07,4.36,11.6,-11.12,3,Squeeze,160470,148970,177720,1.5,4.32,1,금융,2.2256249999999995,65.3,67.5,⚡ Squeeze (급변동 임박),④ 바닥 반등 시도
032820,우리기술,20251212,"전동기, 발전기 및 전기 변환 · 공급 · 제어 장치 제조업",4045,245.7,67.8,68.9,5.766,12.2,0.62,4.39,3.98,-6.68,3,수급↑,3865,3577,4297,1.5,4.64,1,기타,5.58321554770318,65.2,73.9,🔺 Watch (상승 준비),④ 바닥 반등 시도
240810,원익IPS,20251212,특수 목적용 기계 제조업,62400,240.8,65.7,57.0,53.38361,11.4,0.97,1.79,40.7,30.04,2,,61390,56732,68375,1.5,1.65,1,조선·기계·방산,6.275344827586206,65.1,85.9,🔺 Watch (상승 준비),① 강한 상승 추세
090710,휴림로봇,20251212,특수 목적용 기계 제조업,5850,921.5,69.6,78.1,10.82342,24.1,7.14,9.76,93.71,83.05,3,수급↑,5358,4822,6162,1.5,9.17,1,조선·기계·방산,6.275344827586206,65.1,55.8,🔺 Watch (상승 준비),① 강한 상승 추세
220100,퓨쳐켐,20251212,의약품 제조업,31000,566.3,52.8,59.9,-109.7348,16.6,2.48,-6.34,48.33,37.67,1,,31000,27900,35650,1.5,0.0,0,기타,5.58321554770318,65.0,92.5,↩️ PULL (눌림),② 상승 후 조정
347850,디앤디파마텍,20251212,자연과학 및 공학 연구개발업,87700,1629.1,24.5,34.7,94.72149,25.9,-8.55,-7.49,119.03,108.37,1,,87700,78930,100855,1.5,0.0,0,기타,5.58321554770318,64.9,92.5,↩️ PULL (눌림),⑤ 하락 / 약세
000810,삼성화재,20251212,보험업,489500,1180.2,52.1,56.5,-4393.30369,28.6,-6.23,1.66,4.15,-18.57,1,,489500,440550,562925,1.5,0.0,0,금융,2.2256249999999995,64.9,84.8,↩️ PULL (눌림),⑤ 하락 / 약세
352820,하이브,20251212,오디오물 출판 및 원판 녹음업,299500,598.5,56.7,56.9,367.65107,6.9,3.28,0.0,2.57,-20.15,3,Squeeze,293050,273907,321764,1.5,2.2,1,기타,5.58321554770318,64.9,83.7,⚡ Squeeze (급변동 임박),④ 바닥 반등 시도
028670,팬오션,20251212,해상 운송업,4055,85.7,65.5,80.3,-7.72451,26.3,-5.26,7.56,-2.64,-25.36,2,수급↑,3939,3580,4477,1.5,2.93,1,기타,5.58321554770318,64.9,80.8,↩️ PULL (눌림),⑤ 하락 / 약세
006340,대원전선,20251212,절연선 및 케이블 제조업,4160,1053.2,64.8,62.8,40.96244,21.9,13.35,3.74,40.07,17.35,4,수급↑,3710,3339,4452,2.0,12.13,1,기타,5.58321554770318,64.9,60.0,🔺 Watch (상승 준비),① 강한 상승 추세
009420,한올바이오파마,20251212,의약품 제조업,42550,1886.1,47.8,49.2,-584.75888,34.7,-16.73,-9.08,25.15,2.43,1,,42550,38295,48932,1.5,0.0,0,기타,5.58321554770318,64.8,92.5,↩️ PULL (눌림),③ 박스 / 중립
298380,에이비엘바이오,20251212,기초 의약물질 제조업,190000,1673.7,59.7,66.7,-711.90004,26.7,-0.31,1.06,80.44,69.78,3,수급↑,184775,166297,212491,1.5,2.83,1,기타,5.58321554770318,64.7,81.2,↩️ PULL (눌림),② 상승 후 조정
397030,에이프릴바이오,20251212,자연과학 및 공학 연구개발업,43400,960.5,67.8,79.6,90.97618,19.0,0.12,8.5,55.56,44.9,3,수급↑,39905,35914,45890,1.5,8.76,1,기타,5.58321554770318,64.7,57.5,🔺 Watch (상승 준비),① 강한 상승 추세
100840,SNT에너지,20251212,일반 목적용 기계 제조업,43300,81.7,66.1,70.4,122.88134,18.7,-1.37,13.8,-27.59,-50.31,3,수급↑,39740,35766,45701,1.5,8.96,1,조선·기계·방산,6.275344827586206,64.7,56.7,↩️ PULL (눌림),④ 바닥 반등 시도
207940,삼성바이오로직스,20251212,기초 의약물질 제조업,1692000,756.4,38.4,46.9,3567.77549,16.5,3.11,5.29,10.76,-11.96,1,,1692000,1582428,1856357,1.5,0.0,0,기타,5.58321554770318,64.5,92.5,🔻 REV (역추세 반등),④ 바닥 반등 시도
222800,심텍,20251212,전자부품 제조업,53200,377.8,56.0,59.4,-98.16134,15.8,-7.48,-1.85,82.5,71.84,1,,53200,47880,61180,1.5,0.0,0,기타,5.58321554770318,64.5,92.5,↩️ PULL (눌림),② 상승 후 조정
139480,이마트,20251212,종합 소매업,82200,153.5,65.8,62.5,56.58092,8.6,-0.12,5.12,6.89,-15.83,3,"수급↑,Squeeze",80400,76064,86903,1.5,2.24,1,기타,5.58321554770318,64.4,83.5,⚡ Squeeze (급변동 임박),④ 바닥 반등 시도
039030,이오테크닉스,20251212,특수 목적용 기계 제조업,270000,250.8,71.3,66.4,-286.92294,18.0,-5.26,5.06,24.42,13.76,2,수급↑,268475,245617,302760,1.5,0.57,1,조선·기계·방산,6.275344827586206,64.3,90.2,↩️ PULL (눌림),② 상승 후 조정
103590,일진전기,20251212,절연선 및 케이블 제조업,60400,908.3,69.5,78.8,376.14893,14.5,9.82,10.02,58.12,35.4,3,수급↑,54980,49482,63227,1.5,9.86,1,기타,5.58321554770318,64.3,53.1,🔺 Watch (상승 준비),① 강한 상승 추세
026960,동서,20251212,음·식료품 및 담배 도매업,28300,54.3,52.0,51.6,18.96732,7.0,2.54,3.28,-2.08,-24.8,3,Squeeze,27710,25931,30377,1.5,2.13,1,기타,5.58321554770318,64.1,84.0,⚡ Squeeze (급변동 임박),④ 바닥 반등 시도
005880,대한해운,20251212,해상 운송업,1897,52.6,65.9,79.1,-1.54476,21.2,-2.87,10.68,2.87,-19.85,2,수급↑,1806,1641,2054,1.5,5.02,1,기타,5.58321554770318,64.1,72.4,↩️ PULL (눌림),⑤ 하락 / 약세
041510,에스엠,20251212,오디오물 출판 및 원판 녹음업,103800,123.6,56.3,49.6,21.87525,11.0,-0.57,-3.98,-27.51,-38.17,3,,103180,96194,113658,1.5,0.6,1,기타,5.58321554770318,64.0,90.1,↩️ PULL (눌림),④ 바닥 반등 시도
000230,일동홀딩스,20251212,의약품 제조업,15810,235.1,65.0,88.8,123.12571,28.8,27.19,16.59,74.89,52.17,4,수급↑,13707,12336,16448,2.0,15.34,1,기타,5.58321554770318,64.0,60.0,🔺 Watch (상승 준비),① 강한 상승 추세
079550,LIG넥스원,20251212,무기 및 총포탄 제조업,383000,597.8,44.9,39.1,537.40347,16.8,2.82,0.0,-24.01,-46.73,1,,383000,356857,422214,1.5,0.0,0,기타,5.58321554770318,63.8,92.5,🔻 REV (역추세 반등),④ 바닥 반등 시도
010170,대한광통신,20251212,절연선 및 케이블 제조업,2340,150.4,64.0,70.5,6.12964,40.0,-1.06,-1.06,41.56,30.9,4,수급↑,2177,1959,2613,2.0,7.46,1,기타,5.58321554770318,63.8,70.2,🔺 Watch (상승 준비),① 강한 상승 추세
353200,대덕전자,20251212,전자부품 제조업,47400,433.3,47.7,45.9,-36.44463,14.2,-1.66,-3.66,82.66,59.94,1,,47400,42660,54510,1.5,0.0,0,기타,5.58321554770318,63.7,92.5,↩️ PULL (눌림),② 상승 후 조정
087010,펩트론,20251212,기초 의약물질 제조업,268500,356.6,35.8,24.2,366.31684,43.2,-5.79,-21.03,-12.54,-23.2,1,,268500,241650,308775,1.5,0.0,0,기타,5.58321554770318,63.6,92.5,↩️ PULL (눌림),④ 바닥 반등 시도
256840,한국비엔씨,20251212,기초 의약물질 제조업,5460,129.4,51.7,69.5,-9.41024,9.5,-2.15,-4.04,7.06,-3.6,2,"수급↑,Squeeze",5460,4914,6279,1.5,0.0,0,기타,5.58321554770318,63.6,92.5,↩️ PULL (눌림),③ 박스 / 중립
039200,오스코텍,20251212,의약품 제조업,60100,256.1,59.3,57.1,69.93815,25.8,5.62,-3.06,38.16,27.5,3,,57135,51421,65705,1.5,5.19,1,기타,5.58321554770318,63.6,71.7,🔺 Watch (상승 준비),① 강한 상승 추세
417200,LS머트리얼즈,20251212,전자부품 제조업,13130,89.9,68.9,57.9,72.64994,16.7,6.83,12.61,26.01,15.35,2,,12128,11032,13771,1.5,8.26,1,기타,5.58321554770318,63.5,59.5,🔺 Watch (상승 준비),① 강한 상승 추세
458870,씨어스테크놀로지,20251212,의료용 기기 제조업,113100,257.4,38.0,41.5,57.36767,26.4,-4.48,-16.22,107.14,96.48,1,,113100,101790,130065,1.5,0.0,0,바이오·의약품,10.354210526315791,63.4,92.5,↩️ PULL (눌림),⑤ 하락 / 약세
034230,파라다이스,20251212,유원지 및 기타 오락관련 서비스업,18090,218.9,58.2,54.9,-2.82506,18.3,3.61,6.1,-15.47,-38.19,2,,17371,15914,19557,1.5,4.14,1,기타,5.58321554770318,63.4,75.9,↩️ PULL (눌림),⑤ 하락 / 약세
039490,키움증권,20251212,금융 지원 서비스업,286500,236.7,66.7,61.4,297.74905,11.9,-0.35,4.95,14.83,-7.89,3,수급↑,277475,258903,305332,1.5,3.25,1,금융,2.2256249999999995,63.4,71.8,↩️ PULL (눌림),④ 바닥 반등 시도
006910,보성파워텍,20251212,"구조용 금속제품, 탱크 및 증기발생기 제조업",5650,337.5,67.2,71.1,25.37738,14.1,2.91,7.82,36.47,25.81,3,수급↑,5218,4696,6001,1.5,8.26,1,기타,5.58321554770318,63.4,59.5,🔺 Watch (상승 준비),① 강한 상승 추세
272210,한화시스템,20251212,전자부품 제조업,53100,3909.4,70.8,64.0,356.68254,19.3,12.5,14.94,-3.1,-25.82,3,수급↑,48115,44407,53675,1.5,10.36,1,기타,5.58321554770318,63.4,52.5,🔺 Watch (상승 준비),④ 바닥 반등 시도
009520,포스코엠텍,20251212,1차 철강 제조업,16330,100.0,71.8,82.3,1.16952,14.9,0.74,5.56,25.42,14.76,3,수급↑,15705,14649,17288,1.5,3.98,1,기타,5.58321554770318,63.3,76.6,🔺 Watch (상승 준비),⑤ 하락 / 약세
010060,OCI홀딩스,20251212,기타 금융업,103500,150.1,56.2,38.0,338.41395,13.5,2.68,-0.58,6.81,-15.91,3,,103010,95281,114602,1.5,0.48,1,금융,2.2256249999999995,63.2,82.8,🔻 REV (역추세 반등),④ 바닥 반등 시도
031440,신세계푸드,20251212,음식점업,40100,166.7,45.1,57.8,111.67321,15.1,6.08,-0.37,-4.75,-27.47,3,,39540,36604,43943,1.5,1.42,1,기타,5.58321554770318,63.1,86.8,🔻 REV (역추세 반등),④ 바닥 반등 시도
356860,티엘비,20251212,전자부품 제조업,63100,176.6,47.3,60.8,-101.4191,13.9,-4.97,-5.11,61.38,50.72,2,수급↑,63100,56790,72565,1.5,0.0,0,기타,5.58321554770318,63.0,92.5,↩️ PULL (눌림),② 상승 후 조정
005300,롯데칠성,20251212,비알코올음료 및 얼음 제조업,140400,187.4,67.7,78.2,171.58704,24.8,5.48,17.29,16.23,-6.49,3,수급↑,125795,113215,144664,1.5,11.61,1,기타,5.58321554770318,62.9,52.5,🔺 Watch (상승 준비),④ 바닥 반등 시도
015760,한국전력,20251212,전기업,49750,1542.2,54.9,41.5,-16.30803,12.4,-4.69,-5.24,34.82,12.1,1,,49750,45635,55921,1.5,0.0,0,기타,5.58321554770318,62.8,92.5,↩️ PULL (눌림),② 상승 후 조정
376900,로킷헬스케어,20251212,의료용품 및 기타 의약 관련제품 제조업,76300,428.4,63.6,84.8,24.13511,57.4,3.39,-3.66,356.89,346.23,4,수급↑,69930,62937,83916,2.0,9.11,1,바이오·의약품,10.354210526315791,62.8,63.6,🔼 BRK (돌파),① 강한 상승 추세
140410,메지온,20251212,자연과학 및 공학 연구개발업,71400,151.7,52.5,54.8,-417.01145,32.2,-15.8,-8.46,31.49,20.83,1,,71400,64260,82110,1.5,0.0,0,기타,5.58321554770318,62.6,92.5,↩️ PULL (눌림),② 상승 후 조정
402340,SK스퀘어,20251212,기타 금융업,308000,633.6,67.4,63.3,-758.10965,20.7,1.99,3.36,56.11,33.39,2,수급↑,300350,270315,345402,1.5,2.55,1,금융,2.2256249999999995,62.6,74.6,↩️ PULL (눌림),② 상승 후 조정
018880,한온시스템,20251212,일반 목적용 기계 제조업,3605,117.3,51.4,48.5,-4.73707,8.8,-4.76,-4.25,11.3,-11.42,1,Squeeze,3605,3244,4145,1.5,0.0,0,조선·기계·방산,6.275344827586206,62.5,92.5,↩️ PULL (눌림),⑤ 하락 / 약세
068270,셀트리온,20251212,기초 의약물질 제조업,186800,858.2,62.6,51.5,37.86985,4.4,1.91,0.65,8.79,-13.93,3,Squeeze,185430,177480,197355,1.5,0.74,1,기타,5.58321554770318,62.4,89.5,⚡ Squeeze (급변동 임박),④ 바닥 반등 시도
006360,GS건설,20251212,건물 건설업,20600,210.1,67.0,66.1,58.42628,11.3,1.23,6.63,6.02,-16.7,3,수급↑,19215,17985,21060,1.5,7.21,1,기타,5.58321554770318,62.4,63.7,🔻 REV (역추세 반등),④ 바닥 반등 시도
358570,지아이이노베이션,20251212,자연과학 및 공학 연구개발업,19250,195.0,63.0,61.7,-88.27838,23.5,1.91,2.45,-3.75,-14.41,3,수급↑,18630,16767,21424,1.5,3.33,1,기타,5.58321554770318,62.3,79.2,↩️ PULL (눌림),⑤ 하락 / 약세
232140,와이씨,20251212,특수 목적용 기계 제조업,14350,55.6,72.6,64.1,-41.04559,29.3,-4.97,10.98,20.89,10.23,2,수급↑,13604,12379,15440,1.5,5.48,1,조선·기계·방산,6.275344827586206,62.3,70.6,↩️ PULL (눌림),② 상승 후 조정
090360,로보스타,20251212,특수 목적용 기계 제조업,82100,943.8,74.5,79.1,221.93543,34.0,10.35,15.63,160.63,149.97,3,수급↑,71775,64597,82541,1.5,14.39,1,조선·기계·방산,6.275344827586206,62.3,52.5,🔺 Watch (상승 준비),⑤ 하락 / 약세
338840,와이바이오로직스,20251212,자연과학 및 공학 연구개발업,25400,147.0,67.1,74.6,-74.97199,32.4,-2.87,4.1,83.39,72.73,2,수급↑,24585,22126,28272,1.5,3.32,1,기타,5.58321554770318,62.1,79.2,↩️ PULL (눌림),② 상승 후 조정
161390,한국타이어앤테크놀로지,20251212,고무제품 제조업,61500,249.7,61.5,55.0,65.85297,11.7,-2.07,0.0,50.92,28.2,3,,59925,55910,65946,1.5,2.63,1,기타,5.58321554770318,62.0,82.0,↩️ PULL (눌림),① 강한 상승 추세
003540,대신증권,20251212,금융 지원 서비스업,28450,191.6,65.4,66.5,86.76883,10.8,0.53,4.98,-1.04,-23.76,3,수급↑,27407,25686,29989,1.5,3.8,1,금융,2.2256249999999995,62.0,69.6,🔺 Watch (상승 준비),④ 바닥 반등 시도
183190,아세아시멘트,20251212,"시멘트, 석회, 플라스터 및 그 제품 제조업",12750,118.7,65.5,73.7,40.55498,10.2,5.11,6.61,-9.77,-32.49,3,수급↑,11892,10775,13568,1.5,7.21,1,기타,5.58321554770318,62.0,63.7,🔻 REV (역추세 반등),④ 바닥 반등 시도
019170,신풍제약,20251212,의약품 제조업,14420,169.0,58.4,58.2,-40.88718,12.8,-2.37,-0.69,11.27,-11.45,1,,14420,13055,16466,1.5,0.0,0,기타,5.58321554770318,61.8,92.5,↩️ PULL (눌림),⑤ 하락 / 약세
450080,에코프로머티,20251212,일차전지 및 이차전지 제조업,62300,127.8,72.8,78.6,-90.0156,21.6,3.83,7.41,23.86,1.14,2,수급↑,59395,53455,68304,1.5,4.89,1,2차전지,6.867999999999999,61.8,72.9,↩️ PULL (눌림),③ 박스 / 중립
131970,두산테스나,20251212,"그외 기타 전문, 과학 및 기술 서비스업",43850,115.8,61.5,56.2,38.72828,11.9,-1.02,-2.12,13.31,2.65,2,,43850,41085,47996,1.5,0.0,0,기타,5.58321554770318,61.7,92.5,↩️ PULL (눌림),③ 박스 / 중립
003550,LG,20251212,기타 금융업,84000,287.5,69.3,51.2,68.57576,10.5,-1.87,6.6,10.82,-11.9,2,,81040,76582,87725,1.5,3.65,1,금융,2.2256249999999995,61.7,70.2,↩️ PULL (눌림),④ 바닥 반등 시도
255220,SG,20251212,기타 비금속 광물제품 제조업,2740,369.1,60.1,68.2,14.19925,30.3,16.35,6.41,21.51,10.85,4,수급↑,2452,2207,2942,2.0,11.73,1,기타,5.58321554770318,61.7,60.0,🔺 Watch (상승 준비),① 강한 상승 추세
047040,대우건설,20251212,건물 건설업,3890,144.1,69.7,71.6,9.66065,15.5,1.3,10.51,2.64,-20.08,3,수급↑,3559,3334,3895,1.5,9.3,1,기타,5.58321554770318,61.7,55.3,🔻 REV (역추세 반등),④ 바닥 반등 시도
145020,휴젤,20251212,기초 의약물질 제조업,226500,164.5,54.6,52.9,-23.98372,10.0,1.57,-0.88,-29.33,-39.99,2,,226100,206600,255350,1.5,0.18,1,기타,5.58321554770318,61.6,91.8,↩️ PULL (눌림),⑤ 하락 / 약세
314930,바이오다인,20251212,의료용 기기 제조업,14960,100.2,60.3,63.1,-76.00071,28.6,-5.14,0.88,1.98,-8.68,3,수급↑,14618,13156,16811,1.5,2.34,1,바이오·의약품,10.354210526315791,61.6,83.1,↩️ PULL (눌림),⑤ 하락 / 약세
002380,KCC,20251212,기타 화학제품 제조업,438000,108.0,73.2,71.1,320.24727,11.3,2.1,5.04,4.78,-17.94,3,수급↑,421025,395382,459489,1.5,4.03,1,기타,5.58321554770318,61.6,76.4,🔻 REV (역추세 반등),④ 바닥 반등 시도
066570,LG전자,20251212,통신 및 방송 장비 제조업,96400,460.8,74.4,69.8,-37.68416,21.8,-3.31,12.62,25.19,2.47,2,수급↑,90065,84093,99022,1.5,7.03,1,기타,5.58321554770318,61.6,64.4,↩️ PULL (눌림),③ 박스 / 중립
064260,다날,20251212,소프트웨어 개발 및 공급업,7280,266.0,67.2,89.1,16.09388,13.2,7.06,5.05,-20.87,-31.53,3,수급↑,6788,6109,7806,1.5,7.25,1,기타,5.58321554770318,61.6,63.5,🔻 REV (역추세 반등),④ 바닥 반등 시도
088980,맥쿼리인프라,20251212,신탁업 및 집합투자업,11710,182.2,62.7,62.8,1.37532,3.8,0.52,1.65,1.04,-21.68,4,"수급↑,Squeeze",11580,11389,11963,2.0,1.12,1,기타,5.58321554770318,61.5,95.5,⚡ Squeeze (급변동 임박),④ 바닥 반등 시도
005690,파미셀,20251212,기초 의약물질 제조업,16270,176.5,49.7,42.1,-11.05306,20.6,-5.35,-4.91,38.47,15.75,1,,16270,14720,18595,1.5,0.0,0,기타,5.58321554770318,61.5,92.5,↩️ PULL (눌림),② 상승 후 조정
005935,삼성전자우,20251212,전기전자,82700,1714.7,84.4,91.2,49.02473,16.2,3.25,10.27,35.8,13.08,3,수급↑,77365,73543,83097,1.5,6.9,1,기타,5.58321554770318,61.5,64.9,🔺 Watch (상승 준비),⑤ 하락 / 약세
365330,에스와이스틸텍,20251212,"구조용 금속제품, 탱크 및 증기발생기 제조업",3590,84.9,47.8,49.6,13.86706,18.6,9.62,3.16,-15.53,-26.19,3,,3381,3094,3810,1.5,6.17,1,기타,5.58321554770318,61.4,67.8,🔻 REV (역추세 반등),④ 바닥 반등 시도
014680,한솔케미칼,20251212,기초 화학물질 제조업,230000,158.0,63.2,63.3,-328.41456,18.3,-0.65,-3.36,23.39,0.67,2,수급↑,230000,208500,262250,1.5,0.0,0,기타,5.58321554770318,61.3,92.5,↩️ PULL (눌림),③ 박스 / 중립
111770,영원무역,20251212,상품 종합 도매업,90000,90.4,52.8,53.1,-65.89028,18.0,-0.55,2.86,51.01,28.29,2,,88570,81084,99798,1.5,1.61,1,기타,5.58321554770318,61.2,86.1,↩️ PULL (눌림),② 상승 후 조정
348210,넥스틴,20251212,특수 목적용 기계 제조업,69200,92.1,68.6,63.0,-198.71789,30.1,-5.59,5.49,46.15,35.49,2,수급↑,66480,59832,76452,1.5,4.09,1,조선·기계·방산,6.275344827586206,61.2,76.1,↩️ PULL (눌림),② 상승 후 조정
005940,NH투자증권,20251212,금융 지원 서비스업,21300,261.7,63.2,40.2,27.65979,5.6,-0.47,3.15,3.65,-19.07,3,Squeeze,20917,19838,22535,1.5,1.83,1,금융,2.2256249999999995,61.1,77.4,⚡ Squeeze (급변동 임박),④ 바닥 반등 시도
052690,한전기술,20251212,"건축기술, 엔지니어링 및 관련 기술 서비스업",103900,343.0,73.9,78.2,271.20466,19.5,3.8,12.93,15.83,-6.89,3,수급↑,93540,86054,104768,1.5,11.08,1,기타,5.58321554770318,61.1,52.5,🔺 Watch (상승 준비),④ 바닥 반등 시도
042700,한미반도체,20251212,특수 목적용 기계 제조업,120200,968.1,51.0,66.0,49.58753,11.3,0.92,-2.75,32.23,9.51,3,수급↑,120200,109985,135521,1.5,0.0,0,반도체,-1.4107692307692308,61.0,62.5,🔺 Watch (상승 준비),⑤ 하락 / 약세
464080,에스오에스랩,20251212,"측정, 시험, 항해, 제어 및 기타 정밀기기 제조업; 광학기기 제외",11590,170.8,70.8,79.0,5.81066,33.4,6.04,19.73,3.76,-6.9,3,수급↑,10243,9219,11780,1.5,13.14,1,기타,5.58321554770318,61.0,52.5,🔺 Watch (상승 준비),④ 바닥 반등 시도
028050,삼성E&A,20251212,"건축기술, 엔지니어링 및 관련 기술 서비스업",25400,200.2,50.6,45.0,37.39036,6.9,-2.12,-0.59,-10.56,-33.28,2,Squeeze,25400,24114,27328,1.5,0.0,0,기타,5.58321554770318,60.9,92.5,↩️ PULL (눌림),④ 바닥 반등 시도
214150,클래시스,20251212,의료용 기기 제조업,56700,201.0,56.1,59.0,-85.67498,16.6,2.53,-3.24,2.9,-7.76,2,,55780,50637,63494,1.5,1.65,1,바이오·의약품,10.354210526315791,60.9,85.9,↩️ PULL (눌림),⑤ 하락 / 약세
229640,LS에코에너지,20251212,기타 금융업,38000,83.5,70.6,73.7,91.95981,12.5,2.98,7.34,-2.31,-25.03,3,수급↑,35682,32953,39775,1.5,6.49,1,금융,2.2256249999999995,60.9,58.8,🔻 REV (역추세 반등),④ 바닥 반등 시도
055550,신한지주,20251212,기타 금융업,77700,694.1,54.4,45.1,3.25083,7.0,-3.12,-0.38,12.12,-10.6,2,Squeeze,77700,73957,83314,1.5,0.0,0,금융,2.2256249999999995,60.8,84.8,↩️ PULL (눌림),④ 바닥 반등 시도
082270,젬백스,20251212,특수 목적용 기계 제조업,30000,76.3,31.7,17.5,20.78126,38.7,-7.83,-9.09,-43.82,-54.48,1,,30000,27000,34500,1.5,0.0,0,조선·기계·방산,6.275344827586206,60.7,92.5,↩️ PULL (눌림),④ 바닥 반등 시도
058470,리노공업,20251212,전자부품 제조업,63600,537.0,68.4,73.4,-137.89925,26.4,-2.75,-6.88,29.66,19.0,2,수급↑,62640,56840,71340,1.5,1.53,1,기타,5.58321554770318,60.7,86.4,↩️ PULL (눌림),② 상승 후 조정
016360,삼성증권,20251212,금융 지원 서비스업,80100,208.3,52.6,55.7,24.10638,7.2,-2.08,1.65,8.24,-14.48,3,Squeeze,79630,75744,85458,1.5,0.59,1,금융,2.2256249999999995,60.7,82.4,↩️ PULL (눌림),④ 바닥 반등 시도
122870,와이지엔터테인먼트,20251212,오디오물 출판 및 원판 녹음업,63600,153.7,60.4,54.3,88.22044,8.6,2.42,-2.0,-35.23,-45.89,3,Squeeze,62000,58142,67785,1.5,2.58,1,기타,5.58321554770318,60.7,82.2,⚡ Squeeze (급변동 임박),④ 바닥 반등 시도
274090,켄코아에어로스페이스,20251212,"항공기,우주선 및 부품 제조업",10990,55.5,66.3,65.8,69.0282,13.3,13.42,8.17,-3.51,-14.17,3,수급↑,10182,9513,11184,1.5,7.94,1,기타,5.58321554770318,60.7,60.7,🔻 REV (역추세 반등),④ 바닥 반등 시도
018000,유니슨,20251212,일반 목적용 기계 제조업,1285,65.1,72.7,71.1,6.05705,11.6,5.33,10.68,6.91,-3.75,3,수급↑,1184,1085,1331,1.5,8.52,1,조선·기계·방산,6.275344827586206,60.7,58.4,🔺 Watch (상승 준비),③ 박스 / 중립
294870,HDC현대산업개발,20251212,건물 건설업,21800,99.2,70.8,65.4,72.60846,15.4,7.39,11.05,6.34,-16.38,3,수급↑,19747,18640,21408,1.5,10.39,1,기타,5.58321554770318,60.7,52.5,🔺 Watch (상승 준비),④ 바닥 반등 시도
175330,JB금융지주,20251212,기타 금융업,25400,141.6,70.5,68.5,31.29165,12.2,1.2,5.39,2.01,-20.71,3,수급↑,24310,22731,26677,1.5,4.48,1,금융,2.2256249999999995,60.6,66.8,🔻 REV (역추세 반등),④ 바닥 반등 시도
000100,유한양행,20251212,의약품 제조업,117000,335.2,55.6,53.4,74.88747,8.3,-0.26,-4.1,-2.26,-24.98,2,Squeeze,117000,112214,124178,1.5,0.0,0,기타,5.58321554770318,60.5,92.5,⚡ Squeeze (급변동 임박),④ 바닥 반등 시도
108860,셀바스AI,20251212,소프트웨어 개발 및 공급업,13310,94.3,64.2,74.2,-33.04905,24.1,4.64,6.31,-4.59,-15.25,3,수급↑,12605,11419,14383,1.5,5.59,1,기타,5.58321554770318,60.5,70.1,↩️ PULL (눌림),⑤ 하락 / 약세
322000,HD현대에너지솔루션,20251212,반도체 제조업,57500,74.1,73.5,71.4,176.6233,13.6,3.98,5.5,13.19,-9.53,3,수급↑,53875,49532,60389,1.5,6.73,1,2차전지,6.867999999999999,60.5,65.6,🔻 REV (역추세 반등),④ 바닥 반등 시도
005389,현대차3우B,20251212,기타,205000,60.7,62.9,68.2,19.74939,12.5,-1.91,6.38,21.02,-1.7,4,수급↑,197920,187277,219205,2.0,3.58,1,자동차·모빌리티,-2.902142857142857,60.5,55.7,🔺 Watch (상승 준비),③ 박스 / 중립
299170,더블유에스아이,20251212,생활용품 도매업,2625,160.6,66.3,75.0,14.35369,33.3,12.18,15.64,36.15,25.49,3,수급↑,2271,2044,2611,1.5,15.58,1,기타,5.58321554770318,60.5,52.5,🔺 Watch (상승 준비),① 강한 상승 추세
326030,SK바이오팜,20251212,자연과학 및 공학 연구개발업,133200,406.8,58.0,71.4,-191.86471,14.3,-0.6,-4.72,20.0,-2.72,2,수급↑,133200,123128,148307,1.5,0.0,0,기타,5.58321554770318,60.4,92.5,↩️ PULL (눌림),③ 박스 / 중립
226590,엠디바이스,20251212,전자부품 제조업,13790,83.2,74.7,74.3,61.71787,13.4,2.83,4.71,-10.97,-21.63,3,수급↑,12961,11889,14568,1.5,6.4,1,기타,5.58321554770318,60.4,66.9,🔻 REV (역추세 반등),④ 바닥 반등 시도
287840,인투셀,20251212,자연과학 및 공학 연구개발업,64400,414.8,63.6,77.3,-63.92226,32.0,-2.72,-2.42,66.84,56.18,3,수급↑,62185,55966,71512,1.5,3.56,1,기타,5.58321554770318,60.3,78.3,↩️ PULL (눌림),② 상승 후 조정
086790,하나금융지주,20251212,기타 금융업,92700,764.7,60.0,51.9,11.18142,8.2,-2.63,-0.64,4.51,-18.21,2,Squeeze,92700,88157,99514,1.5,0.0,0,금융,2.2256249999999995,60.2,84.8,↩️ PULL (눌림),④ 바닥 반등 시도
004800,효성,20251212,기타 금융업,131800,108.4,57.9,50.7,-285.71671,14.6,-3.58,0.84,47.76,25.04,1,,131800,118742,151385,1.5,0.0,0,금융,2.2256249999999995,60.2,84.8,↩️ PULL (눌림),② 상승 후 조정
005070,코스모신소재,20251212,기타 화학제품 제조업,52300,100.3,70.0,62.6,-99.61651,25.0,3.36,5.34,25.27,2.55,2,수급↑,50047,45042,57554,1.5,4.5,1,기타,5.58321554770318,60.2,74.5,↩️ PULL (눌림),③ 박스 / 중립
005290,동진쎄미켐,20251212,기초 화학물질 제조업,37750,207.5,69.0,64.1,-87.24077,28.7,2.44,4.43,4.28,-6.38,2,수급↑,36070,32477,41459,1.5,4.66,1,기타,5.58321554770318,60.2,73.9,↩️ PULL (눌림),⑤ 하락 / 약세
357780,솔브레인,20251212,기타 화학제품 제조업,264000,95.2,65.6,55.1,-524.21541,27.6,-2.76,0.76,9.09,-1.57,1,,261375,235237,300581,1.5,1.0,1,기타,5.58321554770318,60.1,88.5,↩️ PULL (눌림),③ 박스 / 중립
267270,HD현대건설기계,20251212,일반 목적용 기계 제조업,107800,273.1,73.6,74.6,349.80549,19.9,12.06,14.93,14.32,-8.4,3,수급↑,95395,87923,106602,1.5,13.0,1,조선·기계·방산,6.275344827586206,60.1,52.5,🔺 Watch (상승 준비),④ 바닥 반등 시도
006040,동원산업,20251212,기타 금융업,43400,58.6,44.7,40.9,127.63042,15.5,1.64,-4.62,-8.54,-31.26,1,,43400,39785,48821,1.5,0.0,0,금융,2.2256249999999995,60.0,84.8,🔻 REV (역추세 반등),④ 바닥 반등 시도
069620,대웅제약,20251212,의약품 제조업,184700,151.0,68.4,75.8,-414.03815,16.2,0.71,4.76,28.98,6.26,2,수급↑,177545,161973,200902,1.5,4.03,1,기타,5.58321554770318,60.0,76.4,↩️ PULL (눌림),② 상승 후 조정
036620,감성코퍼레이션,20251212,기타 전문 도매업,6290,57.5,61.1,53.8,-33.79508,30.8,-5.7,0.96,-2.18,-12.84,2,,6156,5540,7079,1.5,2.17,1,기타,5.58321554770318,59.9,83.8,↩️ PULL (눌림),⑤ 하락 / 약세
030200,KT,20251212,전기 통신업,52600,424.6,67.4,51.4,24.9713,10.0,-0.94,4.37,2.53,-20.19,2,,50892,48899,53881,1.5,3.36,1,기타,5.58321554770318,59.9,79.1,↩️ PULL (눌림),④ 바닥 반등 시도
460930,현대힘스,20251212,선박 및 보트 건조업,19340,64.4,68.1,79.0,30.7309,8.9,4.2,4.43,-34.44,-45.1,3,"수급↑,Squeeze",18488,17429,20076,1.5,4.61,1,기타,5.58321554770318,59.8,74.1,⚡ Squeeze (급변동 임박),④ 바닥 반등 시도
005830,DB손해보험,20251212,보험업,122800,185.4,55.6,46.0,156.83767,9.4,-1.92,-1.37,-15.31,-38.03,2,Squeeze,122800,115957,133064,1.5,0.0,0,금융,2.2256249999999995,59.7,84.8,⚡ Squeeze (급변동 임박),④ 바닥 반등 시도
000120,CJ대한통운,20251212,도로 화물 운송업,95300,51.9,55.8,53.0,-19.8973,10.1,-2.26,4.38,13.86,-8.86,2,,94495,88352,103709,1.5,0.85,1,기타,5.58321554770318,59.6,89.1,↩️ PULL (눌림),⑤ 하락 / 약세
089030,테크윙,20251212,특수 목적용 기계 제조업,43450,187.8,44.3,44.1,-0.04552,26.8,-7.65,-7.75,3.33,-7.33,0,,43450,39350,49600,1.5,0.0,0,조선·기계·방산,6.275344827586206,59.5,92.5,↩️ PULL (눌림),⑤ 하락 / 약세
214370,케어젠,20251212,기초 의약물질 제조업,71600,120.7,42.5,55.4,-120.99579,32.4,-1.78,-17.98,15.11,4.45,0,,71600,64440,82340,1.5,0.0,0,기타,5.58321554770318,59.5,92.5,↩️ PULL (눌림),③ 박스 / 중립
140670,알에스오토메이션,20251212,전자부품 제조업,14870,74.3,67.4,70.4,52.6015,24.0,12.82,11.8,4.84,-5.82,3,수급↑,13065,11758,15025,1.5,13.81,1,기타,5.58321554770318,59.5,52.5,🔺 Watch (상승 준비),④ 바닥 반등 시도
419530,SAMG엔터,20251212,"영화, 비디오물, 방송프로그램 제작 및 배급업",39300,56.9,36.3,30.9,155.67026,27.7,4.11,-7.42,-28.28,-38.94,1,,39300,35564,44903,1.5,0.0,0,기타,5.58321554770318,59.4,92.5,🔻 REV (역추세 반등),④ 바닥 반등 시도
006400,삼성SDI,20251212,일차전지 및 이차전지 제조업,308000,935.4,69.3,61.2,-196.17499,12.7,0.16,2.84,50.98,28.26,2,수급↑,302725,282617,332885,1.5,1.74,1,2차전지,6.867999999999999,59.4,85.5,↩️ PULL (눌림),② 상승 후 조정
004170,신세계,20251212,종합 소매업,257000,289.2,76.3,74.4,25.47616,25.2,6.2,18.16,45.53,22.81,3,수급↑,233150,210007,267864,1.5,10.23,1,기타,5.58321554770318,59.2,52.5,🔺 Watch (상승 준비),⑤ 하락 / 약세
271560,오리온,20251212,기타 식품 제조업,103800,97.9,54.5,31.4,146.14014,6.1,-0.29,-1.61,-5.55,-28.27,2,Squeeze,103800,99228,110657,1.5,0.0,0,기타,5.58321554770318,59.1,92.5,⚡ Squeeze (급변동 임박),④ 바닥 반등 시도
011200,HMM,20251212,해상 운송업,20750,216.7,82.6,90.7,3.5104,14.7,0.97,8.41,-14.61,-37.33,3,수급↑,19663,18620,21227,1.5,5.53,1,기타,5.58321554770318,59.1,70.4,🔺 Watch (상승 준비),④ 바닥 반등 시도
099320,쎄트렉아이,20251212,"항공기,우주선 및 부품 제조업",58000,275.0,58.8,47.2,550.86081,28.6,19.34,18.61,-1.36,-12.02,3,,51947,46752,59739,1.5,11.65,1,기타,5.58321554770318,59.1,52.5,🔺 Watch (상승 준비),④ 바닥 반등 시도
192820,코스맥스,20251212,기타 화학제품 제조업,163600,62.4,45.9,36.4,8.34818,8.7,-0.97,-1.45,-25.47,-48.19,3,Squeeze,163505,155019,176233,1.5,0.06,1,기타,5.58321554770318,59.0,92.3,⚡ Squeeze (급변동 임박),④ 바닥 반등 시도
205100,엑셈,20251212,소프트웨어 개발 및 공급업,2160,56.4,67.6,51.5,12.52881,11.1,6.93,5.11,-14.62,-25.28,2,,2041,1914,2232,1.5,5.79,1,기타,5.58321554770318,59.0,69.3,🔻 REV (역추세 반등),④ 바닥 반등 시도
140860,파크시스템스,20251212,"측정, 시험, 항해, 제어 및 기타 정밀기기 제조업; 광학기기 제외",217000,239.1,31.7,32.3,35.61858,17.6,-3.56,-8.44,-15.23,-25.89,1,,217000,199428,243357,1.5,0.0,0,기타,5.58321554770318,58.9,92.5,↩️ PULL (눌림),④ 바닥 반등 시도
036570,엔씨소프트,20251212,소프트웨어 개발 및 공급업,195000,202.7,43.9,39.7,-163.54711,21.3,-8.02,-7.14,-11.36,-34.08,0,,195000,177157,221764,1.5,0.0,0,기타,5.58321554770318,58.9,92.5,↩️ PULL (눌림),⑤ 하락 / 약세
040300,YTN,20251212,"영화, 비디오물, 방송프로그램 제작 및 배급업",3855,50.3,55.2,67.4,-9.23195,42.5,-0.77,-7.44,37.19,26.53,3,수급↑,3738,3364,4299,1.5,3.12,1,기타,5.58321554770318,58.8,80.0,↩️ PULL (눌림),② 상승 후 조정
002780,진흥기업,20251212,토목 건설업,729,62.2,73.4,89.1,3.10207,13.6,4.14,13.02,-0.82,-23.54,3,수급↑,660,607,740,1.5,10.4,1,기타,5.58321554770318,58.8,52.5,🔺 Watch (상승 준비),④ 바닥 반등 시도
035900,JYP Ent.,20251212,오디오물 출판 및 원판 녹음업,68200,139.8,63.2,56.7,18.57307,9.9,-0.29,0.29,-11.2,-21.86,3,Squeeze,67280,64051,72122,1.5,1.37,1,기타,5.58321554770318,58.7,87.0,⚡ Squeeze (급변동 임박),④ 바닥 반등 시도
475150,SK이터닉스,20251212,건물 건설업,22050,254.1,72.5,69.8,78.52973,25.1,10.86,9.7,-10.37,-33.09,3,수급↑,19475,17527,22396,1.5,13.22,1,기타,5.58321554770318,58.7,52.5,🔺 Watch (상승 준비),④ 바닥 반등 시도
199430,케이엔알시스템,20251212,"측정, 시험, 항해, 제어 및 기타 정밀기기 제조업; 광학기기 제외",26400,96.5,65.6,65.2,20.49547,35.1,10.92,9.09,86.57,75.91,3,수급↑,23680,21312,27232,1.5,11.49,1,기타,5.58321554770318,58.7,52.5,🔺 Watch (상승 준비),① 강한 상승 추세
007810,코리아써키트,20251212,전자부품 제조업,37250,307.5,68.6,71.8,-248.26707,46.8,-4.49,19.2,113.96,91.24,2,수급↑,34080,30672,39192,1.5,9.3,1,기타,5.58321554770318,58.6,55.3,↩️ PULL (눌림),② 상승 후 조정
009830,한화솔루션,20251212,기초 화학물질 제조업,28150,264.7,68.1,54.6,43.57814,7.0,1.08,0.72,-5.38,-28.1,2,Squeeze,27550,26135,29671,1.5,2.18,1,기타,5.58321554770318,58.5,83.8,⚡ Squeeze (급변동 임박),④ 바닥 반등 시도
065450,빅텍,20251212,"측정, 시험, 항해, 제어 및 기타 정밀기기 제조업; 광학기기 제외",3675,65.1,65.8,71.0,5.23897,4.2,2.23,3.23,-7.08,-17.74,3,"수급↑,Squeeze",3577,3420,3811,1.5,2.74,1,기타,5.58321554770318,58.5,81.5,⚡ Squeeze (급변동 임박),④ 바닥 반등 시도
050890,쏠리드,20251212,통신 및 방송 장비 제조업,7970,73.3,68.5,67.5,-8.89396,21.1,-0.75,6.13,17.03,6.37,2,수급↑,7596,6940,8580,1.5,4.92,1,기타,5.58321554770318,58.5,72.8,↩️ PULL (눌림),② 상승 후 조정
042520,한스바이오메드,20251212,의료용품 및 기타 의약 관련제품 제조업,33450,159.6,46.3,47.7,214.5924,36.5,18.62,7.9,185.41,174.75,3,,31155,28039,35828,1.5,7.37,1,바이오·의약품,10.354210526315791,58.3,63.0,🔺 Watch (상승 준비),⑤ 하락 / 약세
119850,지엔씨에너지,20251212,"전동기, 발전기 및 전기 변환 · 공급 · 제어 장치 제조업",34800,141.6,75.1,78.6,28.94427,30.8,-0.85,12.26,-0.57,-11.23,3,수급↑,31642,28478,36388,1.5,9.98,1,기타,5.58321554770318,58.3,52.6,↩️ PULL (눌림),④ 바닥 반등 시도
251270,넷마블,20251212,소프트웨어 개발 및 공급업,50200,56.8,43.8,35.7,90.42181,12.7,-0.99,-5.28,-18.9,-41.62,1,,50200,47107,54839,1.5,0.0,0,기타,5.58321554770318,58.2,92.5,↩️ PULL (눌림),④ 바닥 반등 시도
425420,티에프이,20251212,전자부품 제조업,38400,52.7,43.2,50.9,-78.42215,27.6,-12.43,-16.16,-12.13,-22.79,0,,38400,34560,44160,1.5,0.0,0,기타,5.58321554770318,58.1,92.5,↩️ PULL (눌림),⑤ 하락 / 약세
115180,큐리언트,20251212,자연과학 및 공학 연구개발업,28600,50.0,66.6,58.5,-87.80658,36.5,-8.04,-2.05,139.33,128.67,1,,28372,25535,32628,1.5,0.8,1,기타,5.58321554770318,58.1,89.3,↩️ PULL (눌림),② 상승 후 조정
138040,메리츠금융지주,20251212,기타 금융업,111000,211.0,60.5,48.9,121.07577,4.3,0.0,2.21,-12.46,-35.18,3,Squeeze,109470,105291,115737,1.5,1.4,1,금융,2.2256249999999995,58.1,79.2,⚡ Squeeze (급변동 임박),④ 바닥 반등 시도
095610,테스,20251212,특수 목적용 기계 제조업,37500,92.6,42.4,55.4,-44.71193,23.8,-3.47,-4.94,-0.4,-11.06,0,,37500,33942,42835,1.5,0.0,0,조선·기계·방산,6.275344827586206,58.0,92.5,↩️ PULL (눌림),⑤ 하락 / 약세
001040,CJ,20251212,기타 금융업,180500,175.6,47.5,59.4,-262.84752,11.3,-4.55,2.5,-3.11,-25.83,1,,180500,166585,201371,1.5,0.0,0,금융,2.2256249999999995,58.0,84.8,↩️ PULL (눌림),⑤ 하락 / 약세
028260,삼성물산,20251212,기타 전문 도매업,255000,512.0,72.6,67.2,-17.98364,24.2,4.51,13.33,39.34,16.62,2,수급↑,233300,211657,265764,1.5,9.3,1,기타,5.58321554770318,58.0,55.3,↩️ PULL (눌림),② 상승 후 조정
112610,씨에스윈드,20251212,"구조용 금속제품, 탱크 및 증기발생기 제조업",46000,130.3,80.6,88.1,49.55948,18.0,4.43,10.98,1.88,-20.84,3,수급↑,42260,39602,46245,1.5,8.85,1,기타,5.58321554770318,57.9,57.1,🔻 REV (역추세 반등),④ 바닥 반등 시도
000720,현대건설,20251212,토목 건설업,78000,2657.3,75.6,83.2,175.24334,34.6,3.86,16.42,31.31,8.59,3,수급↑,66935,60241,76975,1.5,16.53,1,기타,5.58321554770318,57.8,52.5,🔺 Watch (상승 준비),⑤ 하락 / 약세
319400,현대무벡스,20251212,일반 목적용 기계 제조업,11290,2414.9,75.3,92.2,26.91535,42.4,13.93,19.98,24.61,13.95,3,수급↑,9498,8548,10923,1.5,18.86,1,조선·기계·방산,6.275344827586206,57.8,52.5,🔺 Watch (상승 준비),⑤ 하락 / 약세
064400,LG씨엔에스,20251212,"컴퓨터 프로그래밍, 시스템 통합 및 관리업",68500,1835.3,77.6,80.6,104.73741,27.6,1.93,18.1,-5.26,-27.98,3,수급↑,60180,54994,67958,1.5,13.83,1,기타,5.58321554770318,57.8,52.5,🔺 Watch (상승 준비),④ 바닥 반등 시도
300720,한일시멘트,20251212,"시멘트, 석회, 플라스터 및 그 제품 제조업",20350,81.1,74.6,89.7,58.74541,18.6,10.72,15.95,-2.16,-24.88,3,수급↑,18085,16911,19846,1.5,12.52,1,기타,5.58321554770318,57.8,52.5,🔺 Watch (상승 준비),④ 바닥 반등 시도
215100,로보로보,20251212,기타 전기장비 제조업,8440,119.0,70.4,80.1,18.24722,18.8,6.84,4.07,31.67,21.01,3,수급↑,7842,7058,9018,1.5,7.62,1,기타,5.58321554770318,57.7,62.0,🔺 Watch (상승 준비),⑤ 하락 / 약세
204620,글로벌텍스프리,20251212,금융 지원 서비스업,4680,58.9,7.7,6.3,15.84166,57.2,-1.58,-25.0,-19.31,-29.97,1,,4680,4212,5382,1.5,0.0,0,금융,2.2256249999999995,57.6,84.8,↩️ PULL (눌림),④ 바닥 반등 시도
089010,켐트로닉스,20251212,기타 화학제품 제조업,31200,127.2,67.6,76.4,-44.34302,17.7,0.32,1.3,6.12,-4.54,2,수급↑,30207,27443,34353,1.5,3.29,1,기타,5.58321554770318,57.6,79.3,↩️ PULL (눌림),③ 박스 / 중립
196170,알테오젠,20251212,자연과학 및 공학 연구개발업,433000,3038.9,18.0,20.2,-437.52095,31.7,-5.15,-18.76,-11.9,-22.56,0,,433000,389700,497950,1.5,0.0,0,기타,5.58321554770318,57.5,92.5,↩️ PULL (눌림),⑤ 하락 / 약세
017670,SK텔레콤,20251212,전기 통신업,54000,343.7,49.0,44.1,14.50625,3.0,-0.74,0.93,-2.0,-24.72,3,Squeeze,53670,52527,55384,1.5,0.61,1,기타,5.58321554770318,57.5,90.1,⚡ Squeeze (급변동 임박),④ 바닥 반등 시도
462870,시프트업,20251212,소프트웨어 개발 및 공급업,39050,55.7,66.0,75.3,10.95805,11.7,1.43,1.69,-7.46,-30.18,3,수급↑,37682,35553,40875,1.5,3.63,1,기타,5.58321554770318,57.4,78.0,🔻 REV (역추세 반등),④ 바닥 반등 시도
304100,솔트룩스,20251212,소프트웨어 개발 및 공급업,32250,96.7,75.7,64.0,21.36953,25.7,2.87,9.88,-11.03,-21.69,3,수급↑,29755,26926,33997,1.5,8.39,1,기타,5.58321554770318,57.4,58.9,🔻 REV (역추세 반등),④ 바닥 반등 시도
348370,엔켐,20251212,기초 화학물질 제조업,68800,66.8,66.8,52.2,-75.95168,34.8,-1.71,-9.47,-11.0,-21.66,1,,67505,60754,77630,1.5,1.92,1,기타,5.58321554770318,57.3,84.8,↩️ PULL (눌림),⑤ 하락 / 약세
029780,삼성카드,20251212,기타 금융업,57300,229.0,72.6,79.3,182.39575,7.4,5.72,4.37,8.52,-14.2,3,"수급↑,Squeeze",54260,51245,58781,1.5,5.6,1,금융,2.2256249999999995,57.3,62.4,⚡ Squeeze (급변동 임박),④ 바닥 반등 시도
031980,피에스케이홀딩스,20251212,특수 목적용 기계 제조업,43050,83.9,46.2,52.8,-34.52436,21.6,-4.44,-4.33,11.53,0.87,1,,43050,39514,48353,1.5,0.0,0,조선·기계·방산,6.275344827586206,56.9,92.5,↩️ PULL (눌림),③ 박스 / 중립
036930,주성엔지니어링,20251212,특수 목적용 기계 제조업,28150,108.6,61.9,52.3,-65.13675,18.0,-3.76,2.93,-1.75,-12.41,1,,28150,26450,30700,1.5,0.0,0,조선·기계·방산,6.275344827586206,56.7,92.5,↩️ PULL (눌림),⑤ 하락 / 약세
000490,대동,20251212,특수 목적용 기계 제조업,10160,57.2,66.5,77.3,34.51169,10.0,6.61,5.72,2.01,-20.71,3,"수급↑,Squeeze",9521,9095,10159,1.5,6.71,1,조선·기계·방산,6.275344827586206,56.7,65.7,🔻 REV (역추세 반등),④ 바닥 반등 시도
025820,이구산업,20251212,1차 비철금속 제조업,5230,58.8,83.3,82.0,10.42989,17.2,3.36,8.51,11.4,-11.32,3,수급↑,4868,4531,5372,1.5,7.44,1,기타,5.58321554770318,56.7,62.7,🔻 REV (역추세 반등),④ 바닥 반등 시도
030000,제일기획,20251212,광고업,23050,110.2,63.4,49.7,6.63673,6.6,1.1,1.77,14.39,-8.33,3,Squeeze,22590,21840,23715,1.5,2.04,1,기타,5.58321554770318,56.6,84.3,⚡ Squeeze (급변동 임박),④ 바닥 반등 시도
004020,현대제철,20251212,1차 철강 제조업,31650,196.2,75.8,61.0,41.19377,9.4,0.48,4.8,-12.93,-35.65,3,"수급↑,Squeeze",30530,28980,32855,1.5,3.67,1,기타,5.58321554770318,56.6,77.8,⚡ Squeeze (급변동 임박),④ 바닥 반등 시도
096770,SK이노베이션,20251212,석유 정제품 제조업,113900,249.8,55.1,37.6,-23.37396,8.9,-0.61,-0.96,5.56,-17.16,1,Squeeze,113900,107028,124207,1.5,0.0,0,기타,5.58321554770318,56.5,92.5,↩️ PULL (눌림),⑤ 하락 / 약세
000240,한국앤컴퍼니,20251212,기타 금융업,26300,82.5,49.1,38.2,-98.6199,16.9,-6.57,-11.89,11.21,-11.51,1,,26300,23928,29857,1.5,0.0,0,금융,2.2256249999999995,56.4,84.8,↩️ PULL (눌림),⑤ 하락 / 약세
101360,에코앤드림,20251212,기타 화학제품 제조업,21600,50.2,62.3,47.9,-59.11391,16.6,-0.69,-0.92,2.13,-8.53,1,,21600,19814,24278,1.5,0.0,0,기타,5.58321554770318,56.3,92.5,↩️ PULL (눌림),⑤ 하락 / 약세
035250,강원랜드,20251212,유원지 및 기타 오락관련 서비스업,17980,168.2,51.5,58.2,5.05681,5.3,0.33,-0.06,-0.17,-22.89,3,Squeeze,17816,17329,18547,1.5,0.92,1,기타,5.58321554770318,56.3,88.8,⚡ Squeeze (급변동 임박),④ 바닥 반등 시도
003530,한화투자증권,20251212,금융 지원 서비스업,4790,63.8,41.2,22.8,11.02276,12.1,-0.73,-2.24,-21.6,-44.32,1,,4790,4473,5264,1.5,0.0,0,금융,2.2256249999999995,56.3,84.8,↩️ PULL (눌림),④ 바닥 반등 시도
051600,한전KPS,20251212,전기 및 통신 공사업,54600,121.9,73.5,81.7,16.10022,9.0,-0.18,2.44,9.42,-13.3,3,"수급↑,Squeeze",53025,50810,56346,1.5,2.97,1,기타,5.58321554770318,56.3,80.6,⚡ Squeeze (급변동 임박),④ 바닥 반등 시도
308430,셀비온,20251212,의약품 제조업,23700,68.9,74.1,68.7,-163.3205,47.9,-9.2,4.87,20.0,9.34,2,수급↑,22446,20201,25812,1.5,5.59,1,기타,5.58321554770318,56.2,70.1,↩️ PULL (눌림),② 상승 후 조정
005385,현대차우,20251212,기타,207500,149.0,65.5,61.4,6.74355,14.0,-1.43,7.79,21.84,-0.88,3,수급↑,198665,186450,216986,1.5,4.45,1,자동차·모빌리티,-2.902142857142857,56.2,44.7,↩️ PULL (눌림),③ 박스 / 중립
310210,보로노이,20251212,자연과학 및 공학 연구개발업,209500,327.0,36.2,35.7,-575.29276,17.1,-11.97,-11.04,22.44,11.78,0,,209500,188550,240925,1.5,0.0,0,기타,5.58321554770318,56.1,92.5,↩️ PULL (눌림),② 상승 후 조정
011790,SKC,20251212,기타 화학제품 제조업,108600,296.6,55.3,54.0,-274.08783,10.2,-1.27,-2.34,4.32,-18.4,1,,108600,102335,117996,1.5,0.0,0,기타,5.58321554770318,56.1,92.5,↩️ PULL (눌림),⑤ 하락 / 약세
028300,HLB,20251212,의료용품 및 기타 의약 관련제품 제조업,48100,142.4,65.7,59.7,-63.49384,14.5,-2.04,2.56,23.18,12.52,1,,47705,44626,52322,1.5,0.83,1,바이오·의약품,10.354210526315791,56.1,89.2,↩️ PULL (눌림),② 상승 후 조정
105560,KB금융,20251212,기타 금융업,126100,1153.8,60.9,71.9,-7.40388,11.3,-3.52,1.04,5.7,-17.02,3,수급↑,125360,118574,135538,1.5,0.59,1,금융,2.2256249999999995,56.1,82.4,↩️ PULL (눌림),⑤ 하락 / 약세
001450,현대해상,20251212,보험업,29450,73.2,65.5,59.3,7.57212,13.5,-2.64,-2.0,5.56,-17.16,2,,29222,27458,31868,1.5,0.78,1,금융,2.2256249999999995,56.0,81.6,↩️ PULL (눌림),④ 바닥 반등 시도
022100,포스코DX,20251212,"건축기술, 엔지니어링 및 관련 기술 서비스업",27700,208.3,75.7,79.1,-17.76823,21.3,4.92,9.06,20.96,-1.76,2,수급↑,25965,23586,29532,1.5,6.68,1,기타,5.58321554770318,56.0,65.8,↩️ PULL (눌림),③ 박스 / 중립
042670,HD현대인프라코어,20251212,특수 목적용 기계 제조업,16940,293.7,81.8,70.2,59.065,22.5,13.54,15.95,9.72,-13.0,3,수급↑,14770,13600,16525,1.5,14.69,1,조선·기계·방산,6.275344827586206,56.0,52.5,🔺 Watch (상승 준비),④ 바닥 반등 시도
077970,STX엔진,20251212,일반 목적용 기계 제조업,38450,273.5,81.3,75.2,17.69598,32.6,9.7,18.13,-15.12,-37.84,3,수급↑,33475,30127,38496,1.5,14.86,1,조선·기계·방산,6.275344827586206,56.0,52.5,🔺 Watch (상승 준비),④ 바닥 반등 시도
046120,오르비텍,20251212,기타 과학기술 서비스업,4500,180.1,78.5,76.9,28.65014,16.8,10.57,14.94,27.48,16.82,3,수급↑,3958,3562,4552,1.5,13.67,1,기타,5.58321554770318,56.0,52.5,🔺 Watch (상승 준비),⑤ 하락 / 약세
117730,티로보틱스,20251212,특수 목적용 기계 제조업,18480,297.2,80.2,81.8,16.03555,30.8,9.67,10.2,49.51,38.85,3,수급↑,16472,14824,18942,1.5,12.19,1,조선·기계·방산,6.275344827586206,55.9,52.5,🔺 Watch (상승 준비),⑤ 하락 / 약세
067310,하나마이크론,20251212,반도체 제조업,24650,500.3,57.8,61.1,-7.51761,13.3,-2.57,-4.09,39.03,28.37,2,수급↑,24650,22185,28347,1.5,0.0,0,반도체,-1.4107692307692308,55.8,62.5,↩️ PULL (눌림),② 상승 후 조정
064760,티씨케이,20251212,기타 비금속 광물제품 제조업,145500,55.2,51.0,47.6,-13.78435,13.9,-1.02,0.69,6.13,-4.53,1,,145500,135228,160907,1.5,0.0,0,기타,5.58321554770318,55.6,92.5,↩️ PULL (눌림),③ 박스 / 중립
024110,기업은행,20251212,은행 및 저축기관,21150,195.4,67.8,61.8,15.57765,7.2,0.48,2.92,7.03,-15.69,3,"수급↑,Squeeze",20602,19845,21738,1.5,2.66,1,금융,2.2256249999999995,55.6,74.1,⚡ Squeeze (급변동 임박),④ 바닥 반등 시도
455900,엔젤로보틱스,20251212,특수 목적용 기계 제조업,32850,126.2,67.1,57.8,50.45023,26.5,5.12,5.29,47.97,37.31,2,,30017,27015,34520,1.5,9.44,1,조선·기계·방산,6.275344827586206,55.6,54.7,🔺 Watch (상승 준비),① 강한 상승 추세
375500,DL이앤씨,20251212,토목 건설업,45100,240.8,80.2,77.7,162.01203,15.2,9.07,12.05,4.04,-18.68,3,수급↑,40540,37618,44922,1.5,11.25,1,기타,5.58321554770318,55.6,52.5,🔺 Watch (상승 준비),④ 바닥 반등 시도
047050,포스코인터내셔널,20251212,상품 중개업,53900,138.7,63.6,66.6,-46.80869,9.5,-1.82,0.56,7.16,-15.56,3,"수급↑,Squeeze",53660,50545,58331,1.5,0.45,1,기타,5.58321554770318,55.5,90.7,↩️ PULL (눌림),⑤ 하락 / 약세
108320,LX세미콘,20251212,반도체 제조업,53500,70.6,61.9,67.9,18.56362,7.6,0.0,3.28,-0.37,-23.09,4,"수급↑,Squeeze",51902,49716,56273,2.0,3.08,1,반도체,-1.4107692307692308,55.5,57.7,⚡ Squeeze (급변동 임박),④ 바닥 반등 시도
011780,금호석유화학,20251212,기초 화학물질 제조업,123700,89.2,82.4,68.2,101.68626,9.5,3.86,5.82,12.97,-9.75,3,"수급↑,Squeeze",118445,112573,127252,1.5,4.44,1,기타,5.58321554770318,55.4,74.7,⚡ Squeeze (급변동 임박),④ 바닥 반등 시도
004990,롯데지주,20251212,기타 금융업,28450,61.5,36.6,31.7,77.65469,22.4,1.25,3.64,-7.18,-29.9,1,,28450,26585,31246,1.5,0.0,0,금융,2.2256249999999995,55.3,84.8,🔻 REV (역추세 반등),④ 바닥 반등 시도
007460,에이프로젠,20251212,기타 금속 가공제품 제조업,786,57.1,66.3,67.9,-4.11885,37.9,10.7,10.08,6.07,-16.65,2,수급↑,724,652,833,1.5,8.48,1,기타,5.58321554770318,55.2,58.6,↩️ PULL (눌림),⑤ 하락 / 약세
218410,RFHIC,20251212,통신 및 방송 장비 제조업,32400,64.6,80.2,67.1,71.7271,26.5,6.06,18.03,5.88,-4.78,3,수급↑,28922,26065,33208,1.5,12.02,1,기타,5.58321554770318,55.2,52.5,🔺 Watch (상승 준비),③ 박스 / 중립
475960,토모큐브,20251212,사진장비 및 광학기기 제조업,54900,211.8,71.4,77.1,-457.95212,66.4,-11.02,14.97,16.81,6.15,2,수급↑,49222,44300,56605,1.5,11.53,1,기타,5.58321554770318,55.1,52.5,↩️ PULL (눌림),② 상승 후 조정
036460,한국가스공사,20251212,연료용 가스 제조 및 배관공급업,42000,89.5,70.2,54.7,12.54468,7.1,-0.94,1.2,4.35,-18.37,2,Squeeze,41292,39649,43756,1.5,1.71,1,기타,5.58321554770318,55.0,85.7,⚡ Squeeze (급변동 임박),④ 바닥 반등 시도
067080,대화제약,20251212,의약품 제조업,20000,69.0,65.2,67.5,-97.71238,43.6,4.33,15.14,38.89,28.23,2,수급↑,18116,16304,20833,1.5,10.4,1,기타,5.58321554770318,55.0,52.5,↩️ PULL (눌림),② 상승 후 조정
092460,한라IMS,20251212,선박 및 보트 건조업,18100,59.6,82.1,74.5,8.64603,26.7,7.67,16.55,5.54,-5.12,3,수급↑,16273,14764,18537,1.5,11.22,1,기타,5.58321554770318,55.0,52.5,🔺 Watch (상승 준비),④ 바닥 반등 시도
302440,SK바이오사이언스,20251212,기초 의약물질 제조업,52200,52.4,54.1,52.5,-31.83814,8.7,-3.33,-4.74,-0.38,-23.1,1,Squeeze,52200,48714,57428,1.5,0.0,0,기타,5.58321554770318,54.9,92.5,↩️ PULL (눌림),⑤ 하락 / 약세
316140,우리금융지주,20251212,기타 금융업,27650,531.9,66.7,54.1,-31.5285,16.2,-2.98,4.14,7.8,-14.92,1,,27052,25466,29431,1.5,2.21,1,금융,2.2256249999999995,54.9,75.9,↩️ PULL (눌림),⑤ 하락 / 약세
012510,더존비즈온,20251212,"컴퓨터 프로그래밍, 시스템 통합 및 관리업",88400,200.5,40.5,51.6,-218.55442,7.6,-6.95,-5.15,8.73,-13.99,0,Squeeze,88400,82114,97828,1.5,0.0,0,기타,5.58321554770318,54.8,92.5,↩️ PULL (눌림),⑤ 하락 / 약세
095340,ISC,20251212,기계장비 및 관련 물품 도매업,106400,199.7,72.1,67.2,-436.73281,43.7,-2.83,-4.92,55.1,44.44,2,수급↑,101825,91642,117098,1.5,4.49,1,조선·기계·방산,6.275344827586206,54.8,74.5,↩️ PULL (눌림),② 상승 후 조정
000080,하이트진로,20251212,알코올음료 제조업,18940,65.6,56.9,59.5,12.80228,2.2,0.0,0.69,-2.62,-25.34,3,Squeeze,18810,18434,19373,1.5,0.69,1,기타,5.58321554770318,54.7,89.7,⚡ Squeeze (급변동 임박),④ 바닥 반등 시도
065350,신성델타테크,20251212,가정용 기기 제조업,63800,67.7,69.1,69.9,-224.56934,39.2,0.95,16.21,6.69,-3.97,2,수급↑,58015,52213,66717,1.5,9.97,1,기타,5.58321554770318,54.7,52.6,↩️ PULL (눌림),③ 박스 / 중립
044490,태웅,20251212,기타 금속 가공제품 제조업,29900,321.2,72.1,83.2,232.10979,27.8,6.79,25.63,-9.8,-20.46,3,수급↑,24822,22340,28545,1.5,20.46,1,기타,5.58321554770318,54.7,52.5,🔺 Watch (상승 준비),④ 바닥 반등 시도
403870,HPSP,20251212,특수 목적용 기계 제조업,29450,162.3,62.1,55.3,-25.7953,13.9,-2.81,-2.64,2.43,-8.23,1,,29450,27600,32225,1.5,0.0,0,조선·기계·방산,6.275344827586206,54.6,92.5,↩️ PULL (눌림),⑤ 하락 / 약세
034220,LG디스플레이,20251212,전자부품 제조업,12520,131.2,55.7,47.9,-13.47976,9.5,-5.65,-0.16,3.47,-19.25,1,Squeeze,12520,11805,13591,1.5,0.0,0,기타,5.58321554770318,54.6,92.5,↩️ PULL (눌림),⑤ 하락 / 약세
000500,가온전선,20251212,절연선 및 케이블 제조업,83000,129.9,79.2,73.1,488.79132,22.8,8.21,11.11,35.62,12.9,3,수급↑,73185,65866,84162,1.5,13.41,1,기타,5.58321554770318,54.6,52.5,🔺 Watch (상승 준비),⑤ 하락 / 약세
033100,제룡전기,20251212,"전동기, 발전기 및 전기 변환 · 공급 · 제어 장치 제조업",37500,67.5,77.3,70.9,120.68698,12.6,5.19,7.14,5.78,-4.88,3,수급↑,34957,32971,37936,1.5,7.27,1,기타,5.58321554770318,54.5,63.4,🔺 Watch (상승 준비),③ 박스 / 중립
293780,압타바이오,20251212,자연과학 및 공학 연구개발업,9010,100.5,64.2,81.1,-62.70402,39.8,5.88,7.52,9.08,-1.58,3,수급↑,8301,7471,9546,1.5,8.53,1,기타,5.58321554770318,54.5,58.4,↩️ PULL (눌림),③ 박스 / 중립
103140,풍산,20251212,1차 비철금속 제조업,103300,202.7,72.8,80.2,-47.26771,12.8,0.58,4.13,-18.34,-41.06,2,수급↑,99845,93987,108630,1.5,3.46,1,기타,5.58321554770318,54.4,78.7,↩️ PULL (눌림),⑤ 하락 / 약세
003670,포스코퓨처엠,20251212,일차전지 및 이차전지 제조업,221500,571.0,82.9,70.6,-82.37807,21.5,7.52,7.26,65.92,43.2,2,수급↑,206565,188329,233918,1.5,7.23,1,2차전지,6.867999999999999,54.4,63.6,↩️ PULL (눌림),② 상승 후 조정
484810,티엑스알로보틱스,20251212,일반 목적용 기계 제조업,17230,328.7,73.8,84.2,118.21051,28.0,18.75,13.36,-8.74,-19.4,3,수급↑,14433,12990,16598,1.5,19.38,1,조선·기계·방산,6.275344827586206,54.4,52.5,🔺 Watch (상승 준비),④ 바닥 반등 시도
004960,한신공영,20251212,건물 건설업,11950,222.5,70.1,82.4,35.72809,60.8,6.7,42.94,47.53,24.81,3,수급↑,9466,8519,10886,1.5,26.23,1,기타,5.58321554770318,54.4,52.5,🔺 Watch (상승 준비),⑤ 하락 / 약세
178320,서진시스템,20251212,기타 전기장비 제조업,27000,85.4,69.6,70.0,-11.24607,26.0,5.88,10.66,25.0,14.34,2,수급↑,24775,22503,28182,1.5,8.98,1,기타,5.58321554770318,54.3,56.6,↩️ PULL (눌림),② 상승 후 조정
089970,브이엠,20251212,특수 목적용 기계 제조업,28950,152.4,71.3,77.6,-50.39169,33.5,8.83,15.8,96.4,85.74,2,수급↑,25887,23298,29770,1.5,11.83,1,조선·기계·방산,6.275344827586206,54.3,52.5,↩️ PULL (눌림),② 상승 후 조정
372320,큐로셀,20251212,자연과학 및 공학 연구개발업,48700,102.9,79.6,78.5,191.41076,22.5,8.46,18.78,17.92,7.26,3,수급↑,42430,38187,48794,1.5,14.78,1,기타,5.58321554770318,54.3,52.5,🔺 Watch (상승 준비),⑤ 하락 / 약세
215600,신라젠,20251212,자연과학 및 공학 연구개발업,3460,88.1,67.1,63.6,-14.68347,47.2,-10.13,15.72,-1.42,-12.08,2,수급↑,3102,2792,3568,1.5,11.51,1,기타,5.58321554770318,54.3,52.5,↩️ PULL (눌림),⑤ 하락 / 약세
145720,덴티움,20251212,의료용 기기 제조업,49150,77.5,52.2,53.3,-20.48988,10.5,-3.63,-5.84,-15.98,-38.7,1,,49150,46114,53703,1.5,0.0,0,바이오·의약품,10.354210526315791,54.1,92.5,↩️ PULL (눌림),⑤ 하락 / 약세
003690,코리안리,20251212,재 보험업,11720,147.6,71.1,76.4,23.36105,6.9,4.09,1.12,6.64,-16.08,3,"수급↑,Squeeze",11411,10895,12185,1.5,2.7,1,금융,2.2256249999999995,54.1,74.0,⚡ Squeeze (급변동 임박),④ 바닥 반등 시도
161580,필옵틱스,20251212,특수 목적용 기계 제조업,45500,244.8,77.5,81.9,46.75437,21.4,10.17,7.44,37.67,27.01,3,수급↑,41657,37964,47196,1.5,9.22,1,조선·기계·방산,6.275344827586206,54.0,55.6,🔺 Watch (상승 준비),⑤ 하락 / 약세
200670,휴메딕스,20251212,의약품 제조업,41800,77.0,41.3,39.0,-63.0262,12.2,-4.89,-9.03,-36.09,-46.75,0,,41800,38628,46557,1.5,0.0,0,기타,5.58321554770318,53.9,92.5,↩️ PULL (눌림),⑤ 하락 / 약세
001120,LX인터내셔널,20251212,상품 중개업,33950,77.0,89.7,87.6,54.24081,12.6,5.11,7.61,8.47,-14.25,3,수급↑,31625,30060,33971,1.5,7.35,1,기타,5.58321554770318,53.9,63.1,🔻 REV (역추세 반등),④ 바닥 반등 시도
189300,인텔리안테크,20251212,통신 및 방송 장비 제조업,48300,92.4,89.0,79.6,36.07076,27.0,5.11,17.09,2.55,-8.11,3,수급↑,42970,39891,47587,1.5,12.4,1,기타,5.58321554770318,53.9,52.5,🔺 Watch (상승 준비),④ 바닥 반등 시도
020150,롯데에너지머티리얼즈,20251212,전자부품 제조업,36000,95.5,33.3,45.0,-59.33399,28.6,-10.34,-7.93,49.38,26.66,0,,36000,32400,41400,1.5,0.0,0,기타,5.58321554770318,53.7,92.5,↩️ PULL (눌림),② 상승 후 조정
018260,삼성에스디에스,20251212,"컴퓨터 프로그래밍, 시스템 통합 및 관리업",175700,201.6,69.3,59.6,-22.14254,9.7,-0.17,4.27,5.15,-17.57,1,Squeeze,170790,162018,183947,1.5,2.87,1,기타,5.58321554770318,53.7,81.0,↩️ PULL (눌림),⑤ 하락 / 약세
107640,한중엔시에스,20251212,"전동기, 발전기 및 전기 변환 · 공급 · 제어 장치 제조업",51100,107.4,74.6,80.6,-1.88562,28.2,-0.97,8.38,34.65,23.99,2,수급↑,47312,42581,54409,1.5,8.01,1,기타,5.58321554770318,53.7,60.5,↩️ PULL (눌림),② 상승 후 조정
086280,현대글로비스,20251212,기타 운송관련 서비스업,182300,257.1,87.0,82.8,-194.79245,21.3,1.67,10.89,-3.08,-25.8,2,수급↑,169215,158579,185168,1.5,7.73,1,기타,5.58321554770318,53.6,61.6,↩️ PULL (눌림),⑤ 하락 / 약세
030610,교보증권,20251212,금융 지원 서비스업,9970,56.8,80.0,79.3,25.40716,10.7,3.32,9.08,3.21,-19.51,3,수급↑,9339,8859,10059,1.5,6.75,1,금융,2.2256249999999995,53.6,57.8,🔻 REV (역추세 반등),④ 바닥 반등 시도
014280,금강공업,20251212,1차 철강 제조업,7260,280.3,68.0,73.8,24.17118,28.8,15.06,10.67,35.45,12.73,3,수급↑,6290,5661,7233,1.5,15.42,1,기타,5.58321554770318,53.6,52.5,🔺 Watch (상승 준비),① 강한 상승 추세
009155,삼성전기우,20251212,기타,129400,54.0,81.2,88.6,81.50871,38.7,8.01,12.33,52.24,29.52,3,수급↑,113385,102046,130392,1.5,14.12,1,기타,5.58321554770318,53.6,52.5,🔺 Watch (상승 준비),⑤ 하락 / 약세
489790,한화비전,20251212,통신 및 방송 장비 제조업,38350,435.8,18.5,9.0,-49.77603,26.0,-7.7,-11.53,-35.98,-58.7,0,,38350,35064,43278,1.5,0.0,0,기타,5.58321554770318,53.5,92.5,↩️ PULL (눌림),⑤ 하락 / 약세
270660,에브리봇,20251212,가정용 기기 제조업,21500,108.3,78.2,80.5,85.46092,21.1,9.64,11.28,28.59,17.93,3,수급↑,19130,17524,21539,1.5,12.39,1,기타,5.58321554770318,53.5,52.5,🔺 Watch (상승 준비),⑤ 하락 / 약세
440110,파두,20251212,반도체 제조업,22850,222.2,52.8,44.0,-96.08489,29.1,-10.39,-17.36,33.31,22.65,1,,22850,20565,26277,1.5,0.0,0,반도체,-1.4107692307692308,53.4,62.5,↩️ PULL (눌림),② 상승 후 조정
476060,온코닉테라퓨틱스,20251212,자연과학 및 공학 연구개발업,19280,951.8,60.0,59.5,111.05734,42.9,11.57,-7.08,112.76,102.1,3,,17399,15659,20008,1.5,10.81,1,기타,5.58321554770318,53.4,52.5,🔺 Watch (상승 준비),① 강한 상승 추세
097950,CJ제일제당,20251212,기타 식품 제조업,209000,80.0,41.5,29.2,199.48318,10.2,-1.88,-0.24,-13.64,-36.36,1,,209000,201714,219928,1.5,0.0,0,기타,5.58321554770318,53.3,92.5,↩️ PULL (눌림),④ 바닥 반등 시도
074600,원익QnC,20251212,유리 및 유리제품 제조업,20300,51.9,63.3,57.5,-51.4513,19.5,-5.58,0.0,-4.92,-15.58,1,,20300,18920,22370,1.5,0.0,0,기타,5.58321554770318,53.3,92.5,↩️ PULL (눌림),⑤ 하락 / 약세
078600,대주전자재료,20251212,전자부품 제조업,75600,64.2,71.7,66.1,-51.01176,14.3,1.75,2.72,9.41,-1.25,2,수급↑,73635,68677,81070,1.5,2.67,1,기타,5.58321554770318,53.3,81.8,↩️ PULL (눌림),③ 박스 / 중립
136480,하림,20251212,"도축, 육류 가공 및 저장 처리업",3050,152.4,68.8,74.0,-0.7649,8.3,1.33,3.21,0.16,-10.5,2,"수급↑,Squeeze",2962,2807,3195,1.5,2.95,1,기타,5.58321554770318,53.2,80.7,↩️ PULL (눌림),⑤ 하락 / 약세
039440,에스티아이,20251212,특수 목적용 기계 제조업,29300,125.8,73.6,82.6,-31.32707,29.9,9.53,14.9,50.64,39.98,2,수급↑,26087,23478,30000,1.5,12.31,1,조선·기계·방산,6.275344827586206,53.2,52.5,↩️ PULL (눌림),② 상승 후 조정
127120,제이에스링크,20251212,자연과학 및 공학 연구개발업,17020,68.5,17.1,35.4,-89.81912,21.4,-12.4,-14.0,-2.01,-12.67,0,,17020,15318,19573,1.5,0.0,0,기타,5.58321554770318,53.1,92.5,↩️ PULL (눌림),⑤ 하락 / 약세
005930,삼성전자,20251212,통신 및 방송 장비 제조업,108900,15376.8,77.0,59.3,-32.2772,17.8,0.46,8.36,44.43,21.71,1,,102870,97198,111377,1.5,5.86,1,기타,5.58321554770318,53.1,69.1,↩️ PULL (눌림),② 상승 후 조정
264850,이랜시스,20251212,전자부품 제조업,6630,175.5,74.6,77.1,17.75199,44.7,16.11,18.82,27.99,17.33,3,수급↑,5487,4938,6310,1.5,20.82,1,기타,5.58321554770318,53.1,52.5,🔺 Watch (상승 준비),⑤ 하락 / 약세
417970,모델솔루션,20251212,특수 목적용 기계 제조업,25000,56.5,65.9,63.7,-98.93492,46.8,-1.57,22.25,133.64,122.98,2,수급↑,22243,20018,25579,1.5,12.39,1,조선·기계·방산,6.275344827586206,53.1,52.5,↩️ PULL (눌림),② 상승 후 조정
033780,KT&G,20251212,담배 제조업,141600,353.2,37.4,29.9,10.50012,5.1,-0.98,-2.68,5.91,-16.81,1,Squeeze,141600,135657,150514,1.5,0.0,0,기타,5.58321554770318,53.0,92.5,⚡ Squeeze (급변동 임박),④ 바닥 반등 시도
078930,GS,20251212,기타 금융업,56700,161.6,35.4,25.3,21.08813,10.4,-2.91,0.53,22.07,-0.65,1,,56700,53171,61992,1.5,0.0,0,금융,2.2256249999999995,52.9,84.8,↩️ PULL (눌림),③ 박스 / 중립
138930,BNK금융지주,20251212,기타 금융업,15260,213.9,60.5,57.4,-11.86592,8.0,-2.86,1.4,-1.61,-24.33,2,Squeeze,15209,14449,16349,1.5,0.34,1,금융,2.2256249999999995,52.9,83.4,↩️ PULL (눌림),⑤ 하락 / 약세
450140,코오롱모빌리티그룹,20251212,자동차 판매업,7290,148.0,48.1,71.5,-202.71754,76.5,-49.97,-34.91,23.14,0.42,2,수급↑,7290,6561,8383,1.5,0.0,0,자동차·모빌리티,-2.902142857142857,52.8,62.5,↩️ PULL (눌림),③ 박스 / 중립
323410,카카오뱅크,20251212,은행 및 저축기관,21900,116.0,54.8,47.8,15.16547,5.1,-0.45,1.15,-13.44,-36.16,3,Squeeze,21642,20685,23078,1.5,1.19,1,인터넷/플랫폼·게임,0.6183333333333333,52.7,63.9,⚡ Squeeze (급변동 임박),④ 바닥 반등 시도
000990,DB하이텍,20251212,반도체 제조업,67600,260.1,79.3,81.3,94.67574,14.2,4.32,6.29,31.26,8.54,3,수급↑,64965,60100,72261,1.5,4.06,1,반도체,-1.4107692307692308,52.7,46.3,🔺 Watch (상승 준비),⑤ 하락 / 약세
299030,하나기술,20251212,특수 목적용 기계 제조업,35400,66.7,75.1,87.5,72.64801,22.9,12.74,9.77,28.73,18.07,3,수급↑,31522,28370,36250,1.5,12.3,1,조선·기계·방산,6.275344827586206,52.6,52.5,🔺 Watch (상승 준비),⑤ 하락 / 약세
003230,삼양식품,20251212,기타 식품 제조업,1273000,460.1,39.7,31.0,-75.22938,16.0,-1.85,-11.9,-21.23,-43.95,0,,1273000,1177142,1416785,1.5,0.0,0,기타,5.58321554770318,52.4,92.5,↩️ PULL (눌림),⑤ 하락 / 약세
032830,삼성생명,20251212,보험업,155500,679.3,71.1,70.0,-26.2739,10.7,-1.71,1.7,-2.75,-25.47,2,수급↑,152550,144292,164935,1.5,1.93,1,금융,2.2256249999999995,52.4,77.0,↩️ PULL (눌림),⑤ 하락 / 약세
014970,삼륭물산,20251212,"골판지, 종이 상자 및 종이용기 제조업",8560,82.6,61.9,91.8,-1.12277,25.2,16.94,16.46,9.18,-1.48,3,수급↑,7829,7046,9003,1.5,9.33,1,기타,5.58321554770318,52.4,55.2,↩️ PULL (눌림),③ 박스 / 중립
195940,HK이노엔,20251212,의약품 제조업,51600,72.2,68.4,65.2,-36.01061,10.1,0.0,-1.15,11.69,1.03,2,수급↑,51125,47932,55914,1.5,0.93,1,기타,5.58321554770318,52.2,88.8,↩️ PULL (눌림),③ 박스 / 중립
086450,동국제약,20251212,의약품 제조업,18530,58.3,59.0,57.6,-33.98877,9.0,-1.17,-1.01,-3.99,-14.65,1,Squeeze,18530,17517,20049,1.5,0.0,0,기타,5.58321554770318,52.1,92.5,↩️ PULL (눌림),⑤ 하락 / 약세
290650,엘앤씨바이오,20251212,의약품 제조업,67200,563.2,78.8,79.0,-157.31318,40.0,-2.33,15.86,13.32,2.66,2,수급↑,60020,54018,69023,1.5,11.96,1,기타,5.58321554770318,51.9,52.5,↩️ PULL (눌림),③ 박스 / 중립
042370,비츠로테크,20251212,기타 금융업,9450,125.7,85.8,92.0,48.59035,20.1,11.7,18.42,9.76,-0.9,3,수급↑,8333,7752,9205,1.5,13.4,1,금융,2.2256249999999995,51.9,44.8,🔺 Watch (상승 준비),③ 박스 / 중립
100790,미래에셋벤처투자,20251212,기타 금융업,10600,123.8,85.7,81.1,12.33633,44.3,9.84,12.89,45.01,34.35,3,수급↑,8993,8093,10341,1.5,17.87,1,금융,2.2256249999999995,51.9,44.8,🔺 Watch (상승 준비),⑤ 하락 / 약세
000270,기아,20251212,자동차용 엔진 및 자동차 제조업,125800,856.1,81.0,77.6,29.36169,17.1,1.78,10.25,18.79,-3.93,3,수급↑,117535,111370,126781,1.5,7.03,1,자동차·모빌리티,-2.902142857142857,51.9,34.4,🔺 Watch (상승 준비),③ 박스 / 중립
003490,대한항공,20251212,항공 여객 운송업,22600,209.1,78.6,65.9,10.42582,8.9,1.57,3.43,-5.44,-28.16,3,"수급↑,Squeeze",21872,21179,22911,1.5,3.33,1,기타,5.58321554770318,51.8,79.2,⚡ Squeeze (급변동 임박),④ 바닥 반등 시도
083650,비에이치아이,20251212,일반 목적용 기계 제조업,64200,4881.7,77.5,82.7,591.0076,51.3,7.72,42.83,30.62,19.96,3,수급↑,47990,43191,55188,1.5,33.78,1,조선·기계·방산,6.275344827586206,51.8,52.5,🔺 Watch (상승 준비),⑤ 하락 / 약세
030530,원익홀딩스,20251212,기초 화학물질 제조업,30550,1011.8,75.9,78.4,6.39388,47.6,7.76,28.9,172.04,161.38,3,수급↑,25735,23161,29595,1.5,18.71,1,기타,5.58321554770318,51.8,52.5,🔺 Watch (상승 준비),⑤ 하락 / 약세
247540,에코프로비엠,20251212,일차전지 및 이차전지 제조업,176000,684.3,78.0,80.4,-289.86823,36.2,10.21,17.41,47.9,37.24,2,수급↑,156320,140688,179768,1.5,12.59,1,2차전지,6.867999999999999,51.8,52.5,↩️ PULL (눌림),② 상승 후 조정
009970,영원무역홀딩스,20251212,기타 금융업,198500,53.2,68.2,63.7,-206.80555,25.3,5.75,19.65,45.31,22.59,2,수급↑,180435,162391,207500,1.5,10.01,1,금융,2.2256249999999995,51.8,44.8,↩️ PULL (눌림),② 상승 후 조정
131290,티에스이,20251212,"측정, 시험, 항해, 제어 및 기타 정밀기기 제조업; 광학기기 제외",58500,57.4,77.7,60.3,-119.47734,32.2,-2.01,4.46,31.31,20.65,2,수급↑,55737,50516,63569,1.5,4.96,1,기타,5.58321554770318,51.7,72.7,↩️ PULL (눌림),② 상승 후 조정
475400,씨메스,20251212,특수 목적용 기계 제조업,39700,755.5,77.5,87.6,237.17636,42.7,19.04,20.3,48.41,37.75,3,수급↑,31952,28757,36745,1.5,24.25,1,조선·기계·방산,6.275344827586206,51.7,52.5,🔺 Watch (상승 준비),⑤ 하락 / 약세
039130,하나투어,20251212,여행사 및 기타 여행보조 서비스업,49100,51.4,63.7,35.2,-17.94081,9.1,-0.71,4.03,-7.01,-29.73,2,Squeeze,47947,45961,50926,1.5,2.4,1,기타,5.58321554770318,51.6,82.9,↩️ PULL (눌림),⑤ 하락 / 약세
105840,우진,20251212,"측정, 시험, 항해, 제어 및 기타 정밀기기 제조업; 광학기기 제외",21650,703.9,77.4,87.0,137.60667,51.5,14.79,36.16,85.68,62.96,3,수급↑,16325,14692,18774,1.5,32.61,1,기타,5.58321554770318,51.6,52.5,🔺 Watch (상승 준비),⑤ 하락 / 약세
002020,코오롱,20251212,기타 금융업,55700,178.5,60.7,54.9,354.83251,19.0,9.0,0.36,31.21,8.49,3,,51330,46197,59029,1.5,8.51,1,금융,2.2256249999999995,51.6,50.7,🔺 Watch (상승 준비),⑤ 하락 / 약세
035720,카카오,20251212,"자료처리, 호스팅, 포털 및 기타 인터넷 정보매개 서비스업",59800,743.5,53.7,54.6,-14.27436,8.0,-2.76,1.87,-8.7,-31.42,2,Squeeze,59635,56563,64242,1.5,0.28,1,인터넷/플랫폼·게임,0.6183333333333333,51.5,67.6,↩️ PULL (눌림),⑤ 하락 / 약세
259960,크래프톤,20251212,소프트웨어 개발 및 공급업,249000,227.3,43.8,40.8,409.5413,9.5,0.61,-3.3,-22.79,-45.51,1,Squeeze,249000,236214,268178,1.5,0.0,0,인터넷/플랫폼·게임,0.6183333333333333,51.0,68.7,⚡ Squeeze (급변동 임박),④ 바닥 반등 시도
388720,유일로보틱스,20251212,특수 목적용 기계 제조업,99400,518.0,84.4,86.3,480.0618,34.6,18.9,21.52,33.24,22.58,3,수급↑,82415,74173,94777,1.5,20.61,1,조선·기계·방산,6.275344827586206,51.0,52.5,🔺 Watch (상승 준비),⑤ 하락 / 약세
098460,고영,20251212,특수 목적용 기계 제조업,26550,1115.4,76.3,80.6,-153.28297,74.7,-1.48,12.03,70.41,59.75,2,수급↑,23213,20892,26695,1.5,14.37,1,조선·기계·방산,6.275344827586206,50.8,52.5,↩️ PULL (눌림),② 상승 후 조정
006280,녹십자,20251212,의약품 제조업,162000,442.3,86.7,87.5,1281.19302,21.8,19.65,19.47,20.9,-1.82,3,수급↑,136705,125733,153162,1.5,18.5,1,기타,5.58321554770318,50.7,52.5,🔺 Watch (상승 준비),③ 박스 / 중립
023590,다우기술,20251212,"자료처리, 호스팅, 포털 및 기타 인터넷 정보매개 서비스업",41300,125.1,74.1,77.5,293.8447,14.3,10.58,15.2,12.08,-10.64,3,수급↑,36712,33791,41094,1.5,12.5,1,인터넷/플랫폼·게임,0.6183333333333333,50.7,28.7,🔺 Watch (상승 준비),④ 바닥 반등 시도
032640,LG유플러스,20251212,전기 통신업,15090,128.9,28.6,32.1,3.67499,6.7,-1.37,0.2,-0.46,-23.18,1,Squeeze,15090,14485,15996,1.5,0.0,0,기타,5.58321554770318,50.5,92.5,⚡ Squeeze (급변동 임박),④ 바닥 반등 시도
003570,SNT다이내믹스,20251212,자동차 신품 부품 제조업,49150,92.2,71.0,64.9,157.30216,23.4,14.3,16.06,-21.49,-44.21,3,수급↑,43740,39366,50301,1.5,12.37,1,자동차·모빌리티,-2.902142857142857,50.5,22.5,🔺 Watch (상승 준비),④ 바닥 반등 시도
257720,실리콘투,20251212,상품 종합 도매업,40750,124.9,28.1,23.3,-7.6101,17.8,-2.63,-10.24,-2.4,-13.06,0,,40750,37435,45721,1.5,0.0,0,기타,5.58321554770318,50.4,92.5,↩️ PULL (눌림),⑤ 하락 / 약세
034810,해성산업,20251212,기타 금융업,8730,53.6,81.5,92.2,51.10586,19.0,14.27,17.97,3.31,-7.35,3,수급↑,7541,7044,8287,1.5,15.76,1,금융,2.2256249999999995,50.4,44.8,🔺 Watch (상승 준비),④ 바닥 반등 시도
174900,앱클론,20251212,의료용품 및 기타 의약 관련제품 제조업,39250,91.5,65.2,57.7,-60.96551,43.0,-1.88,2.48,201.23,190.57,1,,36920,33228,42458,1.5,6.31,1,바이오·의약품,10.354210526315791,50.3,67.3,↩️ PULL (눌림),② 상승 후 조정
347700,스피어,20251212,소프트웨어 개발 및 공급업,11360,688.4,70.4,85.6,172.65699,39.0,53.93,29.09,2.99,-7.67,3,수급↑,8679,7811,9980,1.5,30.89,1,기타,5.58321554770318,50.3,52.5,🔺 Watch (상승 준비),④ 바닥 반등 시도
441270,파인엠텍,20251212,전자부품 제조업,10200,107.3,77.7,80.4,32.83252,25.7,11.84,6.47,-17.48,-28.14,3,수급↑,9150,8235,10523,1.5,11.47,1,기타,5.58321554770318,50.2,52.5,🔺 Watch (상승 준비),④ 바닥 반등 시도
389650,넥스트바이오메디컬,20251212,의료용 기기 제조업,86000,116.3,66.6,60.7,-537.47018,56.4,-2.82,0.7,12.27,1.61,2,수급↑,81210,73089,93391,1.5,5.9,1,바이오·의약품,10.354210526315791,50.1,68.9,↩️ PULL (눌림),③ 박스 / 중립
445680,큐리옥스바이오시스템즈,20251212,의료용 기기 제조업,98300,162.5,72.1,76.7,152.69163,40.8,7.2,2.4,93.12,82.46,3,수급↑,87535,78781,100665,1.5,12.3,1,바이오·의약품,10.354210526315791,50.1,52.5,🔺 Watch (상승 준비),⑤ 하락 / 약세
058610,에스피지,20251212,"전동기, 발전기 및 전기 변환 · 공급 · 제어 장치 제조업",75000,596.5,83.8,77.5,-301.19263,106.2,12.61,19.05,164.08,153.42,2,수급↑,56580,50922,65067,1.5,32.56,1,기타,5.58321554770318,49.9,52.5,↩️ PULL (눌림),② 상승 후 조정
090430,아모레퍼시픽,20251212,기타 화학제품 제조업,121800,122.8,21.4,26.5,66.21273,12.2,-2.01,-2.01,-0.25,-22.97,1,,121800,117014,128978,1.5,0.0,0,기타,5.58321554770318,49.6,92.5,↩️ PULL (눌림),④ 바닥 반등 시도
009150,삼성전기,20251212,전자부품 제조업,272000,1228.9,83.8,77.5,-240.88621,35.9,3.42,8.37,42.86,20.14,2,수급↑,246675,222175,283425,1.5,10.27,1,기타,5.58321554770318,49.5,52.5,↩️ PULL (눌림),② 상승 후 조정
051900,LG생활건강,20251212,기타 화학제품 제조업,263000,139.7,19.8,8.9,255.03776,15.1,-3.49,-4.88,-10.54,-33.26,1,,263000,253035,277946,1.5,0.0,0,기타,5.58321554770318,49.3,92.5,↩️ PULL (눌림),④ 바닥 반등 시도
483650,달바글로벌,20251212,기타 화학제품 제조업,151000,223.6,79.1,75.2,362.83739,19.5,16.6,11.85,-7.25,-29.97,3,수급↑,134190,123332,150475,1.5,12.53,1,기타,5.58321554770318,49.3,52.5,🔺 Watch (상승 준비),④ 바닥 반등 시도
348340,뉴로메카,20251212,특수 목적용 기계 제조업,33750,86.8,71.9,68.9,-22.88085,36.0,8.17,9.76,31.32,20.66,2,수급↑,29677,26709,34129,1.5,13.72,1,조선·기계·방산,6.275344827586206,49.3,52.5,↩️ PULL (눌림),② 상승 후 조정
004370,농심,20251212,기타 식품 제조업,430000,80.9,23.9,39.7,94.4003,12.8,-0.35,-3.8,-17.62,-40.34,1,,430000,412392,456410,1.5,0.0,0,기타,5.58321554770318,49.1,92.5,↩️ PULL (눌림),④ 바닥 반등 시도
049630,재영솔루텍,20251212,사진장비 및 광학기기 제조업,2730,1118.6,72.2,71.2,-21.0411,76.3,11.89,48.21,262.07,251.41,2,수급↑,2204,1983,2535,1.5,23.85,1,기타,5.58321554770318,48.9,52.5,↩️ PULL (눌림),② 상승 후 조정
314130,지놈앤컴퍼니,20251212,기초 의약물질 제조업,5800,163.3,77.2,84.9,23.56217,101.0,10.27,47.77,106.04,95.38,3,수급↑,3916,3524,4503,1.5,48.1,1,기타,5.58321554770318,48.9,52.5,🔺 Watch (상승 준비),⑤ 하락 / 약세
017800,현대엘리베이터,20251212,일반 목적용 기계 제조업,93500,196.5,81.7,72.1,-112.11554,26.5,1.74,7.72,17.91,-4.81,2,수급↑,86355,80655,94905,1.5,8.27,1,조선·기계·방산,6.275344827586206,48.8,59.4,↩️ PULL (눌림),③ 박스 / 중립
454910,두산로보틱스,20251212,특수 목적용 기계 제조업,84000,309.6,76.4,64.0,-30.34262,25.6,3.96,8.39,32.7,9.98,2,수급↑,76670,69003,88170,1.5,9.56,1,조선·기계·방산,6.275344827586206,48.8,54.3,↩️ PULL (눌림),② 상승 후 조정
011070,LG이노텍,20251212,전자부품 제조업,294500,313.5,92.5,87.4,-349.37636,38.0,3.51,24.26,75.51,52.79,2,수급↑,257900,236185,290471,1.5,14.19,1,기타,5.58321554770318,48.7,52.5,↩️ PULL (눌림),② 상승 후 조정
010130,고려아연,20251212,1차 비철금속 제조업,1518000,310.2,85.7,78.6,-1835.00738,48.4,11.7,13.11,45.68,22.96,2,수급↑,1284300,1155870,1476945,1.5,18.2,1,기타,5.58321554770318,48.7,52.5,↩️ PULL (눌림),② 상승 후 조정
277810,레인보우로보틱스,20251212,특수 목적용 기계 제조업,479000,932.0,76.7,83.6,-40.36456,40.4,9.24,10.11,62.65,51.99,2,수급↑,418250,376425,480987,1.5,14.52,1,조선·기계·방산,6.275344827586206,48.5,52.5,↩️ PULL (눌림),② 상승 후 조정
085660,차바이오텍,20251212,기초 의약물질 제조업,15610,71.9,80.2,78.3,-30.84306,39.1,0.84,12.38,36.33,25.67,2,수급↑,13967,12570,16062,1.5,11.76,1,기타,5.58321554770318,48.4,52.5,↩️ PULL (눌림),② 상승 후 조정
001530,DI동일,20251212,상품 중개업,21300,54.1,70.9,74.1,-61.27945,39.1,4.67,8.07,-42.74,-65.46,2,수급↑,19123,17211,21992,1.5,11.38,1,기타,5.58321554770318,48.3,52.5,↩️ PULL (눌림),⑤ 하락 / 약세
160190,하이젠알앤엠,20251212,"전동기, 발전기 및 전기 변환 · 공급 · 제어 장치 제조업",65000,230.8,76.3,83.6,-34.36817,50.2,8.88,14.84,60.3,49.64,2,수급↑,55030,49527,63284,1.5,18.12,1,기타,5.58321554770318,48.2,52.5,↩️ PULL (눌림),② 상승 후 조정
389470,인벤티지랩,20251212,자연과학 및 공학 연구개발업,90100,379.3,69.1,80.4,-422.65832,71.4,3.68,46.27,109.53,98.87,2,수급↑,74885,67396,86117,1.5,20.32,1,기타,5.58321554770318,48.1,52.5,↩️ PULL (눌림),② 상승 후 조정
281740,레이크머티리얼즈,20251212,기타 화학제품 제조업,15500,87.1,78.6,73.5,-9.23414,30.2,12.48,16.1,25.91,15.25,2,수급↑,13803,12455,15823,1.5,12.29,1,기타,5.58321554770318,48.1,52.5,↩️ PULL (눌림),② 상승 후 조정
139130,iM금융지주,20251212,기타 금융업,14220,90.5,53.7,51.8,-3.45624,5.5,-2.8,-0.56,-0.49,-23.21,1,Squeeze,14220,13657,15064,1.5,0.0,0,금융,2.2256249999999995,48.0,84.8,↩️ PULL (눌림),⑤ 하락 / 약세
035420,NAVER,20251212,"자료처리, 호스팅, 포털 및 기타 인터넷 정보매개 서비스업",244500,1181.1,34.3,26.2,103.6067,10.4,-2.0,0.2,3.6,-19.12,1,,244500,231785,263571,1.5,0.0,0,인터넷/플랫폼·게임,0.6183333333333333,47.9,68.7,↩️ PULL (눌림),④ 바닥 반등 시도
091580,상신이디피,20251212,일차전지 및 이차전지 제조업,15200,80.1,80.5,79.5,82.64275,19.5,16.83,16.56,50.5,39.84,3,수급↑,13258,11932,15246,1.5,14.65,1,2차전지,6.867999999999999,47.9,52.5,🔺 Watch (상승 준비),⑤ 하락 / 약세
005380,현대차,20251212,자동차용 엔진 및 자동차 제조업,301500,2485.3,72.4,70.1,-520.17881,30.7,-4.29,15.3,34.9,12.18,2,수급↑,276425,254425,309425,1.5,9.07,1,자동차·모빌리티,-2.902142857142857,47.9,26.2,↩️ PULL (눌림),② 상승 후 조정
012330,현대모비스,20251212,자동차 신품 부품 제조업,377500,1403.0,89.6,87.2,186.24435,38.7,4.14,21.97,20.41,-2.31,3,수급↑,322025,292310,366596,1.5,17.23,1,자동차·모빌리티,-2.902142857142857,47.8,22.5,🔺 Watch (상승 준비),③ 박스 / 중립
476040,오가노이드사이언스,20251212,자연과학 및 공학 연구개발업,42050,153.5,75.8,89.7,-138.42605,54.3,-5.4,23.86,10.22,-0.44,2,수급↑,36060,32454,41469,1.5,16.61,1,기타,5.58321554770318,47.5,52.5,↩️ PULL (눌림),③ 박스 / 중립
204320,HL만도,20251212,자동차 신품 부품 제조업,52700,700.6,71.2,66.8,-337.68325,64.0,-10.98,13.09,49.08,26.36,2,수급↑,47335,42601,54435,1.5,11.33,1,자동차·모빌리티,-2.902142857142857,47.4,22.5,↩️ PULL (눌림),② 상승 후 조정
060280,큐렉소,20251212,기타 상품 전문 소매업,13610,103.6,75.3,76.5,-64.66161,61.2,2.87,13.99,53.96,43.3,2,수급↑,11911,10719,13697,1.5,14.26,1,기타,5.58321554770318,47.3,52.5,↩️ PULL (눌림),② 상승 후 조정
059090,미코,20251212,반도체 제조업,14300,67.1,72.5,61.0,21.07312,13.3,2.58,0.7,-16.72,-27.38,3,수급↑,13748,12792,15182,1.5,4.01,1,반도체,-1.4107692307692308,47.3,46.5,🔻 REV (역추세 반등),④ 바닥 반등 시도
124500,아이티센글로벌,20251212,"컴퓨터 프로그래밍, 시스템 통합 및 관리업",26450,180.5,74.4,80.9,93.51472,40.7,28.71,28.71,43.59,32.93,3,수급↑,21465,19318,24684,1.5,23.22,1,기타,5.58321554770318,47.2,52.5,🔺 Watch (상승 준비),⑤ 하락 / 약세
180640,한진칼,20251212,기타 금융업,133600,527.2,71.7,63.8,1346.5013,32.8,23.13,30.47,20.69,-2.03,3,수급↑,105025,94522,120778,1.5,27.21,1,금융,2.2256249999999995,47.0,44.8,🔺 Watch (상승 준비),③ 박스 / 중립
389500,에스비비테크,20251212,일반 목적용 기계 제조업,40300,174.9,68.4,83.3,-90.20368,72.6,18.88,16.47,74.46,63.8,2,수급↑,32612,29351,37504,1.5,23.57,1,조선·기계·방산,6.275344827586206,46.9,52.5,↩️ PULL (눌림),② 상승 후 조정
194370,제이에스코퍼레이션,20251212,"가죽, 가방 및 유사제품 제조업",13700,52.6,78.2,80.0,33.65396,31.7,15.22,16.1,18.41,-4.31,3,수급↑,11684,10628,13268,1.5,17.25,1,기타,5.58321554770318,46.9,52.5,🔺 Watch (상승 준비),③ 박스 / 중립
457190,이수스페셜티케미컬,20251212,기초 화학물질 제조업,62900,285.3,73.6,76.5,-199.4341,44.4,22.14,20.96,37.79,15.07,2,수급↑,54622,49160,62815,1.5,15.15,1,기타,5.58321554770318,46.8,52.5,↩️ PULL (눌림),② 상승 후 조정
099440,스맥,20251212,특수 목적용 기계 제조업,6960,187.0,71.3,87.9,-67.0751,113.6,-11.22,31.82,52.63,41.97,2,수급↑,5623,5061,6467,1.5,23.76,1,조선·기계·방산,6.275344827586206,46.5,52.5,↩️ PULL (눌림),② 상승 후 조정
025950,동신건설,20251212,토목 건설업,19500,50.4,64.6,64.1,-135.3776,88.3,-22.0,41.41,9.67,-0.99,3,수급↑,16575,14917,19061,1.5,17.64,1,기타,5.58321554770318,46.3,52.5,↩️ PULL (눌림),③ 박스 / 중립
466100,클로봇,20251212,소프트웨어 개발 및 공급업,65200,9673.2,88.9,91.5,839.76316,70.0,53.77,60.99,142.38,131.72,3,수급↑,42477,38229,48849,1.5,53.49,1,기타,5.58321554770318,45.8,52.5,🔺 Watch (상승 준비),⑤ 하락 / 약세
249420,일동제약,20251212,의약품 제조업,44300,5632.3,78.5,89.1,614.5445,55.4,59.64,50.94,94.73,72.01,3,수급↑,30665,27598,35264,1.5,44.46,1,기타,5.58321554770318,45.8,52.5,🔺 Watch (상승 준비),⑤ 하락 / 약세
128820,대성산업,20251212,연료 소매업,8100,3607.6,78.2,90.4,87.46878,86.2,46.21,82.43,79.4,56.68,3,수급↑,5144,4630,5916,1.5,57.45,1,기타,5.58321554770318,45.8,52.5,🔺 Watch (상승 준비),⑤ 하락 / 약세
056080,유진로봇,20251212,특수 목적용 기계 제조업,16920,3237.7,88.5,95.0,172.38453,44.9,35.58,38.69,46.11,35.45,3,수급↑,12472,11224,14342,1.5,35.66,1,조선·기계·방산,6.275344827586206,45.8,52.5,🔺 Watch (상승 준비),⑤ 하락 / 약세
424870,이뮨온시아,20251212,자연과학 및 공학 연구개발업,15290,2499.4,82.5,90.5,120.1759,98.9,38.75,41.18,155.26,144.6,3,수급↑,9866,8879,11345,1.5,54.98,1,기타,5.58321554770318,45.8,52.5,🔺 Watch (상승 준비),⑤ 하락 / 약세
038500,삼표시멘트,20251212,기타 비금속 광물제품 제조업,5380,2337.4,93.7,95.9,112.05738,69.1,73.55,75.53,57.31,46.65,3,수급↑,3242,2918,3729,1.5,65.91,1,기타,5.58321554770318,45.8,52.5,🔺 Watch (상승 준비),⑤ 하락 / 약세
060370,LS마린솔루션,20251212,전기 및 통신 공사업,36500,1844.5,86.1,83.6,387.42147,37.1,22.07,35.19,53.04,42.38,3,수급↑,27997,25197,32197,1.5,30.37,1,기타,5.58321554770318,45.8,52.5,🔺 Watch (상승 준비),⑤ 하락 / 약세
290690,소룩스,20251212,전구 및 조명장치 제조업,5650,1055.4,84.2,93.0,58.04188,34.9,26.12,35.33,10.78,0.12,3,수급↑,4357,3921,5011,1.5,29.66,1,기타,5.58321554770318,45.8,52.5,🔺 Watch (상승 준비),③ 박스 / 중립
009070,KCTC,20251212,도로 화물 운송업,6710,987.8,88.9,98.8,51.16067,33.5,25.89,28.3,18.97,-3.75,3,수급↑,5352,4817,6155,1.5,25.37,1,기타,5.58321554770318,45.8,52.5,🔺 Watch (상승 준비),③ 박스 / 중립
027360,아주IB투자,20251212,기타 금융업,2425,109.0,82.5,88.7,12.24943,23.4,16.31,17.15,5.9,-4.76,3,수급↑,2068,1863,2374,1.5,17.26,1,금융,2.2256249999999995,45.6,44.8,🔺 Watch (상승 준비),③ 박스 / 중립
209640,와이제이링크,20251212,특수 목적용 기계 제조업,3980,668.1,86.3,94.3,25.41,61.4,30.07,51.04,3.11,-7.55,3,수급↑,2878,2590,3309,1.5,38.29,1,조선·기계·방산,6.275344827586206,45.5,52.5,🔺 Watch (상승 준비),④ 바닥 반등 시도
001430,세아베스틸지주,20251212,1차 철강 제조업,44750,638.7,91.8,97.2,682.96029,59.8,59.25,60.39,67.6,44.88,3,수급↑,29337,26403,33738,1.5,52.54,1,기타,5.58321554770318,45.4,52.5,🔺 Watch (상승 준비),⑤ 하락 / 약세
237690,에스티팜,20251212,의약품 제조업,127300,180.1,85.1,78.0,-264.57064,39.8,7.88,8.8,33.72,23.06,2,수급↑,112690,101421,129593,1.5,12.96,1,기타,5.58321554770318,45.4,52.5,↩️ PULL (눌림),② 상승 후 조정
377300,카카오페이,20251212,금융 지원 서비스업,47400,195.2,32.2,18.4,2.50834,8.7,-2.27,-4.44,-14.75,-37.47,1,Squeeze,47400,44964,51053,1.5,0.0,0,인터넷/플랫폼·게임,0.6183333333333333,45.2,68.7,↩️ PULL (눌림),④ 바닥 반등 시도
156100,엘앤케이바이오,20251212,의료용 기기 제조업,15270,123.3,75.0,77.9,-39.0722,75.4,9.62,41.91,54.87,44.21,2,수급↑,12165,10948,13990,1.5,25.52,1,바이오·의약품,10.354210526315791,45.1,52.5,↩️ PULL (눌림),② 상승 후 조정
295310,에이치브이엠,20251212,1차 비철금속 제조업,32800,447.9,82.1,87.9,363.22374,43.3,42.61,43.86,25.67,15.01,3,수급↑,24142,21728,27763,1.5,35.86,1,기타,5.58321554770318,44.7,52.5,🔺 Watch (상승 준비),⑤ 하락 / 약세
067830,세이브존I&C,20251212,종합 소매업,3625,413.0,86.1,96.2,47.22019,49.6,39.96,45.0,32.54,9.82,3,수급↑,2553,2298,2936,1.5,41.96,1,기타,5.58321554770318,44.6,52.5,🔺 Watch (상승 준비),⑤ 하락 / 약세
086520,에코프로,20251212,기타 금융업,111400,4735.4,81.4,84.2,-486.70246,63.2,14.96,31.83,126.88,116.22,2,수급↑,92830,83547,106754,1.5,20.0,1,2차전지,6.867999999999999,44.4,52.5,↩️ PULL (눌림),② 상승 후 조정
108490,로보티즈,20251212,특수 목적용 기계 제조업,302500,2517.6,83.8,84.0,-292.11683,66.9,6.89,29.55,210.63,199.97,2,수급↑,241390,217251,277598,1.5,25.32,1,조선·기계·방산,6.275344827586206,44.4,52.5,↩️ PULL (눌림),② 상승 후 조정
448900,한국피아이엠,20251212,자동차 신품 부품 제조업,60500,351.9,67.1,63.1,-173.57554,82.4,-7.07,13.51,326.06,315.4,2,수급↑,51905,46714,59690,1.5,16.56,1,자동차·모빌리티,-2.902142857142857,44.4,22.5,↩️ PULL (눌림),② 상승 후 조정
000650,천일고속,20251212,육상 여객 운송업,412000,743.1,76.8,70.7,-4075.26348,248.6,-0.24,74.21,906.11,883.39,2,수급↑,239477,215529,275399,1.5,72.04,1,기타,5.58321554770318,44.3,52.5,↩️ PULL (눌림),② 상승 후 조정
102940,코오롱생명과학,20251212,기초 의약물질 제조업,58600,54.1,68.0,80.7,28.0945,57.4,9.53,-4.25,67.19,56.53,3,수급↑,50977,45879,58624,1.5,14.95,1,기타,5.58321554770318,44.3,52.5,🔺 Watch (상승 준비),① 강한 상승 추세
307950,현대오토에버,20251212,소프트웨어 개발 및 공급업,294000,720.4,82.8,83.5,-1666.28984,87.8,3.7,45.54,69.45,46.73,2,수급↑,229450,206505,263867,1.5,28.13,1,기타,5.58321554770318,44.2,52.5,↩️ PULL (눌림),② 상승 후 조정
138610,나이벡,20251212,의료용품 및 기타 의약 관련제품 제조업,52300,328.9,78.1,86.4,271.91467,46.0,30.26,33.93,105.91,95.25,3,수급↑,40800,36720,46920,1.5,28.19,1,바이오·의약품,10.354210526315791,44.2,52.5,🔺 Watch (상승 준비),⑤ 하락 / 약세
041920,메디아나,20251212,의료용 기기 제조업,9620,315.2,86.2,89.1,119.90706,68.2,37.82,63.33,79.81,69.15,3,수급↑,6326,5693,7274,1.5,52.07,1,바이오·의약품,10.354210526315791,44.1,52.5,🔺 Watch (상승 준비),⑤ 하락 / 약세
054450,텔레칩스,20251212,반도체 제조업,14080,78.8,80.3,76.0,8.31326,32.9,8.81,18.72,6.83,-3.83,3,수급↑,12193,10973,14021,1.5,15.48,1,반도체,-1.4107692307692308,43.6,22.5,🔺 Watch (상승 준비),③ 박스 / 중립
298830,슈어소프트테크,20251212,소프트웨어 개발 및 공급업,7140,226.6,84.1,89.9,19.71243,49.4,26.15,35.48,44.83,34.17,3,수급↑,5604,5043,6444,1.5,27.4,1,기타,5.58321554770318,43.5,52.5,🔺 Watch (상승 준비),⑤ 하락 / 약세
322510,제이엘케이,20251212,소프트웨어 개발 및 공급업,5980,226.6,75.4,87.9,103.5767,37.3,44.62,30.0,-1.97,-12.63,3,수급↑,4421,3979,5085,1.5,35.24,1,기타,5.58321554770318,43.5,52.5,🔺 Watch (상승 준비),④ 바닥 반등 시도
389030,지니너스,20251212,자연과학 및 공학 연구개발업,3375,209.3,96.1,93.8,44.10463,86.7,45.16,88.34,65.85,55.19,3,수급↑,2063,1856,2372,1.5,63.59,1,기타,5.58321554770318,43.4,52.5,🔺 Watch (상승 준비),⑤ 하락 / 약세
475830,오름테라퓨틱,20251212,기초 의약물질 제조업,91400,437.0,77.9,86.0,-93.14697,79.1,11.19,60.35,183.85,173.19,2,수급↑,68320,61488,78568,1.5,33.78,1,기타,5.58321554770318,43.3,52.5,↩️ PULL (눌림),② 상승 후 조정
000050,경방,20251212,종합 소매업,11010,195.1,91.1,95.2,195.24476,50.0,48.78,55.51,51.44,28.72,3,수급↑,7408,6667,8519,1.5,48.62,1,기타,5.58321554770318,43.3,52.5,🔺 Watch (상승 준비),⑤ 하락 / 약세
003380,하림지주,20251212,기타 금융업,12550,2264.9,88.0,94.8,147.53609,53.6,36.12,49.58,54.56,43.9,3,수급↑,8835,7951,10160,1.5,42.04,1,금융,2.2256249999999995,43.2,44.8,🔺 Watch (상승 준비),⑤ 하락 / 약세
039860,나노엔텍,20251212,의료용 기기 제조업,4195,161.5,91.5,82.7,5.51535,52.5,34.67,32.96,18.67,8.01,3,수급↑,3318,2986,3816,1.5,26.4,1,바이오·의약품,10.354210526315791,42.9,52.5,🔺 Watch (상승 준비),⑤ 하락 / 약세
228670,레이,20251212,의료용 기기 제조업,7390,151.7,84.0,93.1,76.62131,69.8,18.24,58.92,19.97,9.31,3,수급↑,5120,4608,5888,1.5,44.31,1,바이오·의약품,10.354210526315791,42.8,52.5,🔺 Watch (상승 준비),⑤ 하락 / 약세
950160,코오롱티슈진,20251212,기초 의약물질 제조업,81200,374.8,69.6,61.3,-282.25212,61.5,1.5,-4.92,63.54,52.88,2,수급↑,72995,65695,83944,1.5,11.24,1,기타,5.58321554770318,42.7,52.5,↩️ PULL (눌림),② 상승 후 조정
323280,태성,20251212,특수 목적용 기계 제조업,51800,290.2,79.2,82.8,-77.04154,52.7,8.82,28.06,87.0,76.34,2,수급↑,43137,38823,49608,1.5,20.08,1,조선·기계·방산,6.275344827586206,42.6,52.5,↩️ PULL (눌림),② 상승 후 조정
208370,셀바스헬스케어,20251212,의료용 기기 제조업,5950,128.9,79.8,78.1,38.39353,45.5,40.16,26.73,48.75,38.09,3,수급↑,4746,4271,5458,1.5,25.36,1,바이오·의약품,10.354210526315791,42.5,52.5,🔺 Watch (상승 준비),⑤ 하락 / 약세
223250,드림씨아이에스,20251212,자연과학 및 공학 연구개발업,5950,127.1,85.7,85.9,35.40191,38.1,20.69,26.33,61.03,50.37,3,수급↑,4739,4265,5450,1.5,25.54,1,기타,5.58321554770318,42.5,52.5,🔺 Watch (상승 준비),⑤ 하락 / 약세
101170,우림피티에스,20251212,일반 목적용 기계 제조업,11570,256.2,82.9,91.3,-38.54009,111.0,12.66,40.07,111.13,100.47,2,수급↑,8491,7642,9765,1.5,36.25,1,조선·기계·방산,6.275344827586206,42.4,52.5,↩️ PULL (눌림),② 상승 후 조정
080220,제주반도체,20251212,반도체 제조업,19070,59.0,68.7,66.6,-3.52958,11.9,-1.8,1.17,3.87,-6.79,2,수급↑,18849,17721,20539,1.5,1.17,1,반도체,-1.4107692307692308,42.2,57.8,↩️ PULL (눌림),⑤ 하락 / 약세
033240,자화전자,20251212,전자부품 제조업,24600,104.3,88.7,89.0,113.16776,46.6,27.26,38.59,28.73,6.01,3,수급↑,19307,17376,22203,1.5,27.41,1,기타,5.58321554770318,42.1,52.5,🔺 Watch (상승 준비),⑤ 하락 / 약세
036540,SFA반도체,20251212,반도체 제조업,4140,65.6,68.7,68.1,-1.89244,16.4,-3.16,-0.84,16.46,5.8,1,수급↑,4140,3882,4526,1.5,0.0,0,반도체,-1.4107692307692308,41.6,62.5,↩️ PULL (눌림),② 상승 후 조정
232680,라온테크,20251212,특수 목적용 기계 제조업,9940,67.1,86.1,77.3,7.41188,45.5,18.9,29.93,23.79,13.13,3,수급↑,8077,7269,9288,1.5,23.07,1,조선·기계·방산,6.275344827586206,41.4,52.5,🔺 Watch (상승 준비),⑤ 하락 / 약세
126340,비나텍,20251212,일차전지 및 이차전지 제조업,80000,119.0,75.4,82.7,-28.61482,63.7,2.56,33.11,52.09,41.43,2,수급↑,65190,58671,74968,1.5,22.72,1,2차전지,6.867999999999999,41.0,52.5,↩️ PULL (눌림),② 상승 후 조정
010780,아이에스동서,20251212,"시멘트, 석회, 플라스터 및 그 제품 제조업",22600,50.3,81.9,89.8,94.13888,32.6,17.16,26.47,10.78,-11.94,3,수급↑,18613,16898,21184,1.5,21.42,1,기타,5.58321554770318,40.8,52.5,🔺 Watch (상승 준비),④ 바닥 반등 시도
317830,에스피시스템스,20251212,특수 목적용 기계 제조업,13320,195.7,74.2,78.6,-0.95409,65.3,21.53,28.2,35.5,24.84,2,수급↑,10574,9516,12160,1.5,25.97,1,조선·기계·방산,6.275344827586206,40.0,52.5,↩️ PULL (눌림),② 상승 후 조정
001360,삼성제약,20251212,의약품 제조업,1852,119.5,70.5,82.2,-2.72751,58.0,35.78,34.99,7.49,-15.23,2,수급↑,1497,1347,1722,1.5,23.66,1,기타,5.58321554770318,39.8,52.5,↩️ PULL (눌림),⑤ 하락 / 약세
011210,현대위아,20251212,자동차 신품 부품 제조업,66500,67.3,69.0,76.9,-75.3411,31.4,-0.45,6.91,26.67,3.95,2,수급↑,60940,55254,69468,1.5,9.12,1,자동차·모빌리티,-2.902142857142857,39.5,26.0,↩️ PULL (눌림),③ 박스 / 중립
200710,에이디테크놀로지,20251212,반도체 제조업,28300,52.9,72.7,75.0,-123.21975,48.3,-4.07,1.8,23.85,13.19,2,수급↑,26725,24052,30733,1.5,5.89,1,반도체,-1.4107692307692308,38.9,38.9,↩️ PULL (눌림),② 상승 후 조정
308080,바이젠셀,20251212,자연과학 및 공학 연구개발업,12820,988.4,80.8,86.6,-236.86197,236.7,25.69,108.79,229.14,218.48,2,수급↑,7516,6764,8643,1.5,70.57,1,기타,5.58321554770318,38.4,52.5,↩️ PULL (눌림),② 상승 후 조정
005850,에스엘,20251212,자동차 신품 부품 제조업,44050,63.1,75.0,75.8,-121.80926,39.0,-3.5,6.4,22.7,-0.02,2,수급↑,40372,36335,46428,1.5,9.11,1,자동차·모빌리티,-2.902142857142857,38.4,26.1,↩️ PULL (눌림),③ 박스 / 중립
094360,칩스앤미디어,20251212,반도체 제조업,18200,101.0,77.0,89.4,-94.81554,51.5,-6.09,21.5,8.98,-1.68,2,수급↑,15958,14362,18351,1.5,14.05,1,반도체,-1.4107692307692308,37.4,22.5,↩️ PULL (눌림),③ 박스 / 중립
394800,쓰리빌리언,20251212,자연과학 및 공학 연구개발업,17890,272.4,88.4,81.6,-61.35498,80.5,17.54,45.45,165.82,155.16,2,수급↑,13611,12249,15652,1.5,31.44,1,기타,5.58321554770318,36.5,52.5,↩️ PULL (눌림),② 상승 후 조정
220260,켐트로스,20251212,기타 화학제품 제조업,6150,176.4,86.7,93.9,-21.18258,81.7,16.04,52.23,51.11,40.45,2,수급↑,4828,4345,5552,1.5,27.38,1,기타,5.58321554770318,35.7,52.5,↩️ PULL (눌림),② 상승 후 조정
043260,성호전자,20251212,전자부품 제조업,5420,172.1,80.8,83.8,-13.07094,165.7,82.49,121.22,395.88,385.22,2,수급↑,3125,2812,3593,1.5,73.44,1,기타,5.58321554770318,35.7,52.5,↩️ PULL (눌림),② 상승 후 조정
013360,일성건설,20251212,토목 건설업,2590,166.0,92.9,96.8,-1.49858,128.7,17.73,100.31,79.61,56.89,2,수급↑,1635,1471,1880,1.5,58.4,1,기타,5.58321554770318,35.6,52.5,↩️ PULL (눌림),② 상승 후 조정
474650,링크솔루션,20251212,특수 목적용 기계 제조업,51400,146.1,75.1,83.0,-133.52348,90.0,20.37,55.99,124.45,113.79,2,수급↑,39077,35169,44939,1.5,31.53,1,조선·기계·방산,6.275344827586206,35.4,52.5,↩️ PULL (눌림),② 상승 후 조정
004310,현대약품,20251212,의약품 제조업,6090,111.9,76.8,89.1,-41.84804,111.2,20.36,64.59,56.56,33.84,2,수급↑,4418,3976,5081,1.5,37.82,1,기타,5.58321554770318,34.9,52.5,↩️ PULL (눌림),② 상승 후 조정
092200,디아이씨,20251212,자동차 신품 부품 제조업,12050,607.9,75.9,86.3,-20.99726,99.5,7.88,32.56,148.97,126.25,2,수급↑,8957,8061,10300,1.5,34.53,1,자동차·모빌리티,-2.902142857142857,33.9,22.5,↩️ PULL (눌림),② 상승 후 조정
094170,동운아나텍,20251212,반도체 제조업,29000,128.2,66.1,55.9,-69.5332,65.3,-11.85,-3.33,59.96,49.3,1,,26710,24039,30716,1.5,8.57,1,반도체,-1.4107692307692308,33.8,28.2,↩️ PULL (눌림),② 상승 후 조정
437730,삼현,20251212,자동차 신품 부품 제조업,50700,319.0,84.4,100.0,-115.16033,99.8,13.42,25.81,146.12,135.46,2,수급↑,38047,34242,43754,1.5,33.25,1,자동차·모빌리티,-2.902142857142857,32.8,22.5,↩️ PULL (눌림),② 상승 후 조정
