시장,종목명,종목코드,종가,거래대금(억원),시가총액(억원),RSI14,乖離%,MACD_hist,MACD_slope,Vol_Z,ret_5d_%,ret_10d_%,EBS,통과,근거,추천매수가,추천매도가1,추천매도가2,손절가
KOSPI,KT&G,033780,141000,512.35,169020.6,59.1,2.98,452.3212,240.17061,1.35,3.75,4.91,7,초입,"RSI 45~65, MACD상승, MA20 근처, 거래량증가, 상승구조, MACD>sig, 과열아님",138280,143050,147820,133520
KOSPI,셀트리온,068270,182900,4402.21,422387.7,67.7,3.97,177.04,631.91589,3.47,4.57,3.57,6,초입,"MACD상승, MA20 근처, 거래량증가, 상승구조, MACD>sig, 과열아님",177670,184710,191750,170640
KOSPI,POSCO홀딩스,005490,318500,2245.01,257771.5,56.4,3.28,-1005.8024,930.55082,1.57,4.26,-2.6,6,초입,"RSI 45~65, MACD상승, MA20 근처, 거래량증가, 상승구조, 과열아님",311460,323790,336130,299120
KOSPI,미래에셋증권,006800,24550,1585.51,140012.7,56.2,0.28,-322.0033,63.87794,1.22,-0.81,-5.03,6,초입,"RSI 45~65, MACD상승, MA20 근처, 거래량증가, 상승구조, 과열아님",24550,25350,26150,23750
KOSPI,한국금융지주,071050,176500,1155.97,98356.4,57.2,2.68,-1182.0568,399.91037,1.61,4.44,-0.11,6,초입,"RSI 45~65, MACD상승, MA20 근처, 거래량증가, 상승구조, 과열아님",173600,180480,187350,166730
KOSPI,우리금융지주,316140,27000,837.43,198200.6,63.5,4.27,93.1115,54.37218,1.37,3.85,5.88,6,초입,"RSI 45~65, MACD상승, 거래량증가, 상승구조, MACD>sig, 과열아님",26150,27190,28230,25120
KOSPI,한국항공우주,047810,103800,776.21,101179.2,53.5,2.02,-210.8389,218.23117,1.2,3.8,1.47,6,초입,"RSI 45~65, MACD상승, MA20 근처, 거래량증가, 상승구조, 과열아님",102760,106830,110900,98690
KOSDAQ,티엘비,356860,68900,562.36,6774.7,45.7,1.86,-1016.7077,130.92585,1.33,4.87,-2.55,6,초입,"RSI 45~65, MACD상승, MA20 근처, 거래량증가, 상승구조, 과열아님",68320,71020,73730,65610
KOSPI,더존비즈온,012510,93100,559.15,28286.4,57.0,3.49,-557.638,502.03663,1.53,-1.17,1.42,6,초입,"RSI 45~65, MACD상승, MA20 근처, 거래량증가, 상승구조, 과열아님",90860,94460,98060,87260
KOSPI,현대차증권,001500,8630,363.23,5336.2,49.2,0.15,-33.011,27.32713,1.49,6.81,-3.25,6,초입,"RSI 45~65, MACD상승, MA20 근처, 거래량증가, 상승구조, 과열아님",8630,8900,9170,8360
KOSPI,코오롱,002020,48000,242.01,6060.7,53.2,4.18,90.9691,80.06399,2.21,6.67,6.31,6,초입,"RSI 45~65, MACD상승, 거래량증가, 상승구조, MACD>sig, 과열아님",46530,48380,50220,44690
KOSPI,대신증권,003540,30150,225.98,15308.2,59.7,5.88,33.3252,110.62513,2.04,8.45,4.87,6,초입,"RSI 45~65, MACD상승, 거래량증가, 상승구조, MACD>sig, 과열아님",28760,29900,31040,27620
KOSPI,강원랜드,035250,17630,182.67,37717.7,62.1,2.78,78.3792,41.16503,1.49,5.7,3.46,6,초입,"RSI 45~65, MACD상승, MA20 근처, 거래량증가, MACD>sig, 과열아님",17320,17780,18230,16870
KOSPI,한국가스공사,036460,42850,152.67,39556.1,53.4,2.19,5.0995,23.16558,1.19,4.13,0.12,6,초입,"RSI 45~65, MACD상승, MA20 근처, 상승구조, MACD>sig, 과열아님",42350,43950,45550,40750
KOSPI,SK아이이테크놀로지,361610,31800,126.08,26008.3,49.4,-0.4,-322.1977,163.77907,1.57,6.18,-6.06,6,초입,"RSI 45~65, MACD상승, MA20 근처, 거래량증가, 상승구조, 과열아님",31800,32630,33460,30970
KOSDAQ,NHN KCP,060250,16600,124.8,6666.7,56.0,3.27,-63.309,102.08221,1.29,9.35,-1.78,6,초입,"RSI 45~65, MACD상승, MA20 근처, 거래량증가, 상승구조, 과열아님",16230,16880,17520,15590
KOSPI,한전KPS,051600,52300,90.21,23535.0,57.1,2.56,47.2284,115.72516,0.75,5.87,-0.19,6,초입,"RSI 45~65, MACD상승, MA20 근처, 상승구조, MACD>sig, 과열아님",51500,53540,55580,49460
KOSDAQ,넥스트바이오메디컬,389650,62300,82.02,5063.1,50.0,0.53,67.7617,223.5145,1.41,2.3,1.8,6,초입,"RSI 45~65, MACD상승, MA20 근처, 거래량증가, MACD>sig, 과열아님",62300,64490,66680,60110
KOSPI,페이퍼코리아,001020,700,70.3,1245.9,46.9,0.5,0.5922,1.44974,18.23,2.94,-0.71,6,초입,"RSI 45~65, MACD상승, MA20 근처, 거래량증가, MACD>sig, 과열아님",700,720,750,680
KOSDAQ,유니셈,036200,10520,69.77,3225.9,56.1,3.58,5.693,13.02556,0.96,7.35,4.68,6,초입,"RSI 45~65, MACD상승, MA20 근처, 상승구조, MACD>sig, 과열아님",10260,10660,11070,9850
KOSDAQ,뷰노,338220,25300,62.83,3542.5,58.3,5.54,11.6729,76.39937,1.98,3.9,10.24,6,초입,"RSI 45~65, MACD상승, 거래량증가, 상승구조, MACD>sig, 과열아님",24210,25170,26130,23250
KOSPI,하이트진로,000080,19240,55.3,13493.7,60.3,1.94,38.9802,28.94062,1.99,3.27,1.75,6,초입,"RSI 45~65, MACD상승, MA20 근처, 거래량증가, MACD>sig, 과열아님",19060,19330,19600,18800
KOSDAQ,메디톡스,086900,125200,54.69,9137.7,59.9,3.86,422.3957,285.09583,1.3,5.3,1.95,6,초입,"RSI 45~65, MACD상승, MA20 근처, 거래량증가, MACD>sig, 과열아님",121760,126580,131400,116930
KOSPI,유진투자증권,001200,3860,54.69,3739.0,57.9,3.73,3.1031,13.3285,1.13,9.35,1.85,6,초입,"RSI 45~65, MACD상승, MA20 근처, 상승구조, MACD>sig, 과열아님",3760,3910,4060,3610
KOSPI,세아베스틸지주,001430,28850,52.35,10346.2,59.8,6.36,65.6124,105.41967,1.28,5.68,0.87,6,초입,"RSI 45~65, MACD상승, 거래량증가, 상승구조, MACD>sig, 과열아님",27400,28480,29570,26310
KOSDAQ,한글과컴퓨터,030520,25400,51.94,6141.7,58.2,3.14,35.8513,81.31452,1.33,2.42,0.4,6,초입,"RSI 45~65, MACD상승, MA20 근처, 거래량증가, MACD>sig, 과열아님",24870,25860,26840,23890
KOSPI,롯데정밀화학,004000,47000,51.47,12126.0,46.2,0.76,-174.2619,164.19912,1.29,3.64,-1.16,6,초입,"RSI 45~65, MACD상승, MA20 근처, 거래량증가, 상승구조, 과열아님",47000,48750,50510,45250
KOSPI,삼성전자,005930,103100,19985.03,6103146.7,58.5,2.1,-867.9973,74.04941,0.74,2.49,2.59,5,초입,"RSI 45~65, MACD상승, MA20 근처, 상승구조, 과열아님",101990,106030,110070,97950
KOSPI,한국전력,015760,47650,4526.18,305895.9,62.0,7.85,299.013,-15.97074,1.78,9.54,4.73,5,초입,"RSI 45~65, 거래량증가, 상승구조, MACD>sig, 과열아님",44620,46390,48160,42850
KOSDAQ,알테오젠,196170,547000,3511.0,292676.7,68.4,12.29,5075.0374,475.27681,1.35,3.4,17.26,5,초입,"MACD상승, 거래량증가, 상승구조, MACD>sig, 과열아님",492000,511480,530970,472510
KOSPI,카카오,035720,63800,2061.68,282199.0,60.2,2.67,101.4417,15.54849,0.67,1.75,-5.76,5,초입,"RSI 45~65, MACD상승, MA20 근처, MACD>sig, 과열아님",62760,65250,67730,60280
KOSPI,삼성전자우,005935,78600,1867.04,641356.1,53.7,-0.13,-889.294,43.57063,0.59,0.77,-1.63,5,초입,"RSI 45~65, MACD상승, MA20 근처, 상승구조, 과열아님",78600,80860,83120,76340
KOSPI,한미약품,128940,479500,1856.56,61428.7,75.7,19.06,5134.5318,866.58163,1.61,4.47,21.86,5,초입,"MACD상승, 거래량증가, 상승구조, MACD>sig, 과열아님",406750,422860,438970,390640
KOSPI,신한지주,055550,81400,1598.21,395192.9,71.7,8.17,473.5454,157.04246,1.37,8.1,9.41,5,초입,"MACD상승, 거래량증가, 상승구조, MACD>sig, 과열아님",76000,79010,82020,72990
KOSPI,기아,000270,118600,1471.19,467034.1,56.4,3.33,-198.3043,295.45772,0.94,6.85,2.42,5,초입,"RSI 45~65, MACD상승, MA20 근처, 상승구조, 과열아님",115920,120510,125100,111330
KOSPI,유한양행,000100,119800,1266.54,95802.2,56.8,2.42,-119.2452,400.20917,2.45,2.83,2.22,5,초입,"RSI 45~65, MACD상승, MA20 근처, 거래량증가, 과열아님",118130,122810,127490,113460
KOSPI,LG에너지솔루션,373220,475500,1231.87,1112670.0,59.6,1.64,-4284.4796,132.23794,0.5,2.48,-7.49,5,초입,"RSI 45~65, MACD상승, MA20 근처, 상승구조, 과열아님",472500,491220,509930,453790
KOSPI,삼성증권,016360,83300,1022.85,74386.9,63.7,8.28,221.5389,471.12622,2.51,13.49,7.07,5,초입,"RSI 45~65, MACD상승, 거래량증가, 상승구조, MACD>sig",77700,80780,83850,74620
KOSPI,SK바이오팜,326030,127800,879.13,100084.3,80.1,12.55,962.4886,384.41327,2.08,5.97,11.52,5,초입,"MACD상승, 거래량증가, 상승구조, MACD>sig, 과열아님",114680,119220,123760,110140
KOSDAQ,에이프릴바이오,397030,35200,752.87,8083.8,64.7,9.18,-76.1972,105.18008,2.17,-4.09,17.53,5,초입,"RSI 45~65, MACD상승, 거래량증가, 상승구조, 과열아님",32560,33850,35140,31270
KOSPI,포스코퓨처엠,003670,215000,619.0,191234.4,56.1,0.12,-3605.8011,211.66351,0.39,0.7,-8.32,5,초입,"RSI 45~65, MACD상승, MA20 근처, 상승구조, 과열아님",215000,221690,228380,208310
KOSPI,한올바이오파마,009420,40700,594.9,21261.9,61.3,7.08,251.6883,-261.99634,1.32,-8.33,17.97,5,초입,"RSI 45~65, 거래량증가, 상승구조, MACD>sig, 과열아님",38390,39910,41430,36870
KOSDAQ,오스코텍,039200,50000,489.71,19129.1,73.8,17.81,667.6604,215.62877,3.1,7.07,22.55,5,초입,"MACD상승, 거래량증가, 상승구조, MACD>sig, 과열아님",42860,44560,46260,41170
KOSPI,SK이노베이션,096770,126500,486.94,213851.8,52.0,0.97,-1295.112,394.20025,0.62,4.63,-7.66,5,초입,"RSI 45~65, MACD상승, MA20 근처, 상승구조, 과열아님",126500,131470,136440,121530
KOSPI,OCI홀딩스,010060,119600,439.77,22502.6,63.2,7.33,-459.3588,316.79502,1.68,3.82,1.44,5,초입,"RSI 45~65, MACD상승, 거래량증가, 상승구조, 과열아님",112540,117000,121460,108090
KOSPI,기업은행,024110,20750,373.94,165465.9,69.5,6.15,136.3549,42.53122,1.57,7.4,7.51,5,초입,"MACD상승, 거래량증가, 상승구조, MACD>sig, 과열아님",19740,20400,21060,19080
KOSPI,부국증권,001270,74700,339.88,7746.3,61.3,9.43,537.5721,305.91646,5.24,15.99,8.73,5,초입,"RSI 45~65, MACD상승, 거래량증가, 상승구조, MACD>sig",68940,71670,74400,66210
KOSPI,카카오페이,377300,53500,336.55,72298.4,55.3,2.57,205.4528,138.10411,1.05,5.31,-0.37,5,초입,"RSI 45~65, MACD상승, MA20 근처, MACD>sig, 과열아님",52680,54770,56850,50600
KOSPI,NH투자증권,005940,22450,328.55,79999.3,63.9,8.68,171.5717,78.1615,1.37,10.59,12.53,5,초입,"RSI 45~65, MACD상승, 거래량증가, 상승구조, MACD>sig",20860,21690,22520,20040
KOSPI,대한항공,003490,22300,297.64,82113.2,46.6,0.28,33.6365,31.6753,0.92,1.36,0.9,5,초입,"RSI 45~65, MACD상승, MA20 근처, MACD>sig, 과열아님",22300,22940,23580,21660
KOSPI,SK텔레콤,017670,54100,290.91,116201.4,49.0,0.77,150.7296,32.33309,0.6,2.66,0.0,5,초입,"RSI 45~65, MACD상승, MA20 근처, MACD>sig, 과열아님",54100,55400,56690,52800
KOSPI,금호석유화학,011780,120700,280.71,31420.3,59.0,4.98,-52.3212,458.20018,2.36,7.86,3.25,5,초입,"RSI 45~65, MACD상승, 거래량증가, 상승구조, 과열아님",116120,120720,125320,111520
KOSPI,LG,003550,85400,275.0,131705.2,57.9,5.29,241.8006,15.72334,0.78,7.15,2.4,5,초입,"RSI 45~65, MACD상승, 상승구조, MACD>sig, 과열아님",81920,85170,88410,78680
KOSPI,한온시스템,018880,4400,263.91,29865.6,64.4,6.49,15.8385,-12.74285,1.49,-2.22,3.17,5,초입,"RSI 45~65, 거래량증가, 상승구조, MACD>sig, 과열아님",4170,4340,4500,4010
KOSPI,삼성에스디에스,018260,175300,260.39,135643.3,56.6,1.5,-605.1951,14.54254,0.52,-1.41,-2.88,5,초입,"RSI 45~65, MACD상승, MA20 근처, 상승구조, 과열아님",174440,181350,188250,167530
KOSPI,CJ,001040,170500,248.07,49746.8,47.7,-0.22,233.3586,16.33207,0.98,4.6,-1.39,5,초입,"RSI 45~65, MACD상승, MA20 근처, MACD>sig, 과열아님",170500,175260,180010,165740
KOSDAQ,에프에스티,036810,36800,236.83,8079.9,58.8,4.32,-369.9398,225.86094,1.54,8.88,0.82,5,초입,"RSI 45~65, MACD상승, 거래량증가, 상승구조, 과열아님",35630,37040,38450,34220
KOSDAQ,에스티팜,237690,100200,209.85,20743.1,64.8,2.86,-44.0359,138.88878,0.75,0.5,-0.6,5,초입,"RSI 45~65, MACD상승, MA20 근처, 상승구조, 과열아님",98390,102290,106180,94490
KOSDAQ,오름테라퓨틱,475830,53900,196.87,11404.5,80.4,24.8,710.3211,1.6234,1.21,8.67,29.41,5,초입,"MACD상승, 거래량증가, 상승구조, MACD>sig, 과열아님",43620,45350,47070,41890
KOSDAQ,리노공업,058470,56900,187.52,43364.5,48.0,-0.79,-408.463,27.79611,0.64,2.71,-2.57,5,초입,"RSI 45~65, MACD상승, MA20 근처, 상승구조, 과열아님",56900,58170,59430,55630
KOSPI,포스코DX,022100,26800,183.63,40745.3,52.0,0.45,-268.8821,16.28922,0.46,-3.42,-3.6,5,초입,"RSI 45~65, MACD상승, MA20 근처, 상승구조, 과열아님",26800,27720,28640,25880
KOSPI,디아이,003160,24150,173.98,6834.4,52.3,3.59,-293.2187,51.05417,0.37,5.92,1.9,5,초입,"RSI 45~65, MACD상승, MA20 근처, 상승구조, 과열아님",23550,24480,25410,22610
KOSPI,KT,030200,49450,171.49,124624.7,46.5,-0.08,80.008,47.63747,0.61,2.06,-0.6,5,초입,"RSI 45~65, MACD상승, MA20 근처, MACD>sig, 과열아님",49450,50600,51740,48300
KOSPI,롯데관광개발,032350,18940,154.15,15064.8,47.6,2.1,10.6459,35.57084,0.76,10.95,2.27,5,초입,"RSI 45~65, MACD상승, MA20 근처, 상승구조, MACD>sig",18740,19480,20220,17990
KOSDAQ,HK이노엔,195940,50500,154.1,14306.6,55.5,2.59,-26.6806,18.44603,1.14,2.64,3.38,5,초입,"RSI 45~65, MACD상승, MA20 근처, 상승구조, 과열아님",49720,51690,53660,47750
KOSDAQ,지놈앤컴퍼니,314130,3240,148.46,1007.2,65.9,9.66,0.5369,10.18786,6.9,-2.26,14.08,5,초입,"MACD상승, 거래량증가, 상승구조, MACD>sig, 과열아님",2980,3100,3220,2870
KOSPI,CJ제일제당,097950,232500,140.74,35001.0,49.3,0.83,89.3923,343.68351,1.0,3.33,-0.43,5,초입,"RSI 45~65, MACD상승, MA20 근처, MACD>sig, 과열아님",232500,239440,246380,225560
KOSDAQ,셀비온,308430,18400,135.98,2361.0,63.1,9.0,369.8812,61.92869,1.94,5.08,15.07,5,초입,"RSI 45~65, MACD상승, 거래량증가, MACD>sig, 과열아님",17050,17720,18400,16370
KOSPI,진원생명과학,011000,2275,118.69,1943.1,58.4,6.37,17.1463,12.10634,7.7,7.57,6.31,5,초입,"RSI 45~65, MACD상승, 거래량증가, MACD>sig, 과열아님",2160,2250,2330,2070
KOSDAQ,미코,059090,15120,118.68,5052.6,48.7,-0.35,9.3444,33.58507,0.74,7.16,-1.24,5,초입,"RSI 45~65, MACD상승, MA20 근처, MACD>sig, 과열아님",15120,15520,15930,14720
KOSDAQ,ISC,095340,78800,114.09,16703.3,51.1,-0.61,-450.8168,43.86192,0.67,6.49,-0.88,5,초입,"RSI 45~65, MACD상승, MA20 근처, 상승구조, 과열아님",78800,80700,82600,76900
KOSPI,JB금융지주,175330,24050,112.82,45979.5,63.9,5.34,194.4645,26.69426,1.27,6.42,9.07,5,초입,"RSI 45~65, MACD상승, 거래량증가, MACD>sig, 과열아님",23060,23970,24880,22150
KOSPI,케이씨텍,281820,43100,112.37,8917.5,63.8,10.44,375.8628,161.3193,1.72,16.33,11.51,5,초입,"RSI 45~65, MACD상승, 거래량증가, 상승구조, MACD>sig",39420,40980,42540,37850
KOSDAQ,위메이드,112040,29150,112.12,9896.0,58.3,5.88,116.3664,140.23705,2.65,7.37,4.29,5,초입,"RSI 45~65, MACD상승, 거래량증가, MACD>sig, 과열아님",27810,28910,30010,26700
KOSDAQ,피아이이,452450,8650,109.33,3103.5,55.9,1.38,21.5058,-13.88256,0.45,6.79,3.47,5,초입,"RSI 45~65, MA20 근처, 상승구조, MACD>sig, 과열아님",8620,8960,9300,8280
KOSDAQ,포스코엠텍,009520,16050,107.6,6683.7,47.3,2.02,-96.5925,40.61727,0.72,5.38,-1.47,5,초입,"RSI 45~65, MACD상승, MA20 근처, 상승구조, 과열아님",15890,16520,17150,15260
KOSPI,맥쿼리인프라,088980,11310,105.59,54166.1,48.6,0.69,27.1048,5.46339,0.6,2.35,1.53,5,초입,"RSI 45~65, MACD상승, MA20 근처, MACD>sig, 과열아님",11310,11520,11720,11100
KOSDAQ,선익시스템,171090,51300,100.85,4903.5,60.7,0.55,-417.2806,-158.80305,3.05,-5.87,-5.0,5,초입,"RSI 45~65, MA20 근처, 거래량증가, 상승구조, 과열아님",51300,53110,54920,49490
KOSPI,한화투자증권,003530,5350,98.53,11478.3,53.5,-0.07,2.8943,15.51357,0.6,5.52,-2.37,5,초입,"RSI 45~65, MACD상승, MA20 근처, MACD>sig, 과열아님",5350,5510,5660,5190
KOSDAQ,솔브레인,357780,275000,98.42,21391.1,50.9,-1.0,-1785.3457,392.78434,0.81,1.48,-5.66,5,초입,"RSI 45~65, MACD상승, MA20 근처, 상승구조, 과열아님",275000,280560,286120,269440
KOSDAQ,솔트룩스,304100,31450,97.19,3960.8,56.7,1.5,8.5678,56.10101,0.76,-1.41,-0.47,5,초입,"RSI 45~65, MACD상승, MA20 근처, MACD>sig, 과열아님",31290,32530,33770,30060
KOSPI,KCC,002380,430000,96.76,38211.8,54.6,2.34,-1373.0018,703.29181,0.78,6.04,-5.08,5,초입,"RSI 45~65, MACD상승, MA20 근처, 상승구조, 과열아님",424380,441180,457990,407570
KOSPI,LG유플러스,032640,15550,93.41,66838.3,55.7,2.31,74.2681,-15.42196,0.6,3.87,1.97,5,초입,"RSI 45~65, MA20 근처, 상승구조, MACD>sig, 과열아님",15350,15960,16570,14740
KOSDAQ,오르비텍,046120,4105,93.07,1126.8,47.8,2.53,-6.929,2.29094,1.01,4.85,-3.41,5,초입,"RSI 45~65, MACD상승, MA20 근처, 상승구조, 과열아님",4040,4200,4360,3880
KOSPI,삼아알미늄,006110,25750,91.2,3788.3,49.3,3.63,-134.3039,183.64886,3.01,10.04,-1.72,5,초입,"RSI 45~65, MACD상승, MA20 근처, 거래량증가, 상승구조",25100,26090,27080,24100
KOSDAQ,샘씨엔에스,252990,7490,89.44,4373.3,59.5,2.79,-79.8456,12.29362,0.81,-9.1,3.45,5,초입,"RSI 45~65, MACD상승, MA20 근처, 상승구조, 과열아님",7360,7650,7940,7070
KOSDAQ,코스메카코리아,241710,75100,87.34,8020.7,58.3,9.15,760.1656,77.16788,0.97,8.37,15.01,5,초입,"RSI 45~65, MACD상승, 상승구조, MACD>sig, 과열아님",69490,72250,75000,66740
KOSDAQ,네오셈,253590,12330,86.01,5409.1,57.8,3.91,-83.4235,42.27126,1.06,9.31,3.44,5,초입,"RSI 45~65, MACD상승, MA20 근처, 상승구조, 과열아님",11980,12460,12930,11510
KOSPI,미래에셋증권2우B,00680K,10250,84.66,14093.8,54.0,-0.96,-109.0958,15.67079,0.96,-0.58,-6.22,5,초입,"RSI 45~65, MACD상승, MA20 근처, 상승구조, 과열아님",10250,10460,10670,10040
KOSPI,씨에스윈드,112610,44200,76.13,18639.8,53.0,0.26,-128.418,55.32291,0.67,1.61,-3.18,5,초입,"RSI 45~65, MACD상승, MA20 근처, 상승구조, 과열아님",44200,45640,47070,42760
KOSPI,신풍제약,019170,14470,75.39,7666.9,59.5,4.57,26.2825,11.50274,0.59,2.19,3.28,5,초입,"RSI 45~65, MACD상승, 상승구조, MACD>sig, 과열아님",13980,14530,15080,13420
KOSPI,HL홀딩스,060980,43650,74.8,4021.7,64.6,9.13,213.7782,327.25024,5.32,14.72,10.65,5,초입,"RSI 45~65, MACD상승, 거래량증가, 상승구조, MACD>sig",40400,42000,43600,38800
KOSPI,넷마블,251270,56000,71.8,48134.0,50.5,1.93,266.8643,134.88243,0.57,3.13,1.82,5,초입,"RSI 45~65, MACD상승, MA20 근처, MACD>sig, 과열아님",55490,57690,59880,53290
KOSPI,효성티앤씨,298020,222000,70.91,9607.5,57.0,4.72,765.1253,1050.42951,2.09,9.36,1.37,5,초입,"RSI 45~65, MACD상승, 거래량증가, MACD>sig, 과열아님",214120,222600,231080,205640
KOSDAQ,SFA반도체,036540,4685,70.86,7705.0,62.8,6.93,-1.085,17.03795,1.45,7.7,7.58,5,초입,"RSI 45~65, MACD상승, 거래량증가, 상승구조, 과열아님",4430,4600,4780,4250
KOSDAQ,헥토파이낸셜,234340,16300,70.54,2277.2,52.2,0.93,-14.8769,65.18704,1.6,5.09,-5.01,5,초입,"RSI 45~65, MACD상승, MA20 근처, 거래량증가, 과열아님",16300,16930,17570,15670
KOSDAQ,다원시스,068240,4130,69.16,1576.1,53.2,0.35,88.5972,31.37066,1.61,15.36,4.56,5,초입,"RSI 45~65, MACD상승, MA20 근처, 거래량증가, MACD>sig",4130,4270,4410,3990
KOSPI,농심,004370,431500,68.18,26246.6,48.3,-0.12,-435.1935,218.50469,0.5,-0.8,-0.69,5,초입,"RSI 45~65, MACD상승, MA20 근처, 상승구조, 과열아님",431500,443940,456370,419060
KOSPI,한화생명,088350,3275,67.33,28444.4,62.6,5.34,19.1348,12.09904,1.4,8.99,5.31,5,초입,"RSI 45~65, MACD상승, 거래량증가, MACD>sig, 과열아님",3140,3260,3390,3020
KOSDAQ,제주반도체,080220,20700,64.89,7129.7,49.6,-0.29,-176.6297,63.52299,0.45,3.92,-1.9,5,초입,"RSI 45~65, MACD상승, MA20 근처, 상승구조, 과열아님",20700,21260,21830,20140
KOSDAQ,지노믹트리,228760,24300,63.73,5924.8,66.3,13.71,276.3012,9.0635,1.36,-9.67,20.6,5,초입,"MACD상승, 거래량증가, 상승구조, MACD>sig, 과열아님",21580,22440,23290,20730
KOSDAQ,수젠텍,253840,7190,62.72,1203.8,58.3,4.76,47.3295,8.50577,1.89,2.57,7.31,5,초입,"RSI 45~65, MACD상승, 거래량증가, MACD>sig, 과열아님",6930,7210,7480,6660
KOSDAQ,덕산하이메탈,077360,6870,62.65,3121.5,53.7,1.82,-35.8243,8.20946,0.67,8.02,-0.72,5,초입,"RSI 45~65, MACD상승, MA20 근처, 상승구조, 과열아님",6810,7080,7350,6550
KOSPI,GS건설,006360,18900,59.76,16174.9,51.7,1.34,17.808,24.96958,0.68,4.02,-1.05,5,초입,"RSI 45~65, MACD상승, MA20 근처, MACD>sig, 과열아님",18840,19580,20330,18090
KOSDAQ,대주전자재료,078600,76100,59.15,11780.7,53.5,-0.48,-490.552,83.02408,0.32,1.74,-5.82,5,초입,"RSI 45~65, MACD상승, MA20 근처, 상승구조, 과열아님",76100,78020,79950,74180
KOSPI,부광약품,003000,3910,58.0,3857.8,67.6,5.2,7.4164,8.31483,2.37,3.03,3.44,5,초입,"MACD상승, 거래량증가, 상승구조, MACD>sig, 과열아님",3750,3900,4050,3610
KOSDAQ,카카오게임즈,293490,16870,55.48,15147.1,62.8,4.92,63.9163,23.34147,1.08,1.26,3.24,5,초입,"RSI 45~65, MACD상승, 상승구조, MACD>sig, 과열아님",16240,16880,17530,15600
KOSPI,종근당,185750,85900,55.01,11856.6,71.9,4.01,250.0004,111.90861,1.54,1.06,3.49,5,초입,"MACD상승, 거래량증가, 상승구조, MACD>sig, 과열아님",83410,86310,89220,80510
KOSPI,HL만도,204320,37400,53.99,17562.0,55.7,1.59,-19.6358,2.28194,0.49,3.46,0.67,5,초입,"RSI 45~65, MACD상승, MA20 근처, 상승구조, 과열아님",37180,38660,40130,35710
KOSDAQ,더즌,462860,4010,53.79,2875.7,42.0,-0.26,15.6075,18.51273,1.96,4.97,-2.2,5,초입,"MACD상승, MA20 근처, 거래량증가, MACD>sig, 과열아님",4010,4120,4230,3900
KOSPI,OCI,456040,62200,52.78,5568.5,57.9,3.69,-90.5108,193.63662,1.16,5.07,2.3,5,초입,"RSI 45~65, MACD상승, MA20 근처, 상승구조, 과열아님",60580,62980,65380,58190
KOSPI,TYM,002900,6490,52.51,2923.8,60.0,6.25,30.009,23.97896,1.29,11.9,4.34,5,초입,"RSI 45~65, MACD상승, 거래량증가, 상승구조, MACD>sig",6170,6410,6660,5930
KOSDAQ,에스티아이,039440,23550,50.17,3728.0,59.1,2.73,-73.2603,66.5171,1.02,8.53,-0.63,5,초입,"RSI 45~65, MACD상승, MA20 근처, 상승구조, 과열아님",23150,24070,24990,22240
KOSDAQ,블루엠텍,439580,5130,50.04,1736.3,51.5,0.44,25.9435,7.07158,0.99,-0.97,0.59,5,초입,"RSI 45~65, MACD상승, MA20 근처, MACD>sig, 과열아님",5130,5310,5480,4950
KOSDAQ,고영,098460,20500,4178.37,14074.2,65.7,17.42,353.0097,37.36994,2.12,25.92,22.1,4,초입,"MACD상승, 거래량증가, 상승구조, MACD>sig",17630,18330,19030,16940
KOSDAQ,올릭스,226950,139000,3592.63,27959.5,70.0,29.59,2300.5239,703.80793,2.2,17.1,42.71,4,초입,"MACD상승, 거래량증가, 상승구조, MACD>sig",108340,112630,116920,104050
KOSDAQ,재영솔루텍,049630,1835,2548.59,2006.5,73.8,52.96,47.0664,21.83859,3.75,30.6,60.26,4,초입,"MACD상승, 거래량증가, 상승구조, MACD>sig",1210,1260,1310,1160
KOSPI,현대차,005380,275500,2226.45,564107.6,63.0,4.81,-655.0565,52.00667,0.63,2.61,6.78,4,초입,"RSI 45~65, MACD상승, 상승구조, 과열아님",265480,275990,286510,254960
KOSDAQ,펩트론,087010,294000,1702.52,68553.0,61.6,10.22,3809.5988,1381.51508,2.63,12.21,10.94,4,초입,"RSI 45~65, MACD상승, 거래량증가, MACD>sig",269420,280090,290760,258750
KOSPI,롯데에너지머티리얼즈,020150,40200,1645.82,21050.9,80.1,43.71,1184.0847,565.43884,8.45,57.65,42.55,4,초입,"MACD상승, 거래량증가, 상승구조, MACD>sig",28250,29370,30490,27130
KOSPI,LG화학,051910,393500,1591.08,277780.9,52.2,2.29,-3169.4589,-426.98915,0.62,2.21,-5.64,4,초입,"RSI 45~65, MA20 근처, 상승구조, 과열아님",388520,403910,419300,373130
KOSPI,NAVER,035420,263500,1583.68,413306.7,61.4,1.42,-754.92,-79.57792,0.35,-5.39,-0.57,4,초입,"RSI 45~65, MA20 근처, 상승구조, 과열아님",262400,272790,283180,252010
KOSPI,대덕전자,353200,52300,1467.94,25845.1,84.4,35.07,1164.9612,242.15391,1.21,21.06,37.81,4,초입,"MACD상승, 거래량증가, 상승구조, MACD>sig",39110,40660,42200,37560
KOSDAQ,인벤티지랩,389470,63200,1268.03,7817.3,79.2,32.01,1481.6573,264.05999,2.68,19.25,33.76,4,초입,"MACD상승, 거래량증가, 상승구조, MACD>sig",48350,50270,52180,46440
KOSPI,코리아써키트,007810,28300,1231.63,6684.7,80.1,36.37,507.2272,332.54063,3.48,24.67,38.05,4,초입,"MACD상승, 거래량증가, 상승구조, MACD>sig",20960,21790,22620,20130
KOSPI,DB하이텍,000990,71500,1204.94,31105.8,73.7,19.99,949.85,597.97375,1.88,27.68,20.57,4,초입,"MACD상승, 거래량증가, 상승구조, MACD>sig",60190,62570,64950,57800
KOSPI,SK,034730,279500,1042.3,202645.1,72.4,14.23,2592.3994,776.07529,1.2,17.68,11.8,4,초입,"MACD상승, 거래량증가, 상승구조, MACD>sig",247120,256910,266700,237330
KOSPI,삼성중공업,010140,26250,1012.78,231000.0,59.6,-0.96,-374.8036,-58.19929,0.44,-4.37,-12.5,4,초입,"RSI 45~65, MA20 근처, 상승구조, 과열아님",26250,26790,27330,25710
KOSDAQ,씨피시스템,413630,4845,996.38,1765.4,66.1,25.85,33.6941,36.75553,1.63,24.55,14.67,4,초입,"MACD상승, 거래량증가, 상승구조, MACD>sig",3890,4040,4200,3730
KOSPI,LG전자,066570,92900,951.92,151321.5,56.8,4.65,-17.3979,165.70743,1.06,6.66,4.62,4,초입,"RSI 45~65, MACD상승, 상승구조, 과열아님",89660,93210,96760,86110
KOSDAQ,퓨쳐켐,220100,24350,905.53,5381.9,73.8,24.3,416.3045,199.50852,5.54,15.4,26.96,4,초입,"MACD상승, 거래량증가, 상승구조, MACD>sig",19790,20570,21350,19000
KOSPI,솔루스첨단소재,336370,11890,899.39,8348.8,70.3,28.71,133.4817,171.24833,10.79,30.52,25.42,4,초입,"MACD상승, 거래량증가, 상승구조, MACD>sig",9330,9700,10070,8960
KOSPI,엘앤에프,066970,130700,883.79,51071.1,60.4,5.23,-1598.7039,213.558,0.6,4.06,-11.09,4,초입,"RSI 45~65, MACD상승, 상승구조, 과열아님",125450,130420,135390,120480
KOSDAQ,노을,376930,2900,860.37,1071.5,66.8,22.15,46.1154,33.5058,9.34,28.6,28.89,4,초입,"MACD상승, 거래량증가, 상승구조, MACD>sig",2400,2490,2590,2300
KOSPI,롯데케미칼,011170,84800,747.92,36273.6,65.2,15.74,534.6157,805.42861,4.28,21.32,15.53,4,초입,"MACD상승, 거래량증가, 상승구조, MACD>sig",74000,76930,79860,71070
KOSPI,S-Oil,010950,87500,727.26,98509.9,74.7,18.24,919.4448,451.82083,1.8,16.82,18.72,4,초입,"MACD상승, 거래량증가, 상승구조, MACD>sig",74750,77710,80670,71780
KOSPI,SKC,011790,123000,690.29,46578.0,60.5,5.15,-594.9896,180.39293,0.93,-2.54,-0.49,4,초입,"RSI 45~65, MACD상승, 상승구조, 과열아님",118150,122830,127510,113470
KOSDAQ,코오롱티슈진,950160,51200,660.29,42609.3,67.3,12.63,461.3712,269.25295,3.27,12.28,16.1,4,초입,"MACD상승, 거래량증가, 상승구조, MACD>sig",45910,47730,49550,44100
KOSPI,삼성전기,009150,226500,646.99,169181.2,53.2,0.68,-2009.0839,-181.71285,0.5,-1.31,-2.37,4,초입,"RSI 45~65, MA20 근처, 상승구조, 과열아님",226500,234770,243050,218230
KOSPI,삼성물산,028260,228500,584.25,388396.4,64.5,5.25,-265.0842,290.5123,0.66,6.03,-1.08,4,초입,"RSI 45~65, MACD상승, 상승구조, 과열아님",219270,227960,236640,210590
KOSPI,엔씨소프트,036570,242000,573.0,52136.5,81.8,11.97,2444.3517,900.10742,2.02,12.82,9.5,4,초입,"MACD상승, 거래량증가, 상승구조, MACD>sig",218290,226930,235580,209640
KOSPI,삼성생명,032830,167000,566.13,334000.0,56.4,5.58,359.7244,752.35455,0.92,11.33,4.64,4,초입,"RSI 45~65, MACD상승, 상승구조, MACD>sig",159750,166080,172410,153420
KOSDAQ,LS티라유텍,322180,7770,560.75,1625.6,67.0,20.02,107.1049,-8.89653,5.62,-7.28,41.79,4,초입,"거래량증가, 상승구조, MACD>sig, 과열아님",6540,6800,7060,6280
KOSPI,산일전기,062040,147300,506.7,44845.8,57.7,-0.35,-1811.5094,-406.5989,0.31,-9.24,-6.0,4,초입,"RSI 45~65, MA20 근처, 상승구조, 과열아님",147300,151210,155130,143390
KOSDAQ,메드팩토,235980,6750,506.19,2313.6,81.2,44.73,271.6619,35.91975,6.21,31.07,49.17,4,초입,"MACD상승, 거래량증가, 상승구조, MACD>sig",4710,4900,5080,4520
KOSDAQ,에코프로비엠,247540,155300,490.4,151885.5,46.1,-3.51,-2570.7834,60.64125,0.24,-1.65,-9.55,4,초입,"RSI 45~65, MACD상승, 상승구조, 과열아님",155300,154480,153660,156120
KOSDAQ,레인보우로보틱스,277810,394000,485.75,76435.4,61.7,2.93,-2508.7052,-2301.76748,0.28,-13.97,14.2,4,초입,"RSI 45~65, MA20 근처, 상승구조, 과열아님",386630,401940,417250,371320
KOSDAQ,지엔씨에너지,119850,35100,472.96,5773.6,45.1,-9.36,-578.8387,-333.97025,1.29,-14.91,-20.14,4,초입,"RSI 45~65, 거래량증가, 상승구조, 과열아님",35100,32640,30180,37560
KOSPI,한화시스템,272210,53800,467.02,101638.6,45.8,-2.58,-481.7611,58.2319,0.47,-1.28,-2.18,4,초입,"RSI 45~65, MACD상승, 상승구조, 과열아님",53800,54030,54260,53570
KOSPI,롯데지주,004990,33750,461.73,35406.9,69.4,12.98,358.8915,187.39723,4.32,19.05,11.39,4,초입,"MACD상승, 거래량증가, 상승구조, MACD>sig",30170,31370,32560,28980
KOSPI,LS,006260,213500,429.9,67679.5,53.9,2.41,-901.8575,-166.451,0.69,3.64,-0.93,4,초입,"RSI 45~65, MA20 근처, 상승구조, 과열아님",210570,218910,227250,202230
KOSDAQ,태성,323280,40950,419.58,12490.0,93.2,45.21,1782.8283,153.08876,1.4,33.61,67.48,4,초입,"MACD상승, 거래량증가, 상승구조, MACD>sig",28480,29610,30740,27350
KOSDAQ,삼천당제약,000250,229000,407.64,53717.6,64.2,5.17,-150.8129,343.11692,1.09,-1.51,4.09,4,초입,"RSI 45~65, MACD상승, 상승구조, 과열아님",219930,228640,237350,211220
KOSDAQ,갤럭시아머니트리,094480,10440,402.8,4095.6,57.6,9.0,64.4157,102.74171,8.35,16.13,8.98,4,초입,"RSI 45~65, MACD상승, 거래량증가, MACD>sig",9670,10060,10440,9290
KOSPI,GS,078930,60600,380.56,56306.7,84.6,21.69,1155.3553,320.33583,1.9,26.91,23.3,4,초입,"MACD상승, 거래량증가, 상승구조, MACD>sig",50300,52290,54280,48310
KOSPI,일동홀딩스,000230,14020,373.98,1618.0,80.4,40.73,550.1458,26.71825,2.39,19.22,62.08,4,초입,"MACD상승, 거래량증가, 상승구조, MACD>sig",10060,10460,10860,9660
KOSDAQ,보로노이,310210,223500,372.78,41108.6,72.4,15.0,900.3699,595.6137,1.0,7.71,10.1,4,초입,"MACD상승, 상승구조, MACD>sig, 과열아님",196290,204070,211840,188520
KOSDAQ,루닛,328130,47300,368.09,13813.8,70.9,12.57,589.07,127.09388,2.03,11.56,17.08,4,초입,"MACD상승, 거래량증가, 상승구조, MACD>sig",42440,44120,45800,40760
KOSPI,LG생활건강,051900,298500,360.66,45677.8,69.7,4.06,1231.1676,529.98336,1.95,4.37,3.65,4,초입,"MACD상승, 거래량증가, MACD>sig, 과열아님",289720,301190,312670,278240
KOSDAQ,지아이이노베이션,358570,17030,345.61,10843.6,65.9,8.7,154.397,138.86008,2.73,7.24,12.56,4,초입,"MACD상승, 거래량증가, MACD>sig, 과열아님",15820,16450,17080,15200
KOSDAQ,펄어비스,263750,38900,344.36,24992.4,69.0,9.45,243.4683,195.42897,4.03,11.78,13.41,4,초입,"MACD상승, 거래량증가, 상승구조, MACD>sig",35900,37320,38740,34480
KOSPI,메리츠금융지주,138040,120700,330.69,211492.7,64.2,5.46,1057.5665,214.3358,1.05,5.97,7.77,4,초입,"RSI 45~65, MACD상승, MACD>sig, 과열아님",115600,120180,124760,111020
KOSDAQ,와이바이오로직스,338840,25200,318.8,3767.2,70.9,24.88,143.5588,147.59619,1.96,16.13,25.37,4,초입,"MACD상승, 거래량증가, 상승구조, MACD>sig",20380,21190,22000,19570
KOSPI,키움증권,039490,298500,318.07,79028.6,63.9,4.97,-577.9342,61.28974,0.64,5.66,0.51,4,초입,"RSI 45~65, MACD상승, 상승구조, 과열아님",287220,298590,309970,275840
KOSDAQ,로킷헬스케어,376900,35550,317.01,5496.0,45.5,-1.56,-913.0018,38.02246,0.48,-10.57,1.72,4,초입,"RSI 45~65, MACD상승, 상승구조, 과열아님",35550,36070,36590,35030
KOSPI,코오롱모빌리티그룹,450140,11860,315.81,7445.4,62.0,20.0,350.2459,21.16691,0.74,12.95,32.81,4,초입,"RSI 45~65, MACD상승, 상승구조, MACD>sig",9980,10380,10770,9590
KOSPI,대한유화,006650,158700,305.68,10315.5,69.7,20.08,1420.6515,1436.93309,3.21,21.7,18.61,4,초입,"MACD상승, 거래량증가, 상승구조, MACD>sig",133480,138770,144050,128200
KOSPI,두산퓨얼셀,336260,36750,295.64,24068.9,62.6,-0.87,-559.6842,-130.67491,0.26,-10.91,-13.73,4,초입,"RSI 45~65, MA20 근처, 상승구조, 과열아님",36750,37540,38330,35960
KOSPI,현대차2우B,005387,206500,275.03,72200.5,62.2,4.88,-420.1427,118.44309,0.44,3.25,4.88,4,초입,"RSI 45~65, MACD상승, 상승구조, 과열아님",198860,206730,214610,190980
KOSPI,현대글로비스,086280,169500,269.26,127125.0,50.9,0.69,-87.2815,379.59877,0.72,4.89,0.41,4,초입,"RSI 45~65, MACD상승, MA20 근처, 과열아님",169500,175720,181930,163280
KOSPI,대웅제약,069620,162400,257.1,18816.6,71.4,14.78,1956.9104,892.39093,2.83,15.5,16.17,4,초입,"MACD상승, 거래량증가, 상승구조, MACD>sig",142900,148560,154220,137240
KOSDAQ,온코닉테라퓨틱스,476060,13680,256.4,6080.4,17.2,-18.62,-786.7108,84.20719,1.33,-7.88,-26.45,4,초입,"MACD상승, 거래량증가, 상승구조, 과열아님",13680,11060,8430,16300
KOSDAQ,에이비프로바이오,195990,367,255.19,1044.8,81.1,62.82,16.6925,3.51758,4.79,51.03,87.24,4,초입,"MACD상승, 거래량증가, 상승구조, MACD>sig",230,240,250,220
KOSPI,아모레퍼시픽,090430,126300,251.62,73876.4,62.8,4.3,702.4084,98.7759,0.68,5.16,4.81,4,초입,"RSI 45~65, MACD상승, MACD>sig, 과열아님",122300,127140,131990,117460
KOSDAQ,씨어스테크놀로지,458870,98100,236.61,12425.2,91.6,22.02,1157.3556,322.59464,1.86,17.06,24.81,4,초입,"MACD상승, 거래량증가, 상승구조, MACD>sig",81200,84410,87630,77980
KOSDAQ,GST,083450,30300,220.19,5584.3,74.3,15.25,245.3063,124.25328,1.72,13.91,18.59,4,초입,"MACD상승, 거래량증가, 상승구조, MACD>sig",26550,27600,28660,25500
KOSPI,신영증권,001720,166700,210.52,27405.5,71.5,15.81,2196.8698,836.70533,2.97,18.65,17.39,4,초입,"MACD상승, 거래량증가, 상승구조, MACD>sig",145380,151140,156890,139620
KOSDAQ,유진테크,084370,97500,207.99,22343.1,58.5,3.4,-897.5529,-358.95037,0.75,-6.61,-0.71,4,초입,"RSI 45~65, MA20 근처, 상승구조, 과열아님",95230,99000,102780,91460
KOSDAQ,코오롱생명과학,102940,36900,203.55,4584.2,74.7,13.42,275.2201,268.39387,8.89,11.14,16.04,4,초입,"MACD상승, 거래량증가, 상승구조, MACD>sig",32860,34160,35460,31560
KOSPI,신세계,004170,213500,200.18,20592.5,84.1,17.06,3926.0979,827.24902,1.72,20.55,21.38,4,초입,"MACD상승, 거래량증가, 상승구조, MACD>sig",184200,191500,198790,176910
KOSDAQ,쏠리드,050890,7800,195.21,4739.0,57.9,2.02,-40.0106,-21.97778,0.84,-8.88,-12.26,4,초입,"RSI 45~65, MA20 근처, 상승구조, 과열아님",7720,8030,8330,7420
KOSDAQ,티로보틱스,117730,17100,192.38,3509.0,59.5,0.56,-204.7768,-172.50712,0.39,-21.2,7.28,4,초입,"RSI 45~65, MA20 근처, 상승구조, 과열아님",17100,17710,18310,16490
KOSPI,포스코인터내셔널,047050,54300,190.29,95526.1,31.8,-0.65,-475.3699,126.37106,0.45,2.84,-7.65,4,초입,"MACD상승, MA20 근처, 상승구조, 과열아님",54300,55580,56870,53020
KOSDAQ,미래나노텍,095500,12610,183.72,3910.4,66.6,11.97,66.9562,60.89523,1.5,14.32,0.72,4,초입,"MACD상승, 거래량증가, 상승구조, MACD>sig",11370,11820,12280,10920
KOSDAQ,엔켐,348370,84100,180.36,18306.4,46.7,-3.46,-1221.335,211.92508,0.59,0.6,-11.01,4,초입,"RSI 45~65, MACD상승, 상승구조, 과열아님",84100,83700,83310,84500
KOSPI,한화,000880,91900,180.28,68887.1,47.3,-1.44,-736.8499,44.36396,0.47,3.61,-6.13,4,초입,"RSI 45~65, MACD상승, 상승구조, 과열아님",91900,93350,94800,90450
KOSPI,현대차우,005385,203500,177.22,47498.9,62.0,4.56,-515.8744,96.22949,0.54,2.78,5.06,4,초입,"RSI 45~65, MACD상승, 상승구조, 과열아님",196570,204360,212140,188790
KOSDAQ,네이처셀,007390,26950,172.35,17365.2,72.9,7.63,70.0387,73.94709,0.85,7.16,5.27,4,초입,"MACD상승, 상승구조, MACD>sig, 과열아님",25290,26290,27290,24290
KOSDAQ,쓰리빌리언,394800,10140,170.38,3216.6,72.5,10.64,36.7967,4.43027,0.79,3.15,14.84,4,초입,"MACD상승, 상승구조, MACD>sig, 과열아님",9260,9620,9990,8890
KOSPI,오리온,271560,106500,170.03,42106.0,70.2,4.7,714.1046,203.58995,1.29,4.62,5.65,4,초입,"MACD상승, 거래량증가, MACD>sig, 과열아님",102730,105880,109030,99580
KOSPI,현대백화점,069960,92600,168.17,20954.3,71.5,10.57,1018.7547,164.94497,1.67,11.57,13.62,4,초입,"MACD상승, 거래량증가, 상승구조, MACD>sig",84580,87930,91280,81230
KOSDAQ,파두,440110,26750,164.6,13228.3,74.9,10.53,8.8117,39.68143,0.6,1.13,11.46,4,초입,"MACD상승, 상승구조, MACD>sig, 과열아님",24440,25410,26380,23480
KOSDAQ,토모큐브,475960,40150,163.84,5348.7,49.2,-2.14,-295.658,179.28005,1.2,-1.95,-1.59,4,초입,"RSI 45~65, MACD상승, 거래량증가, 과열아님",40150,40500,40850,39800
KOSDAQ,대한광통신,010170,2355,159.83,3108.3,62.4,8.06,6.833,-29.05678,0.28,-22.15,21.02,4,초입,"RSI 45~65, 상승구조, MACD>sig, 과열아님",2200,2290,2380,2110
KOSDAQ,테스,095610,45200,142.39,8935.2,43.4,-0.4,-469.3672,207.83166,0.92,9.05,-1.63,4,초입,"MACD상승, MA20 근처, 상승구조, 과열아님",45200,46380,47560,44020
KOSPI,두산로보틱스,454910,79000,140.39,51207.8,59.3,3.37,-218.8059,-132.0008,0.22,-2.95,8.37,4,초입,"RSI 45~65, MA20 근처, 상승구조, 과열아님",77190,80250,83300,74130
KOSPI,녹십자,006280,136900,137.81,15998.9,65.5,4.52,538.3995,352.34293,1.68,4.03,4.42,4,초입,"MACD상승, 거래량증가, MACD>sig, 과열아님",132290,137530,142770,127050
KOSDAQ,제이앤티씨,204270,25150,136.21,14548.9,48.3,-5.37,-499.7227,-24.04977,1.23,-8.55,-2.9,4,초입,"RSI 45~65, 거래량증가, 상승구조, 과열아님",25150,24520,23890,25780
KOSDAQ,메지온,140410,72800,119.12,22104.9,85.2,14.29,816.4831,67.37886,0.93,9.15,18.95,4,초입,"MACD상승, 상승구조, MACD>sig, 과열아님",64340,66880,69430,61790
KOSPI,CJ대한통운,000120,95400,108.25,21763.0,77.6,13.79,1449.5716,387.30178,1.21,19.25,15.5,4,초입,"MACD상승, 거래량증가, 상승구조, MACD>sig",84670,88030,91380,81320
KOSDAQ,RFHIC,218410,32700,106.52,8666.6,62.5,4.09,31.795,-133.32411,0.75,-3.96,-4.25,4,초입,"RSI 45~65, 상승구조, MACD>sig, 과열아님",31730,32990,34240,30470
KOSDAQ,피에스케이,319660,38050,105.92,11021.8,51.6,2.16,-307.3747,-28.08565,0.59,3.12,0.0,4,초입,"RSI 45~65, MA20 근처, 상승구조, 과열아님",37620,39110,40600,36130
KOSDAQ,큐리옥스바이오시스템즈,445680,72200,105.41,12336.1,50.1,0.15,-808.9919,-104.36893,0.53,-6.48,-2.04,4,초입,"RSI 45~65, MA20 근처, 상승구조, 과열아님",72200,74470,76740,69930
KOSPI,SK바이오사이언스,302440,55500,104.94,43494.9,61.9,6.17,204.1049,-43.66746,0.66,-3.48,4.32,4,초입,"RSI 45~65, 상승구조, MACD>sig, 과열아님",52800,54890,56980,50700
KOSPI,삼성공조,006660,16480,103.47,1339.2,77.8,14.55,290.2038,29.76456,1.78,18.73,19.51,4,초입,"MACD상승, 거래량증가, 상승구조, MACD>sig",14530,15110,15680,13960
KOSDAQ,중앙첨단소재,051980,3255,102.26,3616.0,55.6,-5.48,-80.3636,0.28567,0.31,-4.96,-20.71,4,초입,"RSI 45~65, MACD상승, 상승구조, 과열아님",3260,3170,3080,3340
KOSDAQ,모티브링크,463480,9430,98.84,1168.4,32.1,-6.48,-179.1005,49.5696,1.67,2.72,-7.55,4,초입,"MACD상승, 거래량증가, 상승구조, 과열아님",9430,9080,8730,9780
KOSDAQ,인성정보,033230,2030,92.63,1025.5,58.6,8.96,28.5918,9.83987,1.39,14.69,8.91,4,초입,"RSI 45~65, MACD상승, 거래량증가, MACD>sig",1880,1960,2030,1810
KOSPI,iM금융지주,139130,14590,89.41,23643.8,62.1,6.85,120.3701,37.618,0.98,8.72,7.75,4,초입,"RSI 45~65, MACD상승, MACD>sig, 과열아님",13790,14340,14880,13250
KOSPI,제일기획,030000,22150,88.72,25481.6,74.7,7.1,178.2881,25.01639,0.92,9.11,8.05,4,초입,"MACD상승, 상승구조, MACD>sig, 과열아님",20890,21660,22430,20120
KOSDAQ,링크솔루션,474650,31300,88.14,1746.2,58.9,2.08,-309.7806,-123.62895,0.64,-6.85,-4.43,4,초입,"RSI 45~65, MA20 근처, 상승구조, 과열아님",30970,32200,33420,29740
KOSPI,한솔케미칼,014680,225000,87.78,25504.2,65.9,3.42,-775.3432,121.59723,0.53,2.04,-0.88,4,초입,"MACD상승, MA20 근처, 상승구조, 과열아님",219730,228430,237130,211020
KOSPI,삼성화재우,000815,382000,85.26,11840.1,75.5,10.35,4467.5601,967.94372,1.5,11.7,13.35,4,초입,"MACD상승, 거래량증가, 상승구조, MACD>sig",349640,363480,377330,335790
KOSDAQ,두산테스나,131970,47000,84.81,9083.8,47.8,-4.3,-807.4533,37.48787,0.52,-0.95,-6.19,4,초입,"RSI 45~65, MACD상승, 상승구조, 과열아님",47000,46360,45720,47640
KOSDAQ,케이옥션,102370,4225,83.04,1150.4,55.4,7.29,34.03,31.17595,8.95,16.39,6.02,4,초입,"RSI 45~65, MACD상승, 거래량증가, MACD>sig",3980,4130,4290,3820
KOSDAQ,플리토,300080,17570,81.97,2900.0,63.9,15.43,12.3797,152.17096,1.16,20.84,2.69,4,초입,"RSI 45~65, MACD상승, 상승구조, MACD>sig",15370,15980,16590,14770
KOSDAQ,브이엠,089970,26000,81.43,6264.9,63.8,8.21,-129.9558,29.17703,0.59,9.24,2.56,4,초입,"RSI 45~65, MACD상승, 상승구조, 과열아님",24270,25230,26190,23310
KOSPI,한국금융지주우,071055,130200,80.03,7627.4,63.1,6.84,-126.911,391.7976,1.58,10.15,4.66,4,초입,"RSI 45~65, MACD상승, 거래량증가, 상승구조",123090,127960,132840,118210
KOSDAQ,LS마린솔루션,060370,27300,77.8,14261.2,58.6,2.32,-65.0362,-83.53411,0.34,-1.62,-1.97,4,초입,"RSI 45~65, MA20 근처, 상승구조, 과열아님",26950,28010,29080,25880
KOSDAQ,주성엔지니어링,036930,30450,73.69,14393.2,51.2,-1.22,-162.4688,37.49571,0.62,0.16,-4.84,4,초입,"RSI 45~65, MACD상승, 상승구조, 과열아님",30450,31000,31550,29900
KOSPI,두산밥캣,241560,58700,72.49,56267.5,45.0,-2.99,-603.889,22.64494,0.35,-2.0,-10.93,4,초입,"RSI 45~65, MACD상승, 상승구조, 과열아님",58700,58710,58710,58690
KOSDAQ,한국비엔씨,256840,5260,70.91,3597.6,56.1,1.83,-0.9861,-6.32144,0.49,-6.07,0.38,4,초입,"RSI 45~65, MA20 근처, 상승구조, 과열아님",5220,5420,5630,5010
KOSPI,한미사이언스,008930,40950,70.77,28006.3,62.9,5.05,218.7327,61.94339,0.85,2.37,6.23,4,초입,"RSI 45~65, MACD상승, MACD>sig, 과열아님",39370,40930,42490,37810
KOSPI,HD현대에너지솔루션,322000,59200,68.32,6630.4,56.1,3.12,-371.4824,-211.78193,0.45,-8.22,0.0,4,초입,"RSI 45~65, MA20 근처, 상승구조, 과열아님",57980,60280,62570,55690
KOSDAQ,파인엠텍,441270,9690,67.72,3647.3,58.4,4.59,168.0242,3.63821,0.63,8.15,7.55,4,초입,"RSI 45~65, MACD상승, MACD>sig, 과열아님",9360,9730,10100,8990
KOSDAQ,툴젠,199800,70200,65.51,6202.7,65.9,16.59,421.2073,121.17334,1.19,8.67,22.09,4,초입,"MACD상승, 상승구조, MACD>sig, 과열아님",60810,63220,65630,58400
KOSDAQ,아스테라시스,450950,15900,65.26,5963.6,53.0,4.44,-89.4364,15.34115,0.42,-1.24,3.05,4,초입,"RSI 45~65, MACD상승, 상승구조, 과열아님",15380,15990,16590,14770
KOSDAQ,피엔티,137400,41950,64.41,9960.2,48.8,-2.98,-518.5563,10.18104,0.38,-0.36,-8.9,4,초입,"RSI 45~65, MACD상승, 상승구조, 과열아님",41950,41960,41960,41940
KOSDAQ,케어젠,214370,63300,64.4,34001.6,50.9,0.12,-150.571,-65.28409,0.62,1.28,-4.24,4,초입,"RSI 45~65, MA20 근처, 상승구조, 과열아님",63300,65270,67240,61330
KOSDAQ,보성파워텍,006910,5190,63.95,2549.8,45.2,-3.74,-81.9589,0.35465,0.32,-6.15,-7.82,4,초입,"RSI 45~65, MACD상승, 상승구조, 과열아님",5190,5150,5110,5230
KOSDAQ,디케이락,105740,11020,61.47,1120.6,67.6,12.23,118.3601,53.16733,1.97,16.24,10.42,4,초입,"MACD상승, 거래량증가, 상승구조, MACD>sig",9920,10310,10700,9520
KOSPI,DL이앤씨,375500,41500,58.67,16057.9,50.8,-0.35,-111.4463,85.76489,0.55,4.01,-6.32,4,초입,"RSI 45~65, MACD상승, MA20 근처, 과열아님",41500,42600,43710,40400
KOSDAQ,차바이오텍,085660,13270,57.46,10141.8,67.6,8.56,80.5404,6.05994,0.7,4.65,6.08,4,초입,"MACD상승, 상승구조, MACD>sig, 과열아님",12350,12830,13320,11860
KOSDAQ,한양디지텍,078350,22300,54.95,3399.5,61.1,2.73,-347.1026,-14.5071,0.7,-1.33,-5.11,4,초입,"RSI 45~65, MA20 근처, 상승구조, 과열아님",21930,22790,23660,21060
KOSDAQ,바이넥스,053030,15350,52.87,5017.0,45.3,-2.22,-72.9575,49.55814,1.2,-0.45,-4.54,4,초입,"RSI 45~65, MACD상승, 거래량증가, 과열아님",15350,15470,15600,15230
KOSPI,삼일제약,000520,10730,52.38,2327.5,64.8,10.67,164.4722,30.14887,1.36,14.64,13.31,4,초입,"RSI 45~65, MACD상승, 거래량증가, MACD>sig",9790,10180,10570,9400
KOSDAQ,큐렉소,060280,11350,51.66,4663.7,52.0,2.72,-40.9512,-9.1577,0.5,1.52,7.69,4,초입,"RSI 45~65, MA20 근처, 상승구조, 과열아님",11160,11600,12040,10720
KOSDAQ,하나기술,299030,32050,51.04,2562.4,52.9,4.55,-160.7091,147.24063,1.15,9.2,1.58,4,초입,"RSI 45~65, MACD상승, 상승구조, 과열아님",30960,32190,33410,29740
KOSPI,SK하이닉스,000660,617000,17324.67,4491774.6,73.4,13.28,401.4444,-730.45176,0.6,6.56,10.57,3,,"상승구조, MACD>sig, 과열아님",550120,571910,593700,528330
KOSDAQ,리가켐바이오,141080,170700,4355.5,62493.8,75.5,18.48,2137.6138,1269.04426,5.04,12.3,20.81,3,,"MACD상승, 거래량증가, MACD>sig",145520,151280,157040,139750
KOSDAQ,에코프로,086520,93600,2757.97,127086.5,62.3,7.44,-828.9649,-70.83852,0.63,0.86,0.54,3,,"RSI 45~65, 상승구조, 과열아님",87990,91480,94960,84510
KOSPI,SK스퀘어,402340,322500,2392.35,427444.3,67.8,17.6,1893.2964,1691.10796,1.19,24.04,17.27,3,,"MACD상승, 상승구조, MACD>sig",276970,287940,298910,266000
KOSPI,두산에너빌리티,034020,78400,2308.94,502199.9,52.4,-5.51,-1698.4249,-56.86465,0.41,-6.22,-18.67,3,,"RSI 45~65, 상승구조, 과열아님",78400,76310,74230,80490
KOSDAQ,디앤디파마텍,347850,298500,1825.01,32406.1,75.8,29.85,5325.4818,-672.71389,0.86,-6.72,50.3,3,,"상승구조, MACD>sig, 과열아님",232180,241370,250570,222980
KOSPI,이수페타시스,007660,119600,1754.79,87797.4,73.7,17.97,785.0214,45.84492,0.73,13.36,10.74,3,,"MACD상승, 상승구조, MACD>sig",102400,106450,110510,98340
KOSPI,한화에어로스페이스,012450,960000,1613.33,495008.6,39.3,-2.11,-6131.4643,1103.55291,0.52,1.05,-3.32,3,,"MACD상승, 상승구조, 과열아님",960000,968770,977540,951230
KOSPI,KB금융,105560,134700,1611.12,513829.5,83.1,12.51,1701.9237,299.49402,1.0,10.77,16.12,3,,"MACD상승, 상승구조, MACD>sig",120920,125710,130500,116130
KOSPI,HD현대일렉트릭,267260,848000,1609.48,305679.7,61.8,4.81,-7608.5834,-2462.45036,0.84,-2.3,-0.47,3,,"RSI 45~65, 상승구조, 과열아님",817190,849560,881920,784830
KOSDAQ,로보티즈,108490,224000,1495.38,29614.1,60.5,4.81,-2844.0985,-795.19057,0.46,-7.63,8.47,3,,"RSI 45~65, 상승구조, 과열아님",215850,224400,232950,207300
KOSDAQ,싸이닉솔루션,234030,11040,1490.55,2606.0,78.9,28.65,386.042,36.70756,3.5,44.13,39.22,3,,"MACD상승, 거래량증가, MACD>sig",8670,9010,9350,8320
KOSPI,대한전선,001440,25600,1479.8,47730.5,77.1,17.83,247.4553,-72.87923,0.77,-2.66,17.97,3,,"상승구조, MACD>sig, 과열아님",21940,22810,23680,21070
KOSPI,효성중공업,298040,2220000,1474.97,207005.0,70.5,10.63,3525.1848,-10180.8559,0.99,0.05,11.06,3,,"상승구조, MACD>sig, 과열아님",2026770,2107040,2187300,1946500
KOSPI,한미반도체,042700,131100,1469.65,124954.3,25.5,-6.94,-3464.6066,281.43229,0.62,-1.5,-5.14,3,,"MACD상승, 상승구조, 과열아님",131100,125550,120000,136650
KOSPI,대한조선,439260,63000,1361.48,24271.6,27.9,-11.46,-1212.0619,485.48569,3.66,3.11,-18.81,3,,"MACD상승, 거래량증가, 과열아님",63000,56980,50960,69020
KOSPI,일동제약,249420,28750,1267.51,9096.0,67.5,16.79,452.7359,21.0398,1.12,1.23,24.19,3,,"MACD상승, MACD>sig, 과열아님",24860,25850,26830,23880
KOSPI,HD현대중공업,329180,536000,1249.56,475823.9,39.8,-4.35,-8232.9128,519.72328,0.95,1.52,-9.92,3,,"MACD상승, 상승구조, 과열아님",536000,528460,520920,543540
KOSPI,LS ELECTRIC,010120,489000,1226.9,146700.0,73.9,20.33,5637.5685,-979.48317,0.63,8.31,16.43,3,,"상승구조, MACD>sig, 과열아님",410440,426690,442950,394180
KOSPI,두산,000150,1016000,1059.9,167882.2,68.9,15.48,2205.6986,-296.40563,0.63,9.25,3.57,3,,"상승구조, MACD>sig, 과열아님",888600,923790,958980,853410
KOSDAQ,뉴로핏,380550,25200,1007.68,2932.4,70.4,12.1,193.6931,-22.03678,0.92,4.35,25.37,3,,"상승구조, MACD>sig, 과열아님",22700,23600,24500,21810
KOSPI,하나금융지주,086790,96400,1002.14,268306.1,67.6,8.43,953.6835,152.2176,0.96,10.93,12.35,3,,"MACD상승, 상승구조, MACD>sig",89790,93350,96910,86240
KOSDAQ,온코크로스,382150,12330,903.39,1481.8,81.5,36.13,422.7492,83.06361,7.61,21.24,52.79,3,,"MACD상승, 거래량증가, MACD>sig",9150,9510,9870,8790
KOSPI,하이브,352820,291000,901.36,122554.7,51.0,-4.2,-3677.1975,-1118.31166,0.82,-12.35,-5.83,3,,"RSI 45~65, 상승구조, 과열아님",291000,287360,283720,294640
KOSDAQ,에이비엘바이오,298380,126700,854.55,69843.6,77.5,31.47,2177.1322,1485.82088,0.92,22.06,36.24,3,,"MACD상승, 상승구조, MACD>sig",97340,101190,105050,93480
KOSPI,HD한국조선해양,009540,426000,753.11,301493.5,43.2,-3.82,-5827.5762,508.65046,0.62,-0.58,-7.79,3,,"MACD상승, 상승구조, 과열아님",426000,422360,418730,429640
KOSDAQ,하나마이크론,067310,25300,744.17,16768.5,48.0,-5.93,-722.4265,-26.20443,1.13,-9.48,-8.33,3,,"RSI 45~65, 상승구조, 과열아님",25300,24510,23720,26090
KOSDAQ,프로티나,468530,67900,698.26,7382.1,74.4,17.94,-116.4593,16.61663,1.07,0.3,19.54,3,,"MACD상승, 상승구조, 과열아님",58150,60450,62750,55850
KOSDAQ,휴림로봇,090710,5930,671.72,7083.8,49.1,-3.33,-168.0974,-33.43187,0.37,-19.65,-4.05,3,,"RSI 45~65, 상승구조, 과열아님",5930,5910,5890,5950
KOSPI,HJ중공업,097230,21250,583.34,19187.8,26.3,-19.5,-933.4224,14.57263,0.43,-15.84,-29.87,3,,"MACD상승, 상승구조, 과열아님",21250,16890,12540,25610
KOSPI,고려아연,010130,1114000,535.84,215483.9,43.0,0.54,-10500.1766,8030.42721,1.16,11.18,-2.28,3,,"MACD상승, MA20 근처, 상승구조",1114000,1153240,1192480,1074760
KOSPI,현대모비스,012330,300000,526.15,275385.3,45.6,-1.11,-470.6793,361.82156,0.81,4.17,-2.12,3,,"RSI 45~65, MACD상승, 과열아님",300000,305730,311450,294270
KOSPI,삼성화재,000810,522000,519.13,240178.2,76.1,12.79,7743.4386,1070.17464,1.07,11.3,17.3,3,,"MACD상승, 상승구조, MACD>sig",467430,485940,504450,448920
KOSPI,파미셀,005690,18270,500.31,10965.1,68.8,12.28,65.6564,-52.43702,0.49,0.94,-1.56,3,,"상승구조, MACD>sig, 과열아님",16430,17090,17740,15780
KOSDAQ,인투셀,287840,54600,447.7,8106.8,64.1,5.97,-670.1482,-136.04523,1.15,-7.14,1.49,3,,"RSI 45~65, 상승구조, 과열아님",52040,54100,56160,49980
KOSPI,현대건설,000720,62000,444.37,69040.6,56.9,-3.06,-705.3435,-105.99665,0.37,-3.58,-15.65,3,,"RSI 45~65, 상승구조, 과열아님",62000,61960,61920,62040
KOSDAQ,핑거,163730,12820,434.85,1205.9,66.3,13.58,127.3037,133.68482,14.9,17.61,13.25,3,,"MACD상승, 거래량증가, MACD>sig",11400,11850,12300,10950
KOSPI,LG씨엔에스,064400,59100,432.9,57259.6,47.1,-4.88,-535.5164,164.13539,0.42,0.85,-11.39,3,,"RSI 45~65, MACD상승, 과열아님",59100,57930,56760,60270
KOSPI,삼양식품,003230,1267000,427.17,95443.3,46.1,-3.36,1660.1713,-1401.43025,0.56,-5.38,1.85,3,,"RSI 45~65, MACD>sig, 과열아님",1267000,1262230,1257470,1271770
KOSPI,일진전기,103590,61400,417.68,29278.8,75.6,13.59,312.1045,-298.67735,0.33,-0.32,16.07,3,,"상승구조, MACD>sig, 과열아님",54590,56760,58920,52430
KOSPI,HD현대,267250,224500,414.41,177339.5,69.9,13.07,857.5024,21.10128,0.74,10.59,7.16,3,,"MACD상승, 상승구조, MACD>sig",200530,208470,216410,192590
KOSPI,HD현대미포,010620,211500,408.61,84477.6,39.2,-4.95,-3539.425,201.29036,0.5,0.0,-11.13,3,,"MACD상승, 상승구조, 과열아님",211500,207150,202800,215850
KOSDAQ,클로봇,466100,38650,373.8,9659.5,49.7,-4.64,-878.962,-40.68505,0.29,-7.31,-1.15,3,,"RSI 45~65, 상승구조, 과열아님",38650,37980,37320,39320
KOSPI,두산우,000155,612000,353.76,24458.3,69.0,19.65,6246.5756,435.01522,0.99,15.47,8.7,3,,"MACD상승, 상승구조, MACD>sig",516620,537080,557540,496160
KOSDAQ,다날,064260,7050,346.11,4860.9,21.6,-14.96,-163.6924,17.11733,1.49,-7.11,-20.43,3,,"MACD상승, 거래량증가, 과열아님",7050,6060,5070,8040
KOSDAQ,HLB,028300,50400,327.17,66252.8,62.9,7.04,-36.377,-29.04084,0.6,-7.35,4.89,3,,"RSI 45~65, 상승구조, 과열아님",47560,49440,51320,45670
KOSPI,DB손해보험,005830,143100,311.28,101314.8,68.6,7.68,1717.8792,205.87609,1.21,11.54,10.5,3,,"MACD상승, 거래량증가, MACD>sig",134220,139530,144850,128900
KOSPI,LG이노텍,011070,252000,309.27,59641.1,76.1,9.26,1025.9183,-381.53944,0.55,7.46,9.09,3,,"상승구조, MACD>sig, 과열아님",232960,242180,251410,223730
KOSDAQ,이오테크닉스,039030,285500,304.37,35172.3,68.4,13.11,4186.8274,-202.38886,0.68,4.58,21.49,3,,"상승구조, MACD>sig, 과열아님",254920,265020,275120,244830
KOSDAQ,켐트로닉스,089010,33750,291.74,5514.5,51.8,-2.78,-445.963,-161.56488,0.45,-13.35,-3.3,3,,"RSI 45~65, 상승구조, 과열아님",33750,33830,33900,33670
KOSDAQ,원익IPS,240810,70100,276.62,34407.8,67.9,10.74,153.9676,-122.89289,0.57,3.7,6.53,3,,"상승구조, MACD>sig, 과열아님",63930,66460,69000,61400
KOSPI,한화솔루션,009830,28450,258.12,48903.4,44.7,-5.14,-448.2208,94.14985,0.4,-1.04,-8.08,3,,"MACD상승, 상승구조, 과열아님",28450,27810,27170,29090
KOSPI,코오롱인더,120110,41150,247.45,11324.1,65.5,13.31,331.0726,361.7326,4.17,19.28,10.92,3,,"MACD상승, 거래량증가, MACD>sig",36680,38130,39580,35230
KOSPI,효성,004800,151500,242.51,25361.7,66.4,20.84,2373.6694,-381.07937,1.63,14.08,23.27,3,,"거래량증가, 상승구조, MACD>sig",126620,131640,136650,121610
KOSPI,한국타이어앤테크놀로지,161390,59000,240.6,73086.3,90.9,25.14,1472.5855,128.31982,0.67,29.39,30.24,3,,"MACD상승, 상승구조, MACD>sig",47620,49500,51390,45730
KOSPI,카카오뱅크,323410,22450,232.06,107084.4,46.5,-1.2,-56.091,62.17372,0.98,0.22,-4.47,3,,"RSI 45~65, MACD상승, 과열아님",22450,22860,23270,22040
KOSPI,이마트,139480,79600,226.46,21966.3,68.4,7.92,705.6098,315.78371,1.75,11.8,8.45,3,,"MACD상승, 거래량증가, MACD>sig",74500,77450,80400,71550
KOSPI,LG디스플레이,034220,13600,220.14,68000.0,43.9,-3.73,-145.4431,5.71036,0.56,-2.93,-6.21,3,,"MACD상승, 상승구조, 과열아님",13600,13500,13390,13700
KOSPI,BNK금융지주,138930,15620,207.93,49113.2,69.3,7.95,171.7363,27.14568,1.19,8.1,12.05,3,,"MACD상승, MACD>sig, 과열아님",14610,15190,15770,14040
KOSPI,현대제철,004020,32300,207.34,43103.0,41.3,-1.64,-77.4682,88.77559,1.31,3.69,-5.14,3,,"MACD상승, 거래량증가, 과열아님",32300,32750,33190,31850
KOSDAQ,범한퓨얼셀,382900,31300,202.44,2742.2,51.5,-3.98,-538.428,-130.77795,0.47,-10.06,-14.13,3,,"RSI 45~65, 상승구조, 과열아님",31300,30980,30660,31620
KOSDAQ,강원에너지,114190,18150,201.38,4741.3,75.1,18.88,228.6157,-65.64448,0.23,-0.17,11.01,3,,"상승구조, MACD>sig, 과열아님",15420,16030,16640,14810
KOSDAQ,필옵틱스,161580,48600,200.07,11373.7,67.5,10.49,298.3823,-265.96547,0.44,-8.13,17.68,3,,"상승구조, MACD>sig, 과열아님",44420,46180,47940,42670
KOSPI,디아이씨,092200,6570,190.49,2555.0,71.2,18.47,111.7873,-14.26012,0.59,-6.01,38.32,3,,"상승구조, MACD>sig, 과열아님",5600,5820,6040,5380
KOSPI,코스모신소재,005070,53700,190.29,17458.3,44.1,-2.6,-845.1604,80.89705,0.22,1.7,-10.35,3,,"MACD상승, 상승구조, 과열아님",53700,53920,54140,53480
KOSPI,코웨이,021240,90300,188.85,64933.9,43.2,-1.46,244.357,53.62024,0.95,0.56,-1.1,3,,"MACD상승, MACD>sig, 과열아님",90300,91710,93130,88890
KOSPI,대원전선,006340,3955,188.44,2965.4,73.0,10.52,25.9019,-15.06914,0.39,-6.39,12.2,3,,"상승구조, MACD>sig, 과열아님",3610,3760,3900,3470
KOSDAQ,현대무벡스,319400,9490,184.85,10569.6,36.9,-7.14,-243.0992,37.60405,0.45,-1.35,-11.31,3,,"MACD상승, 상승구조, 과열아님",9490,9070,8640,9910
KOSDAQ,셀트리온제약,068760,64700,184.32,28260.4,69.8,5.54,-111.0046,68.78925,1.17,0.78,1.09,3,,"MACD상승, 상승구조, 과열아님",61920,64370,66820,59470
KOSDAQ,에이치엔에스하이텍,044990,17790,175.46,1429.6,79.3,25.26,209.4172,268.56982,15.52,26.53,25.02,3,,"MACD상승, 거래량증가, MACD>sig",14340,14910,15480,13780
KOSDAQ,엘앤씨바이오,290650,50200,169.96,12358.7,48.1,-3.64,-554.0093,-97.23063,0.59,-13.6,-4.38,3,,"RSI 45~65, 상승구조, 과열아님",50200,49870,49530,50530
KOSPI,현대오토에버,307950,191900,169.79,52626.6,65.3,8.34,796.3664,-587.47981,0.4,-7.52,18.68,3,,"상승구조, MACD>sig, 과열아님",178900,185990,193070,171820
KOSDAQ,로보스타,090360,78300,164.51,7634.2,58.8,-1.53,-2328.3441,-246.65328,0.1,-11.92,-8.31,3,,"RSI 45~65, 상승구조, 과열아님",78300,79470,80640,77130
KOSPI,HMM,011200,20200,159.27,190534.1,42.9,-1.25,13.9671,20.03998,0.53,2.02,-2.18,3,,"MACD상승, MACD>sig, 과열아님",20200,20560,20910,19840
KOSPI,해성디에스,195870,56200,157.68,9554.0,80.7,15.57,36.472,-16.27594,0.84,2.55,12.18,3,,"상승구조, MACD>sig, 과열아님",49120,51060,53010,47170
KOSPI,F&F,383220,74100,152.2,28385.5,66.4,15.48,1199.9651,520.32082,1.86,24.54,16.88,3,,"MACD상승, 거래량증가, MACD>sig",64810,67370,69940,62240
KOSPI,한전기술,052690,94600,151.73,36156.1,36.9,-6.44,-1551.791,87.25811,0.32,-1.15,-16.21,3,,"MACD상승, 상승구조, 과열아님",94600,91120,87640,98080
KOSDAQ,HPSP,403870,32650,150.27,27262.3,40.3,-5.65,-539.0387,74.18154,0.61,0.15,-7.77,3,,"MACD상승, 상승구조, 과열아님",32650,31730,30820,33570
KOSDAQ,원익QnC,074600,22300,149.9,5862.2,40.6,-5.76,-260.252,-18.30519,2.61,-2.41,-6.69,3,,"거래량증가, 상승구조, 과열아님",22300,21650,20990,22950
KOSDAQ,제닉스로보틱스,381620,14870,145.33,1950.6,33.3,-10.31,-532.5862,2.43454,0.27,-13.45,-10.42,3,,"MACD상승, 상승구조, 과열아님",14870,13660,12450,16080
KOSDAQ,아이티켐,309710,26200,144.7,3296.7,18.4,-17.79,-941.1916,76.02779,0.89,-1.69,-12.67,3,,"MACD상승, 상승구조, 과열아님",26200,21490,16770,30910
KOSDAQ,아이티센글로벌,124500,22200,141.54,5151.4,66.5,12.69,236.8169,68.86248,0.7,18.34,13.96,3,,"MACD상승, 상승구조, MACD>sig",19900,20680,21470,19110
KOSPI,에코프로머티,450080,62600,138.73,43777.7,44.5,-3.31,-862.3205,45.79269,0.2,0.97,-5.86,3,,"MACD상승, 상승구조, 과열아님",62600,62400,62190,62800
KOSDAQ,동진쎄미켐,005290,35700,137.26,18355.0,26.1,-12.76,-1043.9975,29.87217,0.75,-8.7,-17.55,3,,"MACD상승, 상승구조, 과열아님",35700,31710,27720,39690
KOSPI,대웅,003090,25200,136.06,14651.8,71.0,13.42,296.9165,173.1439,4.72,16.13,14.03,3,,"MACD상승, 거래량증가, MACD>sig",22440,23330,24220,21550
KOSDAQ,이엔에프테크놀로지,102710,46500,133.92,6643.8,38.0,-8.03,-552.1418,-30.49224,1.39,-3.23,-7.74,3,,"거래량증가, 상승구조, 과열아님",46500,43960,41420,49040
KOSPI,현대해상,001450,29750,132.94,26596.5,66.4,6.66,224.4401,58.98093,0.89,8.58,7.01,3,,"MACD상승, MACD>sig, 과열아님",28170,29290,30400,27060
KOSDAQ,우리기술,032820,4095,131.1,6824.2,48.8,-8.43,-88.2744,-8.09009,0.18,-10.39,-17.77,3,,"RSI 45~65, 상승구조, 과열아님",4100,3850,3610,4340
KOSPI,SJG세종,033530,8620,129.77,2398.2,47.9,4.67,-38.3697,-27.62631,0.6,-6.3,11.37,3,,"RSI 45~65, 상승구조, 과열아님",8320,8650,8980,7990
KOSDAQ,케이엔알시스템,199430,27950,114.32,3045.8,62.0,4.34,-233.9383,-270.15618,0.39,-19.8,12.93,3,,"RSI 45~65, 상승구조, 과열아님",27060,28130,29200,25980
KOSPI,한국카본,017960,31650,113.45,16429.0,28.4,-10.5,-698.7376,6.75754,0.81,-4.52,-14.69,3,,"MACD상승, 상승구조, 과열아님",31650,29000,26340,34300
KOSDAQ,한중엔시에스,107640,52900,106.39,4795.4,61.7,6.34,174.3698,-105.58442,0.53,10.55,-0.19,3,,"RSI 45~65, 상승구조, MACD>sig",50240,52230,54220,48250
KOSPI,HD현대인프라코어,042670,14020,103.53,26476.9,26.9,-8.4,-226.8391,32.44361,0.33,0.5,-19.38,3,,"MACD상승, 상승구조, 과열아님",14020,13190,12370,14850
KOSDAQ,큐리언트,115180,24750,95.24,8870.1,77.6,19.56,167.8839,185.03206,1.19,18.71,30.4,3,,"MACD상승, 상승구조, MACD>sig",20910,21740,22560,20080
KOSDAQ,코미코,183300,108400,92.44,11339.4,41.0,-4.32,-1561.6304,96.97185,0.75,-0.55,-5.66,3,,"MACD상승, 상승구조, 과열아님",108400,106910,105420,109890
KOSDAQ,티씨케이,064760,163400,89.65,19077.0,44.9,-3.36,-1724.7613,183.69417,0.7,3.16,-3.26,3,,"MACD상승, 상승구조, 과열아님",163400,162800,162190,164000
KOSPI,LG화학우,051915,201000,87.42,15454.5,61.4,5.94,-736.4691,-19.62204,0.5,7.6,-1.95,3,,"RSI 45~65, 상승구조, 과열아님",191630,199220,206810,184040
KOSDAQ,LS머트리얼즈,417200,13100,83.76,8862.5,64.3,7.03,-18.969,-49.5961,0.44,-12.84,7.55,3,,"RSI 45~65, 상승구조, 과열아님",12360,12850,13340,11870
KOSDAQ,나이벡,138610,37700,83.53,4282.4,44.7,-5.16,-906.1446,25.49162,0.65,-8.5,-4.07,3,,"MACD상승, 상승구조, 과열아님",37700,36840,35980,38560
KOSDAQ,앱클론,174900,25850,82.62,4935.5,82.9,25.21,299.3495,111.97285,1.15,21.36,19.95,3,,"MACD상승, 상승구조, MACD>sig",20850,21680,22500,20030
KOSDAQ,삼현,437730,28450,78.1,9020.8,44.8,-5.18,-849.1676,82.13764,0.18,-4.37,-13.39,3,,"MACD상승, 상승구조, 과열아님",28450,27800,27140,29100
KOSDAQ,잉글우드랩,950140,14220,77.53,2825.2,60.8,10.17,220.976,-23.98923,0.98,5.26,12.95,3,,"RSI 45~65, MACD>sig, 과열아님",13040,13550,14070,12520
KOSDAQ,삼영엠텍,054540,15350,76.35,1995.5,18.1,-11.34,-593.1066,8.47824,0.1,-7.7,-20.01,3,,"MACD상승, 상승구조, 과열아님",15350,13910,12460,16790
KOSDAQ,에스투더블유,488280,22800,73.74,2414.1,58.1,5.87,377.4669,-81.29226,0.34,-9.7,19.0,3,,"RSI 45~65, MACD>sig, 과열아님",21750,22610,23470,20890
KOSPI,HD현대건설기계,267270,92800,72.16,16107.9,24.0,-7.19,-1530.5155,149.16142,0.3,-1.17,-16.7,3,,"MACD상승, 상승구조, 과열아님",92800,88610,84420,96990
KOSPI,세진중공업,075580,19310,71.11,10977.6,31.8,-10.17,-426.4827,17.35683,0.16,-5.57,-15.31,3,,"MACD상승, 상승구조, 과열아님",19310,17770,16230,20850
KOSDAQ,이뮨온시아,424870,5720,69.99,4242.2,45.0,-2.9,-61.6702,21.43788,0.77,-1.89,-2.56,3,,"MACD상승, 상승구조, 과열아님",5720,5730,5730,5710
KOSDAQ,현대ADM,187660,2840,69.3,1499.3,37.1,-4.32,-37.6403,12.01993,0.6,2.16,-2.41,3,,"MACD상승, 상승구조, 과열아님",2840,2800,2760,2880
KOSPI,SK케미칼,285130,76000,68.39,13147.1,65.5,13.29,870.9747,173.12361,0.71,12.59,14.63,3,,"MACD상승, 상승구조, MACD>sig",67760,70440,73120,65070
KOSDAQ,유일로보틱스,388720,79500,67.38,9299.0,52.9,-3.59,-1044.4038,-81.35717,0.33,-8.3,-2.57,3,,"RSI 45~65, 상승구조, 과열아님",79500,79010,78530,79990
KOSDAQ,에스피지,058610,31200,65.57,6919.3,47.8,-3.7,-385.5871,-48.78048,0.33,-6.17,-0.95,3,,"RSI 45~65, 상승구조, 과열아님",31200,30970,30750,31430
KOSPI,한진칼,180640,102000,65.21,68097.5,52.9,-0.99,-102.8668,-16.45237,0.64,1.69,-9.41,3,,"RSI 45~65, MA20 근처, 과열아님",102000,104070,106140,99930
KOSPI,이수화학,005950,10160,64.14,2671.5,51.8,6.23,-142.2483,-35.17517,0.23,2.73,-13.16,3,,"RSI 45~65, 상승구조, 과열아님",9660,10040,10420,9280
KOSDAQ,아이씨티케이,456010,16720,63.42,2243.9,53.8,-1.12,-251.2536,-43.25285,0.17,-6.7,-7.01,3,,"RSI 45~65, 상승구조, 과열아님",16720,17040,17360,16400
KOSDAQ,브이티,018290,23450,62.76,8193.9,32.1,-6.58,15.2898,18.94139,0.77,-4.29,-6.39,3,,"MACD상승, MACD>sig, 과열아님",23450,22550,21650,24350
KOSPI,GS리테일,007070,21550,61.47,18017.4,87.2,18.43,395.4623,49.35362,1.05,20.19,20.06,3,,"MACD상승, 상승구조, MACD>sig",18380,19110,19830,17650
KOSDAQ,원익,032940,8720,59.8,1586.4,59.5,7.24,-2.4229,38.32344,0.53,15.8,-1.47,3,,"RSI 45~65, MACD상승, 상승구조",8210,8540,8860,7890
KOSPI,롯데쇼핑,023530,71800,59.66,20311.3,63.9,7.13,645.1946,220.57255,1.13,12.01,8.3,3,,"RSI 45~65, MACD상승, MACD>sig",67690,70370,73050,65010
KOSPI,신성이엔지,011930,1766,57.98,3635.3,51.4,-4.94,-22.0914,-2.98993,0.64,-6.11,-9.99,3,,"RSI 45~65, 상승구조, 과열아님",1770,1730,1690,1800
KOSPI,삼영,003720,5470,57.58,1859.8,62.5,11.68,82.1285,10.7849,0.82,20.48,9.18,3,,"RSI 45~65, MACD상승, MACD>sig",4950,5140,5340,4750
KOSPI,BGF리테일,282330,111000,55.18,19185.1,67.0,5.38,1033.3328,172.32663,0.92,8.29,7.45,3,,"MACD상승, MACD>sig, 과열아님",106390,110080,113780,102690
KOSDAQ,코데즈컴바인,047770,2905,53.68,1099.3,38.5,-4.4,-48.8169,8.67413,0.12,2.29,-1.69,3,,"MACD상승, 상승구조, 과열아님",2900,2860,2820,2950
KOSDAQ,하나머티리얼즈,166090,37950,53.18,7505.6,38.2,-7.06,-685.051,44.42086,0.6,-1.68,-8.77,3,,"MACD상승, 상승구조, 과열아님",37950,36290,34630,39610
KOSDAQ,휴메딕스,200670,48550,52.95,5452.1,41.7,-2.55,85.0085,35.13339,0.85,-2.8,-4.43,3,,"MACD상승, MACD>sig, 과열아님",48550,48770,48990,48330
KOSPI,이수스페셜티케미컬,457190,53600,52.48,16191.6,41.4,-4.14,-730.2766,27.37854,0.2,1.52,-7.43,3,,"MACD상승, 상승구조, 과열아님",53600,52960,52320,54240
KOSPI,금호타이어,073240,5510,51.56,15828.0,79.5,13.34,97.5817,9.71963,0.89,16.37,15.39,3,,"MACD상승, 상승구조, MACD>sig",4910,5100,5300,4720
KOSDAQ,파크시스템스,140860,228000,51.46,15949.5,45.3,-3.97,-1019.438,197.5575,0.58,-5.2,-7.51,3,,"RSI 45~65, MACD상승, 과열아님",228000,225700,223400,230300
KOSDAQ,비나텍,126340,51600,50.16,3309.5,52.6,-3.36,-568.7083,-183.25515,0.52,-6.69,-16.91,3,,"RSI 45~65, 상승구조, 과열아님",51600,51410,51220,51790
KOSDAQ,지투지바이오,456160,89500,2322.94,4850.5,77.5,43.19,3278.4927,731.75364,1.14,45.06,54.23,2,,"MACD상승, MACD>sig",63130,65630,68130,60630
KOSDAQ,파마리서치,214450,434500,1732.59,45143.0,18.2,-17.74,-7952.7352,-1786.71458,2.89,-14.47,-15.79,2,,"거래량증가, 과열아님",434500,356620,278740,512380
KOSPI,현대로템,064350,195900,1475.82,213809.8,27.7,-11.08,-4699.7518,-265.57195,0.9,-8.67,-15.01,2,,"상승구조, 과열아님",195900,178090,160290,213710
KOSPI,한화오션,042660,126500,1309.43,387612.9,42.0,-1.53,-1379.1339,-132.87545,0.28,0.08,-4.09,2,,"상승구조, 과열아님",126500,128390,130290,124610
KOSPI,에이피알,278470,211000,1209.23,78978.7,37.0,-12.52,-5549.9178,-810.44099,0.88,-19.31,-11.72,2,,"상승구조, 과열아님",211000,188040,165070,233960
KOSPI,삼성SDI,006400,321500,1099.81,259082.5,69.7,7.6,-1457.5293,-620.518,0.27,-1.08,-2.87,2,,"상승구조, 과열아님",301790,313740,325690,289840
KOSDAQ,심텍,222800,53000,681.83,18519.1,41.5,-7.7,-1853.9687,-260.55812,0.93,-19.7,-17.45,2,,"상승구조, 과열아님",53000,50300,47600,55700
KOSPI,한화엔진,082740,42250,340.84,35256.4,33.4,-10.61,-945.2869,-46.85113,0.47,-7.14,-14.04,2,,"상승구조, 과열아님",42250,38660,35060,45840
KOSPI,코스맥스,192820,158000,336.09,17932.2,12.9,-19.83,-4358.4525,-996.73563,1.88,-19.22,-22.55,2,,"거래량증가, 과열아님",158000,124820,91650,191180
KOSDAQ,테크윙,089030,57900,333.79,21454.1,41.9,-8.85,-1482.1686,-109.27505,0.82,-4.14,-13.84,2,,"상승구조, 과열아님",57900,54180,50460,61620
KOSDAQ,원익홀딩스,030530,32600,329.45,25179.6,72.8,14.91,-134.3262,-22.27555,0.37,1.24,10.7,2,,"상승구조, 과열아님",28650,29790,30920,27520
KOSDAQ,JYP Ent.,035900,71900,300.02,25547.9,40.7,-5.87,-966.1262,-46.91194,0.75,-8.06,-8.99,2,,"상승구조, 과열아님",71900,69710,67520,74090
KOSDAQ,실리콘투,257720,42200,293.32,25814.5,42.1,-2.92,-259.4308,57.64036,0.72,-0.94,-3.54,2,,"MACD상승, 과열아님",42200,42240,42270,42160
KOSPI,후성,093370,9260,291.02,9931.8,68.8,9.96,-44.396,-0.12841,0.78,-1.07,-5.99,2,,"상승구조, 과열아님",8510,8840,9180,8170
KOSPI,크래프톤,259960,272000,264.64,128911.3,40.3,-2.0,-25.7827,810.09336,0.92,3.42,-2.51,2,,"MACD상승, 과열아님",272000,274780,277550,269220
KOSPI,파라다이스,034230,15010,260.49,13870.1,24.0,-17.16,-311.5553,-41.53618,1.25,-12.02,-19.86,2,,"거래량증가, 과열아님",15010,12440,9880,17580
KOSPI,현대엘리베이터,017800,76600,254.92,29944.8,38.0,-2.55,-466.2415,363.0877,0.9,6.54,-5.08,2,,"MACD상승, 과열아님",76600,76950,77310,76250
KOSPI,달바글로벌,483650,126300,248.82,15590.4,30.7,-12.26,-2727.8336,227.85741,0.8,-21.5,-15.18,2,,"MACD상승, 과열아님",126300,112970,99650,139630
KOSPI,HD현대마린엔진,071970,82600,233.51,28019.2,25.6,-10.93,-1818.1844,-92.2076,0.77,-4.62,-16.23,2,,"상승구조, 과열아님",82600,75240,67880,89960
KOSDAQ,젬백스,082270,40550,221.52,17189.3,43.6,-11.13,-469.6533,-166.66808,1.25,-12.32,-12.51,2,,"거래량증가, 과열아님",40550,36840,33130,44260
KOSPI,경동나비엔,009450,62000,203.69,9032.5,27.0,-12.19,-392.6797,-470.49241,4.64,-8.69,-13.77,2,,"거래량증가, 과열아님",62000,55510,49030,68490
KOSDAQ,원텍,336570,7680,202.71,6909.6,24.2,-9.34,-15.5131,-31.64501,4.4,-6.91,-10.39,2,,"거래량증가, 과열아님",7680,7140,6610,8220
KOSPI,한화비전,489790,49000,190.79,24739.3,43.0,-2.56,-96.9357,207.8332,0.67,5.38,-5.59,2,,"MACD상승, 과열아님",49000,49220,49440,48780
KOSPI,HD현대마린솔루션,443060,217500,182.95,97503.5,38.1,-7.96,-3850.6131,-354.81993,0.84,-7.05,-11.59,2,,"상승구조, 과열아님",217500,205790,194080,229210
KOSPI,삼성E&A,028050,26300,166.6,51548.0,25.3,-3.48,-132.9286,57.44033,0.67,1.74,-4.36,2,,"MACD상승, 과열아님",26300,26170,26040,26430
KOSDAQ,에스앤에스텍,101490,53500,161.55,11476.5,37.2,-7.38,-582.8152,-168.46677,0.97,-6.14,-3.95,2,,"상승구조, 과열아님",53500,50970,48450,56030
KOSPI,풍산,103140,104400,151.23,29257.3,32.9,-7.86,-1313.0685,412.89331,0.44,0.58,-12.42,2,,"MACD상승, 과열아님",104400,98890,93380,109910
KOSDAQ,휴젤,145020,225000,134.13,27684.1,24.2,-9.76,-2078.7835,854.69602,0.62,-1.53,-14.12,2,,"MACD상승, 과열아님",225000,208150,191310,241850
KOSDAQ,비에이치아이,083650,41900,127.02,12965.7,34.6,-12.86,-1041.9229,82.90998,0.3,-7.3,-21.97,2,,"MACD상승, 과열아님",41900,37160,32420,46640
KOSDAQ,클래시스,214150,54400,126.59,35635.1,67.7,11.37,776.825,225.57156,0.72,15.01,11.59,2,,"MACD상승, MACD>sig",49330,51290,53240,47380
KOSPI,LG전자우,066575,53000,123.07,9108.6,76.9,12.82,551.6773,-56.64545,1.19,10.53,15.97,2,,"상승구조, MACD>sig",47450,49330,51210,45570
KOSPI,명인제약,317450,74700,120.59,10906.2,24.7,-10.64,-83.3735,410.96397,0.54,-4.96,-13.94,2,,"MACD상승, 과열아님",74700,68310,61930,81090
KOSDAQ,한스바이오메드,042520,30200,112.74,4085.0,40.8,5.03,-389.3529,-8.45657,0.38,-1.31,7.86,2,,"상승구조, 과열아님",29040,30190,31340,27890
KOSDAQ,현대힘스,460930,19670,87.11,6984.9,29.9,-10.98,-212.3888,5.48356,0.33,-5.89,-13.92,2,,"MACD상승, 과열아님",19670,17910,16140,21430
KOSPI,SK오션플랜트,100090,19850,85.12,12401.9,37.1,-7.31,-182.7812,26.74547,0.23,-3.17,-9.77,2,,"MACD상승, 과열아님",19850,18930,18000,20770
KOSDAQ,아난티,025980,6920,78.34,6553.2,21.2,-18.29,-192.8606,33.88892,0.44,-7.61,-21.18,2,,"MACD상승, 과열아님",6920,5630,4330,8210
KOSPI,GKL,114090,13630,76.83,8430.9,21.5,-12.93,-202.2378,-35.75123,1.84,-7.59,-14.97,2,,"거래량증가, 과열아님",13630,12080,10520,15180
KOSDAQ,모델솔루션,417970,20600,74.71,1317.7,83.4,40.62,946.7478,-70.73309,0.6,46.72,64.01,2,,"상승구조, MACD>sig",14800,15380,15970,14210
KOSDAQ,덕산네오룩스,213420,39100,71.83,9709.0,35.2,-7.02,-332.6716,50.73999,0.9,-3.22,-10.73,2,,"MACD상승, 과열아님",39100,37410,35720,40790
KOSDAQ,그래피,318060,12600,63.38,1392.8,66.4,15.41,216.5248,-58.69423,0.64,4.56,8.81,2,,"MACD>sig, 과열아님",11030,11460,11900,10590
KOSPI,호텔신라,008770,45650,61.73,17916.8,31.6,-4.71,-378.7753,131.09414,0.61,0.88,-7.68,2,,"MACD상승, 과열아님",45650,44830,44010,46470
KOSPI,SK이터닉스,475150,19000,60.6,6413.3,38.6,-9.4,-229.4356,21.91229,0.32,-5.0,-10.38,2,,"MACD상승, 과열아님",19000,17660,16320,20340
KOSPI,LS에코에너지,229640,39900,60.28,12219.3,25.2,-10.22,-966.5169,-34.20032,0.34,-10.54,-15.2,2,,"상승구조, 과열아님",39900,36690,33490,43110
KOSPI,STX엔진,077970,32100,56.49,12887.5,27.2,-10.24,-380.7507,37.06106,0.32,-3.89,-13.83,2,,"MACD상승, 과열아님",32100,29510,26920,34690
KOSDAQ,오가노이드사이언스,476040,32500,52.16,2130.3,37.8,-3.89,-178.4163,98.97855,0.53,-2.69,2.04,2,,"MACD상승, 과열아님",32500,32200,31900,32800
KOSDAQ,서진시스템,178320,24650,51.37,13873.5,42.0,-7.73,-560.4471,-13.82194,0.27,-5.01,-18.78,2,,"상승구조, 과열아님",24650,23390,22120,25910
KOSPI,LIG넥스원,079550,403500,630.9,88770.0,38.6,-13.79,-10500.7446,-1078.77579,0.75,-15.41,-21.04,1,,과열아님,403500,352990,302480,454010
KOSDAQ,와이지엔터테인먼트,122870,63300,191.2,11831.4,12.3,-26.08,-2921.1577,-119.8408,0.86,-24.46,-30.67,1,,과열아님,63300,43530,23770,83070
KOSPI,한국콜마,161890,64800,157.87,15296.1,23.3,-12.32,-1254.0447,-94.69953,1.05,-13.02,-14.85,1,,과열아님,64800,57910,51020,71690
KOSDAQ,에스엠,041510,99000,149.72,22665.7,17.6,-13.56,-1471.2828,-64.90904,0.83,-12.78,-16.46,1,,과열아님,99000,86910,74820,111090
KOSDAQ,한라캐스트,125490,9780,129.2,3569.9,14.2,-16.58,-472.5412,-3.05978,0.13,-8.17,-23.59,1,,과열아님,9780,8190,6600,11370
KOSDAQ,SAMG엔터,419530,43350,54.59,4219.9,39.0,-17.33,-1199.7243,-98.41969,0.56,-18.21,-19.42,1,,과열아님,43350,35840,28320,50860
