시장,종목명,종목코드,종가,거래대금(억원),시가총액(억원),RSI14,乖離%,MACD_hist,MACD_slope,Vol_Z,ret_5d_%,ret_10d_%,EBS,통과,근거,추천매수가,추천매도가1,추천매도가2,손절가
KOSPI,한국전력,015760,47250,3881.72,303328.0,58.8,3.45,62.1741,-181.79019,1.34,-0.84,8.62,6,초입,"RSI 45~65, MA20 근처, 거래량증가, 상승구조, MACD>sig, 과열아님",46130,47960,49780,44300
KOSPI,한국항공우주,047810,106800,1430.29,104103.4,51.5,2.75,755.2648,-164.73798,1.85,2.89,6.8,6,초입,"RSI 45~65, MA20 근처, 거래량증가, 상승구조, MACD>sig, 과열아님",104980,109140,113290,100820
KOSDAQ,티엘비,356860,70300,596.52,6912.3,53.5,2.78,-693.9234,120.90737,1.36,2.03,7.0,6,초입,"RSI 45~65, MACD상승, MA20 근처, 거래량증가, 상승구조, 과열아님",69080,71820,74560,66350
KOSPI,롯데관광개발,032350,19440,453.21,15462.5,57.0,3.55,163.6,-52.67411,1.77,2.64,13.88,6,초입,"RSI 45~65, MA20 근처, 거래량증가, 상승구조, MACD>sig, 과열아님",18960,19710,20460,18210
KOSPI,아모레퍼시픽,090430,127700,426.55,74695.3,61.3,3.79,475.9095,31.56623,1.04,1.11,6.33,6,초입,"RSI 45~65, MACD상승, MA20 근처, 상승구조, MACD>sig, 과열아님",124270,129190,134110,119340
KOSDAQ,엘앤씨바이오,290650,54600,377.16,13441.9,52.0,3.17,155.9314,24.59721,1.15,8.76,-6.02,6,초입,"RSI 45~65, MACD상승, MA20 근처, 상승구조, MACD>sig, 과열아님",53450,55570,57690,51330
KOSDAQ,글로벌텍스프리,204620,5950,248.37,4181.9,60.8,5.1,41.7969,6.21229,2.88,3.12,12.9,6,초입,"RSI 45~65, MACD상승, 거래량증가, 상승구조, MACD>sig, 과열아님",5720,5940,6170,5490
KOSDAQ,토모큐브,475960,41400,199.16,5515.2,53.7,2.33,184.5714,163.28115,1.45,3.11,1.1,6,초입,"RSI 45~65, MACD상승, MA20 근처, 거래량증가, MACD>sig, 과열아님",40860,42480,44100,39240
KOSPI,LG유플러스,032640,15640,166.33,67225.2,58.5,2.2,7.3096,9.20471,1.02,0.58,4.48,6,초입,"RSI 45~65, MACD상승, MA20 근처, 상승구조, MACD>sig, 과열아님",15460,16070,16680,14840
KOSPI,더존비즈온,012510,93300,166.17,28347.1,56.0,2.87,208.9507,48.09233,0.51,0.21,-0.96,6,초입,"RSI 45~65, MACD상승, MA20 근처, 상승구조, MACD>sig, 과열아님",91610,95240,98860,87980
KOSPI,하나투어,039130,47650,136.85,7381.0,50.0,1.85,228.0815,75.94712,3.75,1.71,4.61,6,초입,"RSI 45~65, MACD상승, MA20 근처, 거래량증가, MACD>sig, 과열아님",47250,48940,50630,45560
KOSPI,GS건설,006360,19000,136.57,16260.5,55.7,1.57,32.7908,18.28884,1.48,0.53,4.57,6,초입,"RSI 45~65, MACD상승, MA20 근처, 거래량증가, MACD>sig, 과열아님",18890,19640,20390,18150
KOSPI,강원랜드,035250,17560,112.45,37568.0,62.1,2.5,85.2016,7.8685,1.23,-0.4,5.28,6,초입,"RSI 45~65, MACD상승, MA20 근처, 거래량증가, MACD>sig, 과열아님",17300,17820,18340,16780
KOSDAQ,에스티아이,039440,24000,85.83,3799.2,51.4,2.24,142.1814,-84.30171,1.22,1.91,10.6,6,초입,"RSI 45~65, MA20 근처, 거래량증가, 상승구조, MACD>sig, 과열아님",23710,24650,25590,22770
KOSDAQ,인터플렉스,051370,10100,82.82,2356.1,61.8,8.51,79.0394,44.07808,4.46,5.65,12.85,6,초입,"RSI 45~65, MACD상승, 거래량증가, 상승구조, MACD>sig, 과열아님",9400,9770,10150,9030
KOSDAQ,엘앤케이바이오,156100,10140,81.87,2104.6,60.4,8.84,55.1706,25.76396,2.98,9.27,12.04,6,초입,"RSI 45~65, MACD상승, 거래량증가, 상승구조, MACD>sig, 과열아님",9410,9780,10150,9040
KOSPI,이수페타시스,007660,127600,2641.6,93670.2,61.3,14.73,593.1753,41.14986,1.07,6.69,20.95,5,초입,"RSI 45~65, MACD상승, 상승구조, MACD>sig, 과열아님",112330,116780,121230,107880
KOSPI,HD현대중공업,329180,574000,1641.69,509557.7,45.4,0.1,1414.3627,-944.6402,0.93,7.09,8.71,5,초입,"RSI 45~65, MA20 근처, 상승구조, MACD>sig, 과열아님",574000,591800,609600,556200
KOSPI,셀트리온,068270,185100,1523.12,427508.8,61.1,3.32,1062.6445,-355.2418,0.84,1.2,5.83,5,초입,"RSI 45~65, MA20 근처, 상승구조, MACD>sig, 과열아님",180950,188120,195280,173790
KOSPI,디아이씨,092200,6870,860.35,2671.6,67.9,17.75,10.3938,37.54585,2.2,4.57,-1.72,5,초입,"MACD상승, 거래량증가, 상승구조, MACD>sig, 과열아님",5890,6130,6360,5660
KOSDAQ,프로티나,468530,66800,826.14,7262.5,55.0,8.35,-755.6783,86.94465,1.21,-1.62,-1.33,5,초입,"RSI 45~65, MACD상승, 거래량증가, 상승구조, 과열아님",62270,64730,67200,59800
KOSPI,KT&G,033780,144800,760.1,170830.2,71.2,5.09,798.4398,138.28591,1.69,2.7,6.55,5,초입,"MACD상승, 거래량증가, 상승구조, MACD>sig, 과열아님",139170,144550,149930,133790
KOSPI,S-Oil,010950,90000,696.41,101324.5,73.7,14.36,857.333,52.38865,1.67,2.86,20.16,5,초입,"MACD상승, 거래량증가, 상승구조, MACD>sig, 과열아님",79490,82640,85780,76340
KOSPI,하나금융지주,086790,92600,669.72,257729.7,61.6,2.5,111.0716,-129.83655,0.64,-3.94,6.56,5,초입,"RSI 45~65, MA20 근처, 상승구조, MACD>sig, 과열아님",91240,94860,98470,87630
KOSPI,농심,004370,469000,553.5,28527.6,64.6,7.33,4129.8631,1154.08832,2.58,8.69,7.82,5,초입,"RSI 45~65, MACD상승, 거래량증가, MACD>sig, 과열아님",441320,458800,476280,423840
KOSPI,고려아연,010130,1140000,460.05,220513.2,57.1,5.17,2335.4187,2661.70361,1.06,2.33,13.77,5,초입,"RSI 45~65, MACD상승, 상승구조, MACD>sig, 과열아님",1094840,1138200,1181560,1051480
KOSDAQ,엔젤로보틱스,455900,27750,388.03,4213.3,45.2,-5.42,-561.8246,95.25396,3.81,-4.15,-7.81,5,초입,"RSI 45~65, MACD상승, 거래량증가, 상승구조, 과열아님",27750,27040,26330,28460
KOSDAQ,ISC,095340,88300,382.56,18717.0,60.0,10.5,700.37,374.63558,1.63,12.06,19.32,5,초입,"RSI 45~65, MACD상승, 거래량증가, 상승구조, MACD>sig",80710,83910,87100,77510
KOSPI,디아이,003160,26200,350.85,7414.6,60.8,8.26,1.8401,22.47666,0.77,8.49,14.91,5,초입,"RSI 45~65, MACD상승, 상승구조, MACD>sig, 과열아님",24440,25410,26380,23470
KOSPI,HL만도,204320,38900,344.94,18266.3,58.7,4.79,-23.7295,139.98389,3.4,4.01,7.61,5,초입,"RSI 45~65, MACD상승, 거래량증가, 상승구조, 과열아님",37490,38980,40460,36010
KOSDAQ,고스트스튜디오,950190,8710,303.47,1133.8,58.4,5.39,74.5304,25.69239,13.05,2.71,10.67,5,초입,"RSI 45~65, MACD상승, 거래량증가, MACD>sig, 과열아님",8350,8680,9010,8020
KOSPI,CJ,001040,174800,297.28,51001.4,54.0,1.97,839.288,106.81314,1.06,2.52,7.24,5,초입,"RSI 45~65, MACD상승, MA20 근처, MACD>sig, 과열아님",173140,180000,186850,166280
KOSDAQ,한국비엔씨,256840,5530,293.74,3782.2,57.5,4.23,19.1799,2.14125,1.01,5.13,-1.25,5,초입,"RSI 45~65, MACD상승, 상승구조, MACD>sig, 과열아님",5360,5570,5780,5150
KOSDAQ,대원산업,005710,13180,262.54,2641.0,68.2,10.29,77.5284,61.99667,14.84,5.52,15.92,5,초입,"MACD상승, 거래량증가, 상승구조, MACD>sig, 과열아님",12070,12550,13030,11590
KOSPI,기업은행,024110,20300,249.75,161877.5,64.6,2.41,56.5622,-21.81417,1.01,-2.17,5.07,5,초입,"RSI 45~65, MA20 근처, 상승구조, MACD>sig, 과열아님",20020,20760,21500,19280
KOSPI,현대엘리베이터,017800,80700,249.29,31547.6,60.8,3.01,722.0504,29.1364,0.71,5.35,12.24,5,초입,"RSI 45~65, MACD상승, MA20 근처, MACD>sig, 과열아님",79130,82260,85400,75990
KOSPI,호텔신라,008770,46900,198.81,18407.4,41.3,-0.69,179.3508,54.58097,1.84,2.74,3.65,5,초입,"MACD상승, MA20 근처, 거래량증가, MACD>sig, 과열아님",46900,47990,49080,45810
KOSPI,사조씨푸드,014710,9420,172.32,1622.0,60.0,8.83,56.998,61.0374,16.34,7.29,15.16,5,초입,"RSI 45~65, MACD상승, 거래량증가, MACD>sig, 과열아님",8740,9090,9440,8400
KOSDAQ,한양디지텍,078350,24450,158.06,3727.3,53.0,7.58,-170.7803,57.7023,1.35,9.64,8.19,5,초입,"RSI 45~65, MACD상승, 거래량증가, 상승구조, 과열아님",22950,23860,24770,22040
KOSDAQ,싸이닉솔루션,234030,9370,136.45,2211.8,61.3,3.37,58.6593,-86.15504,0.31,-15.13,22.32,5,초입,"RSI 45~65, MA20 근처, 상승구조, MACD>sig, 과열아님",9160,9520,9880,8790
KOSDAQ,큐리옥스바이오시스템즈,445680,72800,125.12,12438.6,55.1,0.85,-853.8025,230.83848,0.62,0.83,-5.7,5,초입,"RSI 45~65, MACD상승, MA20 근처, 상승구조, 과열아님",72800,75580,78360,70020
KOSDAQ,에스투더블유,488280,22400,124.73,2371.7,60.4,2.96,30.314,70.36806,0.91,-1.75,-11.29,5,초입,"RSI 45~65, MACD상승, MA20 근처, MACD>sig, 과열아님",21970,22840,23710,21100
KOSDAQ,슈어소프트테크,298830,5360,118.29,2820.4,60.4,6.75,9.0246,25.12916,2.69,10.74,0.37,5,초입,"RSI 45~65, MACD상승, 거래량증가, 상승구조, MACD>sig",5070,5270,5470,4870
KOSDAQ,이수앱지스,086890,5600,112.47,2221.5,60.4,8.61,46.6476,16.29547,3.18,5.66,9.8,5,초입,"RSI 45~65, MACD상승, 거래량증가, MACD>sig, 과열아님",5210,5410,5620,5000
KOSDAQ,파크시스템스,140860,242500,110.12,16963.8,48.4,1.86,1695.8809,128.41371,1.12,6.36,0.83,5,초입,"RSI 45~65, MACD상승, MA20 근처, MACD>sig, 과열아님",240460,249980,259500,230930
KOSDAQ,에스티팜,237690,98700,107.42,20432.6,53.9,0.18,37.6897,-287.7291,0.49,-1.5,-1.0,5,초입,"RSI 45~65, MA20 근처, 상승구조, MACD>sig, 과열아님",98700,101840,104970,95560
KOSDAQ,감성코퍼레이션,036620,5600,88.64,5068.2,58.0,5.34,37.6028,20.16878,2.16,1.27,8.53,5,초입,"RSI 45~65, MACD상승, 거래량증가, MACD>sig, 과열아님",5370,5580,5790,5160
KOSDAQ,에스비비테크,389500,24650,87.23,1561.3,51.2,-1.75,-229.4466,96.27586,2.39,-1.0,-1.99,5,초입,"RSI 45~65, MACD상승, 거래량증가, 상승구조, 과열아님",24650,24960,25280,24340
KOSDAQ,수젠텍,253840,7090,75.83,1187.1,59.4,0.9,53.8896,-39.43597,0.88,-1.39,1.14,5,초입,"RSI 45~65, MA20 근처, 상승구조, MACD>sig, 과열아님",7090,7360,7640,6820
KOSPI,롯데지주,004990,30750,74.57,32259.6,53.7,0.71,83.1899,-107.52113,0.68,-8.89,8.47,5,초입,"RSI 45~65, MA20 근처, 상승구조, MACD>sig, 과열아님",30750,31880,33020,29620
KOSPI,SK디스커버리,006120,67200,74.54,12329.8,71.1,11.4,683.2519,43.24997,1.82,8.39,17.48,5,초입,"MACD상승, 거래량증가, 상승구조, MACD>sig, 과열아님",60930,63340,65750,58520
KOSDAQ,케어젠,214370,64900,73.87,34861.0,55.7,2.06,-9.1687,75.64218,0.76,2.53,3.84,5,초입,"RSI 45~65, MACD상승, MA20 근처, 상승구조, 과열아님",64230,66770,69310,61680
KOSDAQ,아이티켐,309710,28050,69.83,3529.5,49.5,-3.01,-283.1666,208.35095,1.23,7.06,5.25,5,초입,"RSI 45~65, MACD상승, 거래량증가, 상승구조, 과열아님",28050,28050,28050,28050
KOSPI,삼성카드,029780,53900,63.83,62447.9,82.0,5.42,373.201,2.17214,1.56,2.08,8.56,5,초입,"MACD상승, 거래량증가, 상승구조, MACD>sig, 과열아님",51640,53560,55470,49720
KOSDAQ,툴젠,199800,64300,63.21,5686.3,56.1,1.81,-342.9479,-437.47786,1.23,-8.4,-0.46,5,초입,"RSI 45~65, MA20 근처, 거래량증가, 상승구조, 과열아님",63790,66310,68840,61260
KOSPI,코오롱,002020,48450,59.61,6117.5,60.0,3.95,144.8014,-44.28777,0.54,0.94,7.67,5,초입,"RSI 45~65, MA20 근처, 상승구조, MACD>sig, 과열아님",47080,48940,50800,45210
KOSPI,에스엘,005850,35400,59.34,16442.8,49.7,0.76,-17.9657,65.37458,1.15,0.85,4.89,5,초입,"RSI 45~65, MACD상승, MA20 근처, 상승구조, 과열아님",35400,36720,38040,34080
KOSPI,녹십자,006280,132400,53.06,15473.0,56.3,-0.15,328.0515,-363.06536,0.65,-3.29,0.61,5,초입,"RSI 45~65, MA20 근처, 상승구조, MACD>sig, 과열아님",132400,136180,139960,128620
KOSPI,종근당,185750,86200,51.57,11898.0,65.4,2.72,205.7218,-17.42091,1.31,0.35,1.41,5,초입,"MA20 근처, 거래량증가, 상승구조, MACD>sig, 과열아님",84750,88110,91470,81400
KOSDAQ,에스피지,058610,38350,2680.99,8505.0,66.1,18.84,60.2946,532.61814,8.76,22.92,15.34,4,초입,"MACD상승, 거래량증가, 상승구조, MACD>sig",32590,33880,35170,31300
KOSPI,삼성전기,009150,215000,2498.72,160591.4,44.6,-4.86,-3812.7424,388.00779,1.9,-5.08,-6.32,4,초입,"MACD상승, 거래량증가, 상승구조, 과열아님",215000,210800,206610,219200
KOSPI,두산,000150,907000,1725.13,149871.2,46.6,-3.19,-16958.243,-3889.99854,1.35,-10.73,-2.47,4,초입,"RSI 45~65, 거래량증가, 상승구조, 과열아님",907000,905210,903410,908790
KOSPI,효성중공업,298040,2018000,1699.99,188169.4,45.9,-5.07,-44565.8686,-10200.60654,1.21,-9.1,-9.06,4,초입,"RSI 45~65, 거래량증가, 상승구조, 과열아님",2018000,1973930,1929850,2062070
KOSPI,SK스퀘어,402340,283000,1674.89,375090.6,50.5,-0.33,-2866.0173,-1301.91262,0.91,-12.25,8.85,4,초입,"RSI 45~65, MA20 근처, 상승구조, 과열아님",283000,290590,298190,275410
KOSDAQ,노랑풍선,104620,6340,1673.12,1065.8,61.4,20.5,145.8902,62.53535,9.12,26.55,28.86,4,초입,"RSI 45~65, MACD상승, 거래량증가, MACD>sig",5310,5520,5730,5100
KOSDAQ,한라캐스트,125490,9740,1469.23,3555.3,28.5,-11.68,-363.9594,79.73212,2.86,-0.41,-8.54,4,초입,"MACD상승, 거래량증가, 상승구조, 과열아님",9740,8780,7830,10700
KOSDAQ,레인보우로보틱스,277810,384000,1334.39,74495.5,55.6,-2.38,-7804.7055,219.22673,0.8,-2.54,-16.16,4,초입,"RSI 45~65, MACD상승, 상승구조, 과열아님",384000,386430,388850,381570
KOSPI,KB금융,105560,122200,1333.41,466146.7,59.1,-0.28,-320.4463,-472.27037,0.91,-9.28,0.49,4,초입,"RSI 45~65, MA20 근처, 상승구조, 과열아님",122200,125540,128870,118860
KOSDAQ,온코닉테라퓨틱스,476060,15770,1232.69,7011.3,36.2,-0.48,-167.4534,144.35843,2.9,15.28,6.2,4,초입,"MACD상승, MA20 근처, 거래량증가, 상승구조",15770,16170,16570,15370
KOSDAQ,로킷헬스케어,376900,51400,1110.9,8050.0,70.2,31.21,1171.2787,149.61438,1.5,44.59,29.31,4,초입,"MACD상승, 거래량증가, 상승구조, MACD>sig",39570,41130,42700,38000
KOSPI,신한지주,055550,76700,816.8,372374.6,58.2,0.37,-244.8881,-160.01371,0.79,-5.77,1.86,4,초입,"RSI 45~65, MA20 근처, 상승구조, 과열아님",76700,79270,81850,74130
KOSPI,HD현대미포,010620,227000,778.71,90668.7,44.1,-0.19,506.2908,-376.91556,0.76,7.33,7.33,4,초입,"MA20 근처, 상승구조, MACD>sig, 과열아님",227000,233400,239800,220600
KOSDAQ,실리콘투,257720,46500,741.09,28444.9,52.2,6.05,402.9891,145.07646,1.4,10.19,9.15,4,초입,"RSI 45~65, MACD상승, 거래량증가, MACD>sig",44290,46040,47790,42530
KOSPI,기아,000270,114500,708.56,450888.7,47.1,-0.66,-380.9154,-132.63483,0.56,-3.46,3.15,4,초입,"RSI 45~65, MA20 근처, 상승구조, 과열아님",114500,117200,119910,111800
KOSDAQ,고영,098460,17950,671.07,12323.5,56.0,-0.6,-89.4516,-121.48656,0.35,-12.44,10.26,4,초입,"RSI 45~65, MA20 근처, 상승구조, 과열아님",17950,18380,18820,17520
KOSDAQ,메드팩토,235980,7860,657.85,2694.0,89.4,43.86,258.8783,18.40974,4.5,16.44,52.62,4,초입,"MACD상승, 거래량증가, 상승구조, MACD>sig",5520,5740,5960,5300
KOSPI,CJ씨푸드,011150,3010,622.31,1081.5,69.6,10.23,22.102,20.27135,17.86,9.06,13.8,4,초입,"MACD상승, 거래량증가, MACD>sig, 과열아님",2760,2870,2980,2650
KOSPI,우리금융지주,316140,26100,554.59,191593.9,55.0,0.26,-9.093,-23.66345,0.91,-3.33,0.38,4,초입,"RSI 45~65, MA20 근처, 상승구조, 과열아님",26100,26950,27800,25250
KOSPI,SK,034730,260000,528.18,188507.0,55.3,2.2,-538.9066,-697.01042,0.75,-6.98,9.47,4,초입,"RSI 45~65, MA20 근처, 상승구조, 과열아님",256940,267120,277300,246770
KOSPI,LG이노텍,011070,240500,473.91,56919.4,58.0,1.08,-2408.7012,-331.87839,0.96,-4.56,2.56,4,초입,"RSI 45~65, MA20 근처, 상승구조, 과열아님",240300,249820,259340,230790
KOSPI,일동제약,249420,28500,405.45,9016.9,64.0,7.31,283.4649,-150.1887,0.33,-0.87,0.35,4,초입,"RSI 45~65, 상승구조, MACD>sig, 과열아님",26820,27890,28950,25760
KOSPI,HD현대,267250,209500,401.81,165490.5,49.8,-0.64,-1846.4836,-1030.23367,0.77,-6.68,3.2,4,초입,"RSI 45~65, MA20 근처, 상승구조, 과열아님",209500,214470,219440,204530
KOSPI,삼양식품,003230,1375000,401.46,103579.0,56.1,4.37,14763.0862,735.35337,0.49,8.52,2.69,4,초입,"RSI 45~65, MACD상승, MACD>sig, 과열아님",1330620,1383320,1436020,1277930
KOSDAQ,이오테크닉스,039030,274500,401.37,33817.2,61.2,4.58,24.2724,-941.85975,0.94,-3.85,0.55,4,초입,"RSI 45~65, 상승구조, MACD>sig, 과열아님",265100,275600,286100,254600
KOSDAQ,온코크로스,382150,12230,386.23,1469.8,77.4,22.98,256.8046,-20.33152,2.52,-0.81,20.26,4,초입,"거래량증가, 상승구조, MACD>sig, 과열아님",10040,10440,10840,9650
KOSPI,HD현대마린솔루션,443060,202500,374.41,90779.2,20.8,-11.81,-4562.6096,96.86513,1.47,-6.9,-13.46,4,초입,"MACD상승, 거래량증가, 상승구조, 과열아님",202500,182260,162030,222740
KOSPI,SK텔레콤,017670,53400,374.29,114697.9,56.9,-0.07,39.1962,-5.96022,0.76,-1.29,1.33,4,초입,"RSI 45~65, MA20 근처, MACD>sig, 과열아님",53400,54600,55800,52200
KOSPI,삼영,003720,6630,344.69,2254.2,68.0,25.35,182.4245,12.65063,2.04,21.21,46.04,4,초입,"MACD상승, 거래량증가, 상승구조, MACD>sig",5340,5550,5770,5130
KOSPI,한화비전,489790,47850,323.9,24158.7,42.5,-2.28,88.9187,123.96508,1.21,-2.35,2.9,4,초입,"MACD상승, 거래량증가, MACD>sig, 과열아님",47850,48200,48560,47500
KOSPI,DB하이텍,000990,65700,319.44,28582.5,59.6,6.03,550.2989,-307.14818,0.47,-8.11,17.32,4,초입,"RSI 45~65, 상승구조, MACD>sig, 과열아님",62580,65060,67540,60110
KOSPI,한올바이오파마,009420,43100,301.42,22515.7,62.9,6.66,79.7728,-177.03198,0.53,5.9,-2.93,4,초입,"RSI 45~65, 상승구조, MACD>sig, 과열아님",40810,42430,44050,39200
KOSPI,삼성화재,000810,469000,290.04,215792.3,56.3,-0.42,-1321.0241,-1372.3996,0.65,-10.15,0.0,4,초입,"RSI 45~65, MA20 근처, 상승구조, 과열아님",469000,481130,493260,456870
KOSPI,GS,078930,60500,275.56,56213.8,76.9,14.1,781.2939,-76.01323,1.3,-0.17,26.7,4,초입,"거래량증가, 상승구조, MACD>sig, 과열아님",53550,55670,57790,51430
KOSPI,현대오토에버,307950,186500,274.75,51145.7,58.9,1.09,-1730.2007,-47.96772,0.62,-2.81,-10.12,4,초입,"RSI 45~65, MA20 근처, 상승구조, 과열아님",186340,193720,201100,178960
KOSPI,삼성증권,016360,77800,270.87,69475.4,50.3,0.12,-25.9917,-158.30345,0.73,-6.6,5.99,4,초입,"RSI 45~65, MA20 근처, 상승구조, 과열아님",77800,80220,82640,75380
KOSDAQ,오스코텍,039200,49300,254.92,18861.3,67.4,8.26,663.9907,-347.10042,1.21,-1.4,5.57,4,초입,"거래량증가, 상승구조, MACD>sig, 과열아님",46000,47820,49640,44170
KOSPI,한국화장품,123690,10170,246.12,1634.1,20.3,-3.29,-94.2844,24.13301,2.17,-2.59,-1.55,4,초입,"MACD상승, 거래량증가, 상승구조, 과열아님",10170,10140,10110,10200
KOSPI,두산우,000155,562000,223.61,22460.1,54.6,2.48,-3867.7748,-3287.63804,0.74,-8.17,6.04,4,초입,"RSI 45~65, MA20 근처, 상승구조, 과열아님",553860,575790,597730,531920
KOSPI,오리온,271560,105200,202.13,41592.0,69.4,2.3,503.4017,-80.11723,1.38,-1.22,3.34,4,초입,"MA20 근처, 거래량증가, MACD>sig, 과열아님",103860,107540,111210,100190
KOSDAQ,하이젠알앤엠,160190,48600,200.45,15011.6,36.6,-8.52,-1214.1483,182.14994,1.32,-1.82,-8.99,4,초입,"MACD상승, 거래량증가, 상승구조, 과열아님",48600,45670,42740,51530
KOSDAQ,에이비프로바이오,195990,357,199.94,1016.3,74.7,32.3,10.4754,-2.7303,1.94,-2.72,46.91,4,초입,"거래량증가, 상승구조, MACD>sig, 과열아님",270,280,290,260
KOSDAQ,보로노이,310210,220500,198.9,40556.8,63.1,5.89,511.9977,-880.61351,0.58,-1.34,6.27,4,초입,"RSI 45~65, 상승구조, MACD>sig, 과열아님",210320,218650,226980,201990
KOSPI,해성디에스,195870,55900,195.15,9503.0,58.7,7.28,-539.7428,30.44117,1.04,-0.53,2.01,4,초입,"RSI 45~65, MACD상승, 상승구조, 과열아님",52630,54710,56800,50540
KOSPI,아모레퍼시픽홀딩스,002790,29550,185.32,23479.9,68.7,12.03,317.1334,110.09262,3.49,6.68,18.91,4,초입,"MACD상승, 거래량증가, MACD>sig, 과열아님",26640,27700,28750,25590
KOSPI,현대백화점,069960,92500,183.54,20931.7,67.3,6.68,712.2645,-182.62036,1.62,-0.11,11.45,4,초입,"거래량증가, 상승구조, MACD>sig, 과열아님",87570,91040,94510,84100
KOSPI,현대차2우B,005387,201000,163.09,70277.5,45.4,-0.19,-1324.6644,-170.77773,0.45,-2.66,0.5,4,초입,"RSI 45~65, MA20 근처, 상승구조, 과열아님",201000,206670,212330,195330
KOSPI,NH투자증권,005940,20950,157.47,74654.1,54.9,0.62,-26.0171,-30.10227,0.72,-6.68,3.2,4,초입,"RSI 45~65, MA20 근처, 상승구조, 과열아님",20950,21700,22460,20200
KOSPI,롯데에너지머티리얼즈,020150,33300,156.83,17437.7,63.4,9.4,515.8184,-375.10029,0.76,-17.16,30.59,4,초입,"RSI 45~65, 상승구조, MACD>sig, 과열아님",30740,31960,33180,29520
KOSDAQ,미래나노텍,095500,13470,149.47,4177.0,66.5,12.85,150.7222,25.07998,0.93,6.82,22.12,4,초입,"MACD상승, 상승구조, MACD>sig, 과열아님",12060,12530,13010,11580
KOSPI,맥쿼리인프라,088980,11480,146.52,54980.2,74.7,2.2,41.5399,4.76175,0.84,1.5,3.89,4,초입,"MACD상승, MA20 근처, MACD>sig, 과열아님",11350,11550,11760,11140
KOSDAQ,모두투어,080160,10600,146.21,2003.4,36.9,-2.07,30.1975,11.76831,7.07,-0.93,-0.93,4,초입,"MACD상승, 거래량증가, MACD>sig, 과열아님",10600,10700,10800,10500
KOSPI,코오롱인더,120110,42600,141.57,11723.1,66.2,11.64,873.7606,-151.42962,1.22,3.52,23.48,4,초입,"거래량증가, 상승구조, MACD>sig, 과열아님",38540,40070,41590,37020
KOSPI,KT,030200,49600,139.86,125002.8,51.7,0.44,149.3147,-13.73412,0.59,0.3,2.37,4,초입,"RSI 45~65, MA20 근처, MACD>sig, 과열아님",49600,50980,52350,48220
KOSPI,현대해상,001450,28150,133.19,25166.1,52.6,-0.17,-7.5544,-43.29625,0.88,-5.38,2.74,4,초입,"RSI 45~65, MA20 근처, 상승구조, 과열아님",28150,28950,29750,27350
KOSDAQ,하나머티리얼즈,166090,41800,124.93,8267.1,51.3,2.54,63.1507,-15.40285,1.06,10.14,8.29,4,초입,"RSI 45~65, MA20 근처, 상승구조, MACD>sig",41170,42800,44430,39540
KOSDAQ,테스,095610,43900,123.56,8678.3,49.0,-1.75,-175.9081,4.28614,0.85,-2.88,5.91,4,초입,"RSI 45~65, MACD상승, 상승구조, 과열아님",43900,44460,45020,43340
KOSDAQ,유일로보틱스,388720,80500,120.94,9415.9,50.5,-2.23,-856.5205,96.2429,0.66,1.26,-7.15,4,초입,"RSI 45~65, MACD상승, 상승구조, 과열아님",80500,81130,81760,79870
KOSPI,BNK금융지주,138930,14850,120.69,46692.1,62.6,1.5,34.9416,-31.13268,0.72,-4.93,2.77,4,초입,"RSI 45~65, MA20 근처, MACD>sig, 과열아님",14780,15360,15950,14190
KOSDAQ,조이시티,067000,2010,118.81,1405.1,57.2,10.53,-8.8712,31.7004,8.75,21.23,6.41,4,초입,"RSI 45~65, MACD상승, 거래량증가, 상승구조",1840,1910,1980,1760
KOSPI,에어부산,298690,1770,115.54,2064.5,42.1,-1.13,0.9142,4.02602,11.97,-0.62,2.02,4,초입,"MACD상승, 거래량증가, MACD>sig, 과열아님",1770,1800,1840,1740
KOSDAQ,큐리언트,115180,26000,112.19,9318.1,71.2,17.35,439.9389,-179.55614,1.25,5.05,24.7,4,초입,"거래량증가, 상승구조, MACD>sig, 과열아님",22380,23260,24150,21490
KOSPI,영원무역,111770,84200,108.48,37310.3,91.2,32.23,2778.6069,392.78162,1.57,33.86,46.95,4,초입,"MACD상승, 거래량증가, 상승구조, MACD>sig",64310,66860,69410,61760
KOSDAQ,링크솔루션,474650,33600,106.77,1874.6,53.9,6.08,-334.8452,168.5912,0.86,7.35,0.0,4,초입,"RSI 45~65, MACD상승, 상승구조, 과열아님",31990,33260,34530,30720
KOSDAQ,씨피시스템,413630,4215,106.38,1535.8,52.5,0.14,-29.1264,-30.39652,0.22,-13.0,8.35,4,초입,"RSI 45~65, MA20 근처, 상승구조, 과열아님",4220,4350,4480,4080
KOSDAQ,네이처셀,007390,27400,101.96,17655.2,64.8,6.39,72.4578,-25.6672,0.72,1.67,8.95,4,초입,"RSI 45~65, 상승구조, MACD>sig, 과열아님",26010,27040,28070,24980
KOSDAQ,브이엠,089970,24800,98.37,5975.7,47.1,-0.14,-294.9974,-62.2369,0.74,-4.62,4.2,4,초입,"RSI 45~65, MA20 근처, 상승구조, 과열아님",24800,25510,26220,24090
KOSDAQ,GST,083450,27550,96.31,5077.5,55.4,1.47,-84.1069,-115.78595,0.76,-9.08,3.57,4,초입,"RSI 45~65, MA20 근처, 상승구조, 과열아님",27420,28510,29590,26340
KOSPI,롯데쇼핑,023530,72100,95.08,20396.2,71.4,5.51,719.3782,-125.75478,1.51,0.42,12.48,4,초입,"거래량증가, 상승구조, MACD>sig, 과열아님",69020,71750,74490,66280
KOSPI,롯데케미칼,011170,79700,93.3,34092.0,61.4,4.98,634.4433,-353.40899,0.54,-6.01,14.02,4,초입,"RSI 45~65, 상승구조, MACD>sig, 과열아님",76680,79720,82750,73640
KOSDAQ,와이바이오로직스,338840,23200,85.33,3468.2,57.4,3.92,-54.4475,-189.63127,0.53,-7.94,6.91,4,초입,"RSI 45~65, MA20 근처, 상승구조, 과열아님",22550,23440,24330,21660
KOSDAQ,피에스케이홀딩스,031980,49150,79.89,10597.9,46.3,-1.01,-150.8143,49.19804,0.69,6.85,5.59,4,초입,"RSI 45~65, MACD상승, 상승구조, 과열아님",49150,50140,51130,48160
KOSDAQ,코스메카코리아,241710,71300,79.73,7614.8,56.8,2.09,-126.0241,-7.60562,0.95,-5.06,2.89,4,초입,"RSI 45~65, MA20 근처, 상승구조, 과열아님",70540,73330,76130,67740
KOSDAQ,넥스트바이오메디컬,389650,64400,79.15,5283.3,59.2,4.33,625.8524,86.92271,1.17,3.37,5.75,4,초입,"RSI 45~65, MACD상승, MACD>sig, 과열아님",62350,64820,67290,59880
KOSDAQ,HK이노엔,195940,50100,75.04,14193.3,54.2,0.53,-102.4715,-23.4855,0.54,-0.79,1.83,4,초입,"RSI 45~65, MA20 근처, 상승구조, 과열아님",50100,51860,53620,48340
KOSPI,금호석유화학,011780,115700,72.52,30118.7,50.5,-0.69,-106.0398,-238.96035,0.65,-4.14,3.4,4,초입,"RSI 45~65, MA20 근처, 상승구조, 과열아님",115700,118400,121090,113000
KOSPI,한국금융지주우,071055,121900,72.08,7141.2,47.0,-1.55,-916.6205,-227.74658,1.5,-6.37,3.13,4,초입,"RSI 45~65, 거래량증가, 상승구조, 과열아님",121900,123690,125490,120110
KOSPI,엔케이,085310,1494,71.47,1178.5,46.6,3.43,12.6769,-1.72174,0.44,15.1,9.53,4,초입,"RSI 45~65, MA20 근처, 상승구조, MACD>sig",1460,1520,1570,1400
KOSDAQ,유니셈,036200,10210,71.09,3130.8,51.5,-0.01,-9.9297,-17.98197,0.84,-2.95,4.18,4,초입,"RSI 45~65, MA20 근처, 상승구조, 과열아님",10210,10520,10820,9900
KOSPI,iM금융지주,139130,14100,62.98,22849.7,57.5,1.94,48.4074,-18.74502,0.77,-3.36,5.07,4,초입,"RSI 45~65, MA20 근처, MACD>sig, 과열아님",13970,14520,15080,13420
KOSPI,대한유화,006650,147100,61.24,9561.5,57.9,6.31,592.949,-307.97167,0.73,-7.31,12.81,4,초입,"RSI 45~65, 상승구조, MACD>sig, 과열아님",139760,145290,150830,134220
KOSPI,티에이치엔,019180,6950,57.25,1251.0,73.0,12.8,96.038,9.12123,1.44,10.32,22.57,4,초입,"MACD상승, 거래량증가, 상승구조, MACD>sig",6220,6470,6720,5980
KOSDAQ,티에프이,425420,40900,56.28,4891.9,54.2,4.1,310.5684,43.24497,0.62,8.78,11.75,4,초입,"RSI 45~65, MACD상승, MACD>sig, 과열아님",39680,41250,42820,38110
KOSDAQ,에이치이엠파마,376270,34950,54.68,2474.0,73.3,20.19,499.7347,266.90716,3.65,21.57,23.5,4,초입,"MACD상승, 거래량증가, 상승구조, MACD>sig",29370,30530,31700,28210
KOSPI,영원무역홀딩스,009970,175000,53.6,23623.7,75.0,17.13,2758.0231,411.77398,1.35,15.66,28.11,4,초입,"MACD상승, 거래량증가, 상승구조, MACD>sig",150900,156880,162850,144920
KOSDAQ,씨메스,475400,28950,50.73,3382.8,48.9,-7.15,-530.2528,13.71988,0.31,-3.34,-12.54,4,초입,"RSI 45~65, MACD상승, 상승구조, 과열아님",28950,27660,26360,30240
KOSPI,SK하이닉스,000660,562000,25340.33,4091373.3,49.1,-1.74,-10613.0493,-2166.97757,0.89,-8.91,-2.94,3,,"RSI 45~65, 상승구조, 과열아님",562000,569180,576370,554820
KOSPI,한화에어로스페이스,012450,905000,2829.49,466648.8,39.2,-7.4,-6525.1552,-2005.22781,1.57,-5.73,-4.74,3,,"거래량증가, 상승구조, 과열아님",905000,861970,818940,948030
KOSPI,HD현대일렉트릭,267260,783000,2368.94,282249.1,38.0,-7.39,-17909.1143,-3031.1263,1.22,-7.67,-9.79,3,,"거래량증가, 상승구조, 과열아님",783000,745860,708730,820140
KOSDAQ,알테오젠,196170,544000,2040.16,291071.5,65.8,5.69,2263.2673,-1471.19717,0.72,-0.55,2.84,3,,"상승구조, MACD>sig, 과열아님",519870,540460,561050,499280
KOSPI,엔씨소프트,036570,191700,1688.3,41299.9,33.9,-12.94,-1972.6951,-2566.98064,5.06,-20.79,-10.63,3,,"거래량증가, 상승구조, 과열아님",191700,169820,147940,213580
KOSDAQ,원익홀딩스,030530,23450,1622.72,18112.3,38.9,-19.05,-1496.3319,-169.99962,2.34,-28.07,-27.17,3,,"거래량증가, 상승구조, 과열아님",23450,18800,14150,28100
KOSDAQ,로보티즈,108490,208000,1571.68,27498.8,45.9,-5.11,-6261.7246,-161.48215,0.58,-7.14,-14.23,3,,"RSI 45~65, 상승구조, 과열아님",208000,203380,198750,212620
KOSPI,NAVER,035420,248500,1412.76,389778.8,45.7,-4.12,-2573.4875,-281.12322,0.38,-5.69,-10.77,3,,"RSI 45~65, 상승구조, 과열아님",248500,245600,242700,251400
KOSDAQ,펩트론,087010,334500,1403.82,77996.5,71.1,19.49,7534.8943,992.43544,1.6,13.78,27.67,3,,"MACD상승, 거래량증가, MACD>sig",282750,293950,305150,271550
KOSPI,LS ELECTRIC,010120,475000,1189.35,142500.0,56.8,6.61,-3678.601,-419.39053,0.7,-2.86,5.2,3,,"RSI 45~65, 상승구조, 과열아님",450010,467830,485650,432180
KOSPI,POSCO홀딩스,005490,313500,1131.87,253724.8,44.9,0.05,-579.1796,-75.31921,0.86,-1.57,2.62,3,,"MA20 근처, 상승구조, 과열아님",313500,323050,332600,303950
KOSPI,에이피알,278470,224500,1117.55,84031.8,36.8,-5.08,-2910.5713,1080.32569,0.76,6.4,-14.15,3,,"MACD상승, 상승구조, 과열아님",224500,219570,214640,229430
KOSPI,현대차,005380,264000,1095.1,540560.5,49.4,-1.45,-2395.936,-475.49473,0.4,-4.17,-1.68,3,,"RSI 45~65, 상승구조, 과열아님",264000,268160,272320,259840
KOSPI,파미셀,005690,17300,1085.76,10382.9,50.3,-1.33,-162.9012,-107.59169,1.02,-5.31,-4.42,3,,"RSI 45~65, 상승구조, 과열아님",17300,17590,17890,17010
KOSPI,대덕전자,353200,52300,1068.96,25845.1,73.8,21.07,545.9707,-45.70792,0.85,0.0,21.06,3,,"상승구조, MACD>sig, 과열아님",43630,45360,47090,41900
KOSPI,대한전선,001440,23000,1034.39,42882.9,56.6,-1.95,-368.6803,-156.66993,0.53,-10.16,-12.55,3,,"RSI 45~65, 상승구조, 과열아님",23000,23250,23490,22750
KOSPI,현대로템,064350,186800,893.71,203877.8,26.2,-13.2,-3839.9464,141.30204,0.61,-4.65,-12.91,3,,"MACD상승, 상승구조, 과열아님",186800,164860,142920,208740
KOSDAQ,심텍,222800,55400,753.29,19378.6,41.1,-5.0,-1446.3277,217.70505,0.93,4.53,-16.06,3,,"MACD상승, 상승구조, 과열아님",55400,54230,53070,56570
KOSDAQ,인벤티지랩,389470,64900,733.51,8027.5,66.3,17.77,1512.237,-523.14899,1.17,2.69,22.45,3,,"상승구조, MACD>sig, 과열아님",55660,57860,60070,53450
KOSDAQ,올릭스,226950,133600,720.58,26873.4,68.3,12.13,1129.9677,-765.19807,0.43,-3.88,12.55,3,,"상승구조, MACD>sig, 과열아님",120340,125110,129870,115580
KOSDAQ,리가켐바이오,141080,173400,713.09,63482.3,71.5,12.55,3094.6415,-506.91473,0.69,1.58,14.08,3,,"상승구조, MACD>sig, 과열아님",155610,161770,167930,149440
KOSDAQ,삼륭물산,014970,8260,697.25,1249.3,72.5,22.94,241.3415,38.71097,6.17,35.19,34.75,3,,"MACD상승, 거래량증가, MACD>sig",6790,7050,7320,6520
KOSPI,에이플러스에셋,244920,8160,636.84,1844.8,77.0,28.81,217.1532,93.31449,13.78,33.99,36.0,3,,"MACD상승, 거래량증가, MACD>sig",6400,6650,6910,6140
KOSDAQ,지투지바이오,456160,95000,592.72,5148.5,83.7,31.05,3304.3465,-557.59421,0.3,6.15,53.97,3,,"상승구조, MACD>sig, 과열아님",73220,76120,79020,70320
KOSPI,한화엔진,082740,42150,542.22,35173.0,27.5,-8.18,-613.8904,120.71106,0.81,-0.24,-7.36,3,,"MACD상승, 상승구조, 과열아님",42150,39770,37390,44530
KOSPI,엘앤에프,066970,126000,533.82,49234.6,51.2,-2.46,-2063.2132,-246.95219,0.46,-3.6,0.32,3,,"RSI 45~65, 상승구조, 과열아님",126000,126700,127390,125300
KOSPI,LG전자,066570,87100,531.18,141874.0,48.9,-2.49,-613.3537,-204.15121,0.69,-6.24,0.0,3,,"RSI 45~65, 상승구조, 과열아님",87100,87560,88020,86640
KOSPI,한미약품,128940,450000,522.33,57649.5,67.6,3.91,-819.5286,-2248.71504,0.46,-6.15,-1.96,3,,"MA20 근처, 상승구조, 과열아님",437380,454700,472020,420060
KOSPI,유한양행,000100,116000,502.63,92763.4,50.0,-1.54,255.2546,-387.19652,0.74,-3.17,-0.43,3,,"RSI 45~65, MACD>sig, 과열아님",116000,117710,119430,114290
KOSDAQ,하나마이크론,067310,25350,443.13,16825.7,27.0,-5.42,-518.0131,30.92456,0.64,0.2,-9.3,3,,"MACD상승, 상승구조, 과열아님",25350,24700,24050,26000
KOSDAQ,한국피아이엠,448900,36550,422.97,2194.6,65.0,12.77,16.3171,-35.65078,1.47,10.76,12.46,3,,"거래량증가, 상승구조, MACD>sig",32740,34030,35330,31440
KOSPI,대한조선,439260,67500,392.34,26005.3,37.2,-1.37,701.9111,229.83101,0.75,7.14,10.47,3,,"MACD상승, MACD>sig, 과열아님",67500,68620,69740,66380
KOSDAQ,유진테크,084370,86900,388.42,19914.0,36.5,-8.85,-2811.3698,-99.19319,1.46,-10.87,-16.76,3,,"거래량증가, 상승구조, 과열아님",86900,81330,75750,92470
KOSDAQ,이뮨온시아,424870,6940,382.34,5147.1,68.2,14.88,144.9817,7.06436,0.96,21.33,19.04,3,,"MACD상승, 상승구조, MACD>sig",6100,6340,6580,5860
KOSPI,삼성에스디에스,018260,164200,334.11,127054.3,46.9,-4.94,-1881.4382,-102.41079,0.72,-6.33,-7.65,3,,"RSI 45~65, 상승구조, 과열아님",164200,160850,157490,167550
KOSPI,SK바이오팜,326030,125600,312.03,98361.4,69.7,5.16,557.1252,-354.31429,0.68,-1.72,4.15,3,,"상승구조, MACD>sig, 과열아님",120630,125410,130180,115850
KOSDAQ,에이프릴바이오,397030,38500,293.97,8841.6,66.5,12.62,432.4044,-94.88224,0.58,9.38,4.9,3,,"상승구조, MACD>sig, 과열아님",34530,35890,37260,33160
KOSDAQ,코오롱티슈진,950160,53800,287.23,44773.0,70.6,12.04,994.8371,-203.92486,0.99,5.08,17.98,3,,"상승구조, MACD>sig, 과열아님",48500,50420,52340,46580
KOSPI,코스맥스,192820,162100,276.77,18397.6,24.1,-12.61,-2787.8897,925.12726,1.39,2.59,-17.13,3,,"MACD상승, 거래량증가, 과열아님",162100,144280,126470,179920
KOSPI,한국타이어앤테크놀로지,161390,57700,258.6,71475.9,81.0,13.09,598.8598,-261.89434,0.89,-2.2,26.54,3,,"상승구조, MACD>sig, 과열아님",51530,53570,55610,49490
KOSPI,두산로보틱스,454910,73500,249.76,47642.7,52.3,-4.89,-1205.8341,-120.83908,0.46,-6.96,-9.71,3,,"RSI 45~65, 상승구조, 과열아님",73500,72040,70590,74960
KOSDAQ,인투셀,287840,55500,240.47,8240.4,43.1,0.08,-613.6948,-172.82462,0.6,1.65,-5.61,3,,"MA20 근처, 상승구조, 과열아님",55500,57210,58910,53790
KOSDAQ,삼현,437730,25400,237.58,8053.7,24.2,-12.68,-905.1702,48.56278,1.07,-10.72,-14.62,3,,"MACD상승, 상승구조, 과열아님",25400,22590,19770,28210
KOSDAQ,서부T&D,006730,11220,236.13,7340.9,70.0,18.76,221.5535,73.60408,2.9,23.7,18.73,3,,"MACD상승, 거래량증가, MACD>sig",9540,9920,10300,9160
KOSDAQ,현대무벡스,319400,8480,235.31,9444.7,23.5,-12.59,-223.434,5.94241,0.71,-10.64,-11.85,3,,"MACD상승, 상승구조, 과열아님",8480,7550,6620,9410
KOSDAQ,케이엔알시스템,199430,21750,220.58,2370.1,40.8,-19.02,-1413.2217,-137.15612,1.4,-22.18,-37.59,3,,"거래량증가, 상승구조, 과열아님",21750,17450,13150,26050
KOSPI,SKC,011790,110100,216.98,41693.0,46.1,-7.33,-1845.6589,-321.87191,0.34,-10.49,-12.76,3,,"RSI 45~65, 상승구조, 과열아님",110100,104960,99820,115240
KOSPI,HD현대마린엔진,071970,79100,216.19,26831.9,18.4,-12.08,-1506.3714,79.84553,0.76,-4.24,-8.66,3,,"MACD상승, 상승구조, 과열아님",79100,70930,62760,87270
KOSDAQ,제닉스로보틱스,381620,14880,202.68,1951.9,46.1,-9.53,-343.7498,-30.09439,0.44,0.07,-13.39,3,,"RSI 45~65, 상승구조, 과열아님",14880,13810,12730,15950
KOSDAQ,대한광통신,010170,2045,201.16,2699.1,52.1,-9.48,-88.7758,-5.5133,0.5,-13.16,-32.4,3,,"RSI 45~65, 상승구조, 과열아님",2040,1900,1750,2190
KOSDAQ,한스바이오메드,042520,34400,192.22,4653.1,63.8,13.13,-45.0622,127.0303,0.67,13.91,12.42,3,,"RSI 45~65, MACD상승, 상승구조",30710,31930,33140,29500
KOSDAQ,티로보틱스,117730,15410,183.6,3325.9,47.6,-11.2,-634.0391,-20.59096,0.45,-9.88,-28.99,3,,"RSI 45~65, 상승구조, 과열아님",15410,13990,12560,16830
KOSDAQ,뉴로핏,380550,22050,169.61,2565.9,51.2,-2.67,-370.7155,-73.71602,0.25,-12.5,-8.7,3,,"RSI 45~65, 상승구조, 과열아님",22050,22120,22200,21980
KOSPI,신세계,004170,225500,163.15,21749.9,89.3,16.66,4139.9912,-192.06174,1.12,5.62,27.33,3,,"상승구조, MACD>sig, 과열아님",195240,202970,210700,187510
KOSPI,LG,003550,80300,162.49,123839.9,46.2,-2.84,-553.379,-185.82563,0.52,-5.97,0.75,3,,"RSI 45~65, 상승구조, 과열아님",80300,80430,80570,80170
KOSDAQ,우리기술,032820,3790,161.46,6316.0,8.6,-13.62,-98.6682,0.48918,0.26,-7.45,-17.07,3,,"MACD상승, 상승구조, 과열아님",3790,3320,2860,4260
KOSDAQ,필옵틱스,161580,39550,153.28,9255.8,49.2,-12.4,-1393.3245,-241.07962,0.4,-18.62,-25.24,3,,"RSI 45~65, 상승구조, 과열아님",39550,35310,31060,43790
KOSDAQ,미투온,201490,4340,150.28,1318.9,39.4,-7.86,-13.7426,0.7149,3.92,-9.01,-7.56,3,,"MACD상승, 거래량증가, 과열아님",4340,4110,3880,4570
KOSDAQ,삼천당제약,000250,217500,142.57,51020.0,48.1,-2.67,-1001.3615,-680.51184,0.43,-5.02,-6.45,3,,"RSI 45~65, 상승구조, 과열아님",217500,218240,218990,216760
KOSDAQ,오름테라퓨틱,475830,56600,141.46,11975.7,71.6,16.5,404.4623,-124.03204,0.46,5.01,14.11,3,,"상승구조, MACD>sig, 과열아님",49070,51010,52960,47130
KOSDAQ,LS머트리얼즈,417200,12110,139.78,8192.7,50.4,-5.08,-227.7266,-36.55476,0.76,-7.56,-19.43,3,,"RSI 45~65, 상승구조, 과열아님",12110,11850,11580,12370
KOSPI,한전기술,052690,89000,137.99,34015.8,23.5,-9.99,-1449.7398,1.15494,0.45,-5.92,-7.0,3,,"MACD상승, 상승구조, 과열아님",89000,82090,75170,95910
KOSDAQ,태성,323280,36950,137.34,11270.0,77.3,17.2,631.7487,-291.47815,0.45,-9.77,20.55,3,,"상승구조, MACD>sig, 과열아님",31840,33100,34360,30580
KOSDAQ,에스엠,041510,101300,130.38,23192.3,22.3,-8.27,12.2528,139.4721,0.67,2.32,-10.75,3,,"MACD상승, MACD>sig, 과열아님",101300,95480,89660,107120
KOSPI,한솔케미칼,014680,221500,127.82,25107.5,43.0,-0.33,-799.5245,-439.00968,0.77,-1.56,0.45,3,,"MA20 근처, 상승구조, 과열아님",221500,227440,233380,215560
KOSDAQ,강원에너지,114190,15850,125.89,4140.5,47.4,-3.31,-344.7341,-58.0958,0.16,-12.67,-12.82,3,,"RSI 45~65, 상승구조, 과열아님",15850,15800,15750,15900
KOSPI,LG생활건강,051900,286000,106.5,43765.0,49.1,-0.89,-322.2853,-259.26556,0.58,-4.19,0.0,3,,"RSI 45~65, MA20 근처, 과열아님",286000,292080,298160,279920
KOSDAQ,동성화인텍,033500,26250,94.16,7872.2,0.0,-15.76,-531.9537,-235.77055,2.48,-17.32,-17.32,3,,"거래량증가, 상승구조, 과열아님",26250,22270,18290,30230
KOSDAQ,클래시스,214150,54300,93.31,35569.6,64.2,6.15,782.91,-219.14536,0.5,-0.18,14.8,3,,"RSI 45~65, MACD>sig, 과열아님",51660,53710,55760,49620
KOSPI,대웅제약,069620,169900,93.24,19685.6,75.2,13.73,2907.2907,-344.48234,0.79,4.62,20.84,3,,"상승구조, MACD>sig, 과열아님",150890,156860,162840,144910
KOSPI,JB금융지주,175330,24250,90.27,46361.9,59.3,4.84,136.8706,-2.53515,0.93,0.83,7.3,3,,"RSI 45~65, MACD>sig, 과열아님",23360,24290,25210,22440
KOSDAQ,동진쎄미켐,005290,33200,85.88,17069.6,13.5,-14.52,-784.6529,30.30255,0.53,-7.0,-15.09,3,,"MACD상승, 상승구조, 과열아님",33200,28730,24260,37670
KOSPI,한전KPS,051600,50600,78.97,22770.0,47.5,-1.39,-10.5926,-100.18557,0.71,-3.25,2.43,3,,"RSI 45~65, 상승구조, 과열아님",50600,51420,52250,49780
KOSPI,HD현대건설기계,267270,89700,78.97,15569.8,28.1,-8.75,-1095.938,120.84362,0.38,-3.34,-4.47,3,,"MACD상승, 상승구조, 과열아님",89700,84040,78390,95360
KOSDAQ,파인엠텍,441270,8950,78.82,3368.8,54.3,-2.65,36.2287,-20.9652,0.91,-7.64,-0.11,3,,"RSI 45~65, MACD>sig, 과열아님",8950,8980,9010,8920
KOSPI,코오롱모빌리티그룹,450140,9410,75.49,5907.3,54.0,-3.32,-55.1025,-69.17512,0.26,-20.66,-10.38,3,,"RSI 45~65, 상승구조, 과열아님",9410,9380,9350,9440
KOSDAQ,샘씨엔에스,252990,6870,74.15,4011.3,44.8,-5.53,-125.5462,5.95528,0.79,-8.28,-16.63,3,,"MACD상승, 상승구조, 과열아님",6870,6690,6500,7050
KOSPI,SK케미칼,285130,74100,72.59,12818.4,66.7,4.7,370.3087,-338.16717,0.73,-2.5,9.78,3,,"상승구조, MACD>sig, 과열아님",71480,74310,77140,68650
KOSPI,CJ대한통운,000120,93200,71.79,21261.1,73.0,7.35,906.1934,-205.6413,0.87,-2.31,16.5,3,,"상승구조, MACD>sig, 과열아님",87690,91160,94630,84220
KOSPI,F&F,383220,73500,71.32,28155.7,73.2,10.33,1217.8284,-181.50248,0.82,-0.81,23.53,3,,"상승구조, MACD>sig, 과열아님",67290,69950,72620,64620
KOSDAQ,솔트룩스,304100,28500,67.92,3589.2,45.2,-6.33,-317.4578,15.29055,0.59,-9.38,-10.66,3,,"RSI 45~65, MACD상승, 과열아님",28500,27490,26470,29510
KOSPI,효성,004800,130600,66.38,21863.0,52.4,-2.69,-2241.2853,-871.86663,0.52,-13.8,-1.66,3,,"RSI 45~65, 상승구조, 과열아님",130600,131020,131430,130180
KOSPI,미래에셋증권2우B,00680K,9950,64.86,13681.2,39.3,-3.59,-107.3197,8.99213,0.9,-2.93,-3.49,3,,"MACD상승, 상승구조, 과열아님",9950,9890,9830,10010
KOSDAQ,나우로보틱스,459510,20300,64.81,2621.5,44.2,-5.75,-152.4659,27.84358,0.46,1.6,-6.02,3,,"MACD상승, 상승구조, 과열아님",20300,19710,19120,20890
KOSDAQ,서진시스템,178320,22500,63.85,12663.5,3.6,-13.27,-647.6168,16.77873,0.49,-8.72,-13.29,3,,"MACD상승, 상승구조, 과열아님",22500,19840,17170,25160
KOSPI,LG전자우,066575,47850,63.3,8223.5,57.9,-2.06,-482.8301,-279.18648,0.65,-9.72,-0.21,3,,"RSI 45~65, 상승구조, 과열아님",47850,48310,48770,47390
KOSDAQ,보성파워텍,006910,5030,62.47,2471.2,42.9,-5.64,-70.9013,1.017,0.38,-3.08,-9.04,3,,"MACD상승, 상승구조, 과열아님",5030,4890,4750,5170
KOSDAQ,포스코엠텍,009520,15400,62.36,6413.0,48.1,-2.63,-123.6531,-1.69714,0.47,-4.05,1.12,3,,"RSI 45~65, 상승구조, 과열아님",15400,15460,15520,15340
KOSDAQ,유진로봇,056080,11690,62.0,4385.2,41.5,-7.13,-211.1612,26.31503,0.37,-3.15,-11.71,3,,"MACD상승, 상승구조, 과열아님",11690,11170,10650,12210
KOSPI,SK바이오사이언스,302440,51800,61.16,40595.2,52.0,-3.45,-400.1306,-193.98888,0.41,-6.67,-9.91,3,,"RSI 45~65, 상승구조, 과열아님",51800,51560,51320,52040
KOSPI,신풍제약,019170,13530,60.57,7168.9,50.0,-4.28,-69.4966,-59.05088,0.46,-6.5,-4.45,3,,"RSI 45~65, 상승구조, 과열아님",13530,13350,13170,13710
KOSDAQ,로보로보,215100,7640,60.21,1554.6,25.9,-16.43,-320.9587,3.86965,0.17,-10.01,-19.58,3,,"MACD상승, 상승구조, 과열아님",7640,6410,5190,8870
KOSDAQ,펄어비스,263750,38600,58.76,24799.7,71.0,6.52,321.8402,-64.43675,0.66,-0.77,10.92,3,,"상승구조, MACD>sig, 과열아님",36600,38050,39500,35150
KOSPI,제일기획,030000,22000,58.55,25309.1,70.1,4.18,81.7965,-19.1556,0.62,-0.68,8.37,3,,"상승구조, MACD>sig, 과열아님",21330,22170,23020,20480
KOSDAQ,아이쓰리시스템,214430,71900,55.8,5109.8,39.0,-3.68,-167.584,272.12867,1.87,3.75,-0.96,3,,"MACD상승, 거래량증가, 과열아님",71900,71390,70880,72410
KOSPI,GS리테일,007070,22050,54.2,18435.4,88.3,13.41,268.3,-41.66237,0.86,2.32,22.98,3,,"상승구조, MACD>sig, 과열아님",19640,20420,21190,18860
KOSPI,솔루스첨단소재,336370,9080,52.34,6375.7,49.3,-4.88,-54.4734,-82.01037,0.57,-23.63,-0.33,3,,"RSI 45~65, 상승구조, 과열아님",9080,8900,8720,9260
KOSPI,삼성전자,005930,96500,17879.81,5712450.6,40.4,-4.68,-1416.9824,-133.23472,0.68,-6.4,-4.08,2,,"상승구조, 과열아님",96500,94800,93100,98200
KOSPI,두산에너빌리티,034020,74400,3626.42,476577.5,25.2,-9.62,-1664.725,-94.8953,0.7,-5.1,-11.0,2,,"상승구조, 과열아님",74400,68950,63500,79850
KOSDAQ,에이비엘바이오,298380,169900,2852.26,93657.7,80.9,44.95,7792.5997,-580.09035,1.08,34.1,63.68,2,,"상승구조, MACD>sig",118390,123080,127760,113700
KOSPI,삼성전자우,005935,73000,2820.05,595661.5,35.3,-7.05,-1231.0437,-125.20277,0.92,-7.12,-6.41,2,,"상승구조, 과열아님",73000,69820,66640,76180
KOSDAQ,에코프로,086520,79300,2136.82,107670.5,38.2,-12.09,-2704.858,-502.9035,0.73,-15.28,-14.55,2,,"상승구조, 과열아님",79300,71100,62900,87500
KOSPI,한화오션,042660,123000,1776.03,376888.5,30.1,-6.37,-1337.7671,-336.0948,0.46,-2.77,-2.69,2,,"상승구조, 과열아님",123000,118570,114140,127430
KOSPI,카카오,035720,58200,1703.17,257467.6,35.0,-6.56,-609.4015,-112.24075,0.6,-8.78,-7.18,2,,"상승구조, 과열아님",58200,55980,53770,60420
KOSPI,한미반도체,042700,120700,1540.45,115041.8,26.8,-10.99,-3123.8046,-128.40803,0.8,-7.93,-9.32,2,,"상승구조, 과열아님",120700,109860,99030,131540
KOSPI,삼성SDI,006400,296500,1226.41,238936.1,38.1,-5.38,-5946.0448,-1232.11954,0.38,-7.78,-8.77,2,,"상승구조, 과열아님",296500,289050,281600,303950
KOSPI,삼성중공업,010140,25350,1199.31,223080.0,16.3,-6.89,-472.4411,-14.16215,0.57,-3.43,-7.65,2,,"상승구조, 과열아님",25350,24290,23230,26410
KOSPI,LG에너지솔루션,373220,437500,1087.03,1023750.0,27.3,-7.59,-8002.5703,-1153.45614,0.58,-7.99,-5.71,2,,"상승구조, 과열아님",437500,415750,394010,459250
KOSPI,포스코퓨처엠,003670,195900,869.71,174245.6,28.9,-9.81,-4783.2667,-534.20441,0.78,-8.88,-8.24,2,,"상승구조, 과열아님",195900,181100,166290,210700
KOSPI,LG화학,051910,390500,799.23,275663.1,43.5,-1.95,-4267.0981,-660.70065,0.47,-0.76,1.43,2,,"상승구조, 과열아님",390500,394670,398850,386330
KOSPI,HD한국조선해양,009540,418000,781.66,295831.6,35.4,-5.46,-3536.6109,-396.33444,0.63,-1.88,-2.45,2,,"상승구조, 과열아님",418000,407110,396230,428890
KOSDAQ,재영솔루텍,049630,2060,665.03,2252.5,84.2,41.3,66.5758,-1.60743,0.64,12.26,46.62,2,,"상승구조, MACD>sig",1470,1530,1590,1410
KOSPI,LIG넥스원,079550,406500,630.3,89430.0,28.1,-11.57,-6054.2044,1062.57862,0.72,0.74,-14.78,2,,"MACD상승, 과열아님",406500,367090,327680,445910
KOSPI,일진전기,103590,56300,616.18,26846.9,43.9,-2.56,-1218.3679,-185.86786,0.61,-8.31,-8.6,2,,"상승구조, 과열아님",56300,56560,56810,56040
KOSPI,하이브,352820,287500,605.31,121635.0,33.2,-6.84,-3982.2702,-269.373,0.5,-1.2,-13.4,2,,"상승구조, 과열아님",287500,275660,263820,299340
KOSDAQ,에코프로비엠,247540,143500,587.65,140344.9,32.6,-9.84,-3128.3605,-284.77321,0.48,-7.6,-9.12,2,,"상승구조, 과열아님",143500,132610,121730,154390
KOSPI,미래에셋증권,006800,22150,586.25,126325.1,35.7,-9.21,-447.9564,-18.04888,0.52,-9.78,-10.51,2,,"상승구조, 과열아님",22150,20630,19120,23670
KOSDAQ,휴림로봇,090710,5140,534.49,6140.1,39.0,-16.29,-268.1673,-9.77798,0.64,-13.32,-30.35,2,,"상승구조, 과열아님",5140,4320,3510,5960
KOSPI,산일전기,062040,140400,507.07,42745.1,36.5,-6.79,-2989.9837,-77.56757,0.43,-4.68,-13.49,2,,"상승구조, 과열아님",140400,134680,128970,146120
KOSPI,삼성물산,028260,213000,499.64,362050.0,35.7,-2.88,-2041.098,-417.093,0.69,-6.78,-1.16,2,,"상승구조, 과열아님",213000,213250,213510,212750
KOSPI,현대건설,000720,60600,470.59,67481.6,32.8,-6.86,-749.4058,-76.13113,0.41,-2.26,-5.75,2,,"상승구조, 과열아님",60600,58090,55570,63110
KOSDAQ,디앤디파마텍,347850,90300,466.89,9803.3,76.5,30.82,1965.8358,-252.52469,0.19,20.88,12.76,2,,"상승구조, MACD>sig",69720,72480,75240,66950
KOSDAQ,클로봇,466100,37100,464.93,9272.1,42.4,-6.54,-890.0859,-4.05251,0.45,-4.01,-11.03,2,,"상승구조, 과열아님",37100,35690,34290,38510
KOSDAQ,원익IPS,240810,61100,441.21,29990.3,43.5,-6.92,-1372.655,-308.69751,0.97,-12.84,-9.62,2,,"상승구조, 과열아님",61100,58520,55950,63680
KOSPI,현대모비스,012330,295500,439.18,268114.8,42.9,-1.42,-527.8574,234.80446,0.72,-1.5,2.6,2,,"MACD상승, 과열아님",295500,300240,304980,290760
KOSPI,두산퓨얼셀,336260,30900,410.48,20237.6,13.7,-17.08,-1209.3661,-146.78627,0.44,-15.92,-25.09,2,,"상승구조, 과열아님",30900,25650,20410,36150
KOSPI,한국금융지주,071050,157200,385.85,87601.3,35.0,-8.32,-2897.52,-356.18953,0.66,-10.93,-6.98,2,,"상승구조, 과열아님",157200,148070,138940,166330
KOSDAQ,로보스타,090360,67800,382.54,6610.5,31.9,-15.9,-3397.3591,-143.3683,0.37,-13.41,-23.73,2,,"상승구조, 과열아님",67800,57400,47010,78200
KOSPI,HJ중공업,097230,21350,379.55,19278.1,22.7,-15.89,-362.1994,-5.36922,0.34,0.47,-15.45,2,,"상승구조, 과열아님",21350,18080,14810,24620
KOSDAQ,테크윙,089030,50200,346.57,18600.9,19.6,-17.95,-1851.0654,-147.81904,1.11,-13.3,-16.89,2,,"상승구조, 과열아님",50200,41060,31910,59340
KOSDAQ,씨어스테크놀로지,458870,124600,332.59,15781.7,80.6,33.68,4262.0772,-631.05813,1.09,27.01,48.69,2,,"상승구조, MACD>sig",94140,97870,101600,90410
KOSDAQ,JYP Ent.,035900,66600,321.62,23664.6,21.5,-11.54,-1083.5996,-67.60942,0.82,-7.37,-14.83,2,,"상승구조, 과열아님",66600,60170,53740,73030
KOSPI,LS,006260,191000,318.97,60547.0,38.9,-8.71,-3895.224,-311.68593,0.58,-10.54,-7.28,2,,"상승구조, 과열아님",191000,179050,167090,202950
KOSDAQ,퓨쳐켐,220100,30600,317.02,6763.3,81.9,36.21,1224.8478,-95.76197,0.74,25.67,45.02,2,,"상승구조, MACD>sig",22690,23590,24490,21790
KOSPI,파라다이스,034230,16190,300.15,14960.5,35.3,-6.04,-26.9811,85.35554,1.1,7.86,-5.1,2,,"MACD상승, 과열아님",16190,15670,15140,16710
KOSDAQ,삼영엠텍,054540,16460,296.14,2139.8,39.2,-5.6,-172.7549,-32.4436,0.48,7.23,-1.02,2,,"상승구조, 과열아님",16460,16010,15550,16910
KOSPI,이수화학,005950,9960,290.32,2618.9,44.7,-5.86,-197.3949,-27.57259,0.82,-1.97,0.71,2,,"상승구조, 과열아님",9960,9660,9360,10260
KOSPI,키움증권,039490,270500,285.84,71615.5,40.8,-6.8,-4046.2849,-1133.94338,0.68,-9.38,-4.25,2,,"상승구조, 과열아님",270500,259480,248460,281520
KOSPI,LG씨엔에스,064400,56400,281.06,54643.7,39.8,-6.97,-332.765,59.09385,0.29,-4.57,-3.75,2,,"MACD상승, 과열아님",56400,53990,51590,58810
KOSDAQ,파마리서치,214450,447000,268.18,46441.7,20.1,-10.38,-2641.0154,883.24789,0.4,2.88,-12.01,2,,"MACD상승, 과열아님",447000,410210,373420,483790
KOSDAQ,비에이치아이,083650,41350,263.7,12795.5,19.6,-10.25,-374.7854,55.63109,0.62,-1.31,-8.52,2,,"MACD상승, 과열아님",41350,38010,34670,44690
KOSPI,삼성생명,032830,148200,248.44,296400.0,41.5,-5.52,-1085.366,-366.15897,0.42,-11.26,-1.2,2,,"상승구조, 과열아님",148200,144250,140300,152150
KOSPI,LG디스플레이,034220,12380,245.61,61900.0,32.9,-9.98,-231.6231,-3.42197,0.68,-8.97,-11.63,2,,"상승구조, 과열아님",12380,11420,10460,13340
KOSPI,SK이노베이션,096770,116600,238.44,197115.6,27.7,-6.98,-1671.7856,-157.92689,0.42,-7.83,-3.56,2,,"상승구조, 과열아님",116600,111620,106630,121580
KOSPI,코스모신소재,005070,47700,238.07,15507.6,28.2,-12.91,-1112.5518,-198.61888,0.58,-11.17,-9.66,2,,"상승구조, 과열아님",47700,42270,36840,53130
KOSPI,코리아써키트,007810,31450,232.8,7428.7,74.6,33.38,906.0932,-22.77955,0.55,11.13,38.55,2,,"상승구조, MACD>sig",23810,24760,25700,22870
KOSDAQ,리노공업,058470,56100,229.71,42754.8,44.5,-2.0,-308.1437,-58.5248,0.78,-1.41,1.26,2,,"상승구조, 과열아님",56100,56670,57240,55530
KOSDAQ,쓰리빌리언,394800,11300,223.07,3584.5,72.6,15.48,128.9434,-20.40811,1.0,11.44,14.95,2,,"상승구조, MACD>sig",9880,10270,10670,9490
KOSPI,메리츠금융지주,138040,108700,218.76,190466.1,47.2,-4.77,-468.1036,-368.35941,0.64,-9.94,-4.57,2,,"RSI 45~65, 과열아님",108700,106670,104650,110730
KOSPI,HMM,011200,19050,214.15,179686.8,29.5,-5.3,-89.1859,0.06117,0.81,-5.69,-3.79,2,,"MACD상승, 과열아님",19050,18590,18120,19510
KOSDAQ,HLB,028300,46300,208.55,61038.7,44.4,-4.98,-634.8291,-196.01779,0.5,-8.13,-14.89,2,,"상승구조, 과열아님",46300,45340,44370,47260
KOSPI,후성,093370,8170,188.62,8762.8,44.0,-8.84,-178.4292,-60.8467,0.47,-11.77,-12.71,2,,"상승구조, 과열아님",8170,7650,7120,8690
KOSPI,한화솔루션,009830,26900,182.21,46239.1,40.4,-8.93,-296.2056,-15.0821,0.3,-5.45,-6.43,2,,"상승구조, 과열아님",26900,25150,23400,28650
KOSDAQ,파두,440110,22700,179.31,11225.5,42.8,-8.1,-434.0268,-134.33391,0.75,-15.14,-14.18,2,,"상승구조, 과열아님",22700,21440,20180,23960
KOSDAQ,지엔씨에너지,119850,29650,175.29,4877.1,25.2,-20.89,-1462.6744,-20.28585,0.59,-15.53,-28.12,2,,"상승구조, 과열아님",29650,22950,16240,36350
KOSPI,코웨이,021240,87600,168.99,62992.4,43.7,-2.88,38.6983,-20.95891,0.94,-2.99,-2.45,2,,"MACD>sig, 과열아님",87600,87710,87810,87490
KOSPI,달바글로벌,483650,133300,168.28,16454.4,39.6,-5.15,-77.6684,593.28653,0.58,5.54,-17.15,2,,"MACD상승, 과열아님",133300,130280,127250,136320
KOSPI,CJ제일제당,097950,220000,161.94,33119.2,36.0,-3.91,-799.4718,-276.41378,1.26,-5.38,-2.22,2,,"거래량증가, 과열아님",220000,217920,215840,222080
KOSPI,현대차우,005385,196100,161.58,45771.6,44.9,-1.25,-1556.7843,-265.77883,0.59,-3.64,-0.96,2,,"상승구조, 과열아님",196100,199570,203050,192630
KOSDAQ,휴젤,145020,225500,159.47,27745.6,29.5,-6.8,1439.7449,-164.15194,0.71,0.22,-1.31,2,,"MACD>sig, 과열아님",225500,216310,207120,234690
KOSDAQ,켐트로닉스,089010,28750,155.88,4697.6,37.2,-16.24,-1124.0746,-31.13372,0.29,-14.81,-26.19,2,,"상승구조, 과열아님",28750,24200,19660,33300
KOSPI,한화,000880,84300,154.59,63190.2,34.4,-9.56,-1196.4757,-212.89839,0.48,-8.27,-4.96,2,,"상승구조, 과열아님",84300,78180,72060,90420
KOSDAQ,엔켐,348370,63100,150.95,13735.3,20.5,-25.08,-2801.8905,-497.29344,0.78,-24.97,-24.52,2,,"상승구조, 과열아님",63100,44500,25900,81700
KOSPI,이마트,139480,79400,147.27,21911.1,68.8,5.59,767.9465,-87.78632,1.05,-0.25,11.52,2,,"MACD>sig, 과열아님",75950,78960,81970,72940
KOSDAQ,삼양컴텍,484590,11800,141.83,4862.8,17.5,-20.76,-232.8793,-48.2958,1.96,-16.9,-20.22,2,,"거래량증가, 과열아님",11800,9160,6510,14440
KOSDAQ,덕산네오룩스,213420,36850,133.84,9150.3,30.7,-9.95,-173.2491,-119.98276,1.63,-5.75,-8.79,2,,"거래량증가, 과열아님",36850,34010,31160,39690
KOSPI,GS피앤엘,499790,47500,133.71,9419.6,68.4,17.06,1354.5592,149.03115,1.12,23.54,21.95,2,,"MACD상승, MACD>sig",40980,42610,44230,39360
KOSDAQ,HPSP,403870,29050,130.82,24256.3,25.6,-12.99,-588.0704,-65.38342,0.65,-11.03,-10.89,2,,"상승구조, 과열아님",29050,25710,22380,32390
KOSDAQ,지아이이노베이션,358570,18420,128.55,11728.7,71.5,13.83,479.8242,-30.74408,0.84,8.16,15.99,2,,"MACD>sig, 과열아님",16340,16990,17640,15700
KOSPI,삼성E&A,028050,25600,122.76,50176.0,36.4,-4.21,-52.8789,4.61208,0.54,-2.66,-0.97,2,,"MACD상승, 과열아님",25600,25280,24950,25920
KOSPI,세진중공업,075580,18770,120.06,10670.6,34.4,-10.71,-207.8824,-53.93892,0.39,-2.8,-8.22,2,,"상승구조, 과열아님",18770,17150,15530,20390
KOSDAQ,셀트리온제약,068760,60500,117.83,26425.9,43.1,-3.83,-548.7089,-219.80999,0.71,-6.49,-5.76,2,,"상승구조, 과열아님",60500,59980,59450,61020
KOSDAQ,앱클론,174900,30050,116.94,5737.4,77.9,28.57,688.0374,-63.82953,1.06,16.25,41.08,2,,"상승구조, MACD>sig",23610,24540,25480,22670
KOSDAQ,제주반도체,080220,17850,115.83,6148.0,31.1,-11.81,-334.5572,-84.27557,0.9,-13.77,-10.39,2,,"상승구조, 과열아님",17850,16070,14280,19630
KOSPI,두산밥캣,241560,55400,114.1,53104.3,24.2,-7.35,-761.3755,-6.99179,0.67,-5.62,-7.51,2,,"상승구조, 과열아님",55400,52800,50200,58000
KOSPI,에코프로머티,450080,57800,114.04,40420.9,39.2,-9.19,-1122.0901,-164.13976,0.33,-7.67,-6.77,2,,"상승구조, 과열아님",57800,53860,49920,61740
KOSDAQ,브이티,018290,20200,113.04,7058.3,17.4,-15.92,-176.1733,-74.24506,1.52,-13.86,-17.55,2,,"거래량증가, 과열아님",20200,17100,13990,23300
KOSPI,한국카본,017960,27400,110.63,14222.9,13.0,-18.6,-874.5725,-7.02803,0.76,-13.43,-17.35,2,,"상승구조, 과열아님",27400,22150,16890,32650
KOSPI,풍산,103140,99000,108.68,27744.0,27.4,-9.0,-527.2461,61.3511,0.42,-5.17,-4.62,2,,"MACD상승, 과열아님",99000,92470,85940,105530
KOSDAQ,피에스케이,319660,32800,106.85,9501.1,35.9,-11.57,-909.6225,-90.93377,0.8,-13.8,-11.11,2,,"상승구조, 과열아님",32800,29620,26450,35980
KOSPI,한국콜마,161890,64800,105.44,15296.1,22.4,-8.86,-713.3493,187.18542,0.66,0.0,-13.02,2,,"MACD상승, 과열아님",64800,60630,56470,68970
KOSDAQ,에스앤에스텍,101490,45700,104.13,9803.3,33.3,-17.39,-1331.9457,-180.14166,0.78,-14.58,-19.82,2,,"상승구조, 과열아님",45700,37740,29780,53660
KOSPI,포스코DX,022100,24650,103.91,37476.6,41.8,-8.42,-439.204,-55.4722,0.32,-8.02,-11.17,2,,"상승구조, 과열아님",24650,23190,21730,26110
KOSPI,OCI홀딩스,010060,105700,102.57,19887.4,42.0,-7.86,-1728.0868,-505.30339,0.49,-11.62,-8.25,2,,"상승구조, 과열아님",105700,100120,94540,111280
KOSPI,STX엔진,077970,29900,99.36,12004.3,23.4,-12.25,-274.1107,11.07714,0.66,-6.85,-10.48,2,,"MACD상승, 과열아님",29900,26750,23590,33050
KOSDAQ,코미코,183300,88600,96.51,9268.2,27.3,-17.78,-3206.1972,-180.66365,0.85,-18.27,-18.72,2,,"상승구조, 과열아님",88600,72680,56760,104520
KOSPI,포스코인터내셔널,047050,51600,93.29,90776.2,32.0,-5.67,-466.3291,-45.6461,0.25,-4.97,-2.27,2,,"상승구조, 과열아님",51600,50140,48680,53060
KOSDAQ,제이앤티씨,204270,19850,89.38,11482.9,31.3,-21.99,-936.8775,-82.92509,1.06,-21.07,-27.82,2,,"상승구조, 과열아님",19850,15020,10190,24680
KOSPI,HD현대인프라코어,042670,13680,88.19,25834.8,25.8,-8.42,-117.1617,19.12821,0.34,-2.43,-1.94,2,,"MACD상승, 과열아님",13680,12870,12060,14490
KOSPI,한국가스공사,036460,40400,87.71,37294.5,39.8,-3.87,-285.8752,-51.9111,0.76,-5.72,-1.82,2,,"상승구조, 과열아님",40400,40030,39670,40770
KOSPI,대원전선,006340,3340,86.99,2550.2,42.1,-9.31,-88.5977,-16.47607,0.2,-15.55,-20.95,2,,"상승구조, 과열아님",3340,3110,2870,3570
KOSPI,KCC,002380,406500,84.97,36123.5,39.9,-4.17,-2782.3964,-596.46573,0.76,-5.47,0.25,2,,"상승구조, 과열아님",406500,401550,396600,411450
KOSDAQ,다날,064260,6580,81.24,4914.5,21.8,-14.78,-90.9372,13.70003,0.43,-6.67,-13.31,2,,"MACD상승, 과열아님",6580,5670,4760,7490
KOSPI,팬오션,028670,3620,80.78,19351.4,33.6,-4.14,-9.7355,-5.71769,1.26,-4.74,-0.69,2,,"거래량증가, 과열아님",3620,3580,3530,3660
KOSDAQ,와이지엔터테인먼트,122870,61100,79.95,11420.2,2.5,-21.85,-1544.4005,336.94659,0.38,-3.48,-27.09,2,,"MACD상승, 과열아님",61100,46370,31630,75830
KOSDAQ,솔브레인,357780,244000,77.28,18979.7,28.4,-10.63,-3711.4167,-1015.22385,0.74,-11.27,-9.96,2,,"상승구조, 과열아님",244000,223170,202330,264830
KOSDAQ,LS마린솔루션,060370,25100,76.03,13112.0,35.4,-7.71,-451.5235,-49.65878,0.36,-8.06,-9.55,2,,"상승구조, 과열아님",25100,23820,22540,26380
KOSDAQ,두산테스나,131970,43750,75.66,8455.7,32.0,-8.74,-839.8636,-26.59226,0.62,-6.91,-7.8,2,,"상승구조, 과열아님",43750,41000,38240,46500
KOSPI,LG화학우,051915,191300,73.74,14708.7,41.3,-2.89,-2322.8477,-531.57675,0.44,-4.83,2.41,2,,"상승구조, 과열아님",191300,191520,191750,191080
KOSDAQ,이엔에프테크놀로지,102710,45750,73.62,6536.7,41.7,-5.75,-330.1159,-13.56888,0.91,-1.61,-4.79,2,,"상승구조, 과열아님",45750,44410,43080,47090
KOSDAQ,주성엔지니어링,036930,28100,72.75,13282.4,35.1,-7.5,-270.7639,-71.15578,0.73,-7.72,-7.57,2,,"상승구조, 과열아님",28100,26730,25370,29470
KOSDAQ,루닛,328130,36250,70.19,10605.6,43.0,-12.31,-836.3063,-146.25279,0.38,-23.36,-14.5,2,,"상승구조, 과열아님",36250,32400,28550,40100
KOSPI,넷마블,251270,52300,69.5,44953.7,43.5,-4.34,17.7349,-104.02519,0.65,-6.61,-3.68,2,,"MACD>sig, 과열아님",52300,51570,50840,53030
KOSPI,경동나비엔,009450,55800,69.28,8129.3,22.2,-17.16,-1242.8733,-144.62677,1.54,-10.0,-17.82,2,,"거래량증가, 과열아님",55800,46270,36730,65330
KOSDAQ,한중엔시에스,107640,44600,68.43,4043.0,44.0,-10.37,-1134.125,-330.88391,0.48,-15.69,-6.79,2,,"상승구조, 과열아님",44600,40930,37270,48270
KOSDAQ,아난티,025980,6730,67.4,6373.3,23.1,-13.35,-60.5248,27.16744,0.43,-2.75,-10.15,2,,"MACD상승, 과열아님",6730,5930,5120,7530
KOSDAQ,에프에스티,036810,30400,67.31,6674.7,34.8,-12.81,-682.526,-147.1876,0.59,-17.39,-10.06,2,,"상승구조, 과열아님",30400,26980,23560,33820
KOSDAQ,나이벡,138610,37150,66.76,4221.0,44.9,-5.66,-551.6565,-95.06299,0.7,-1.46,-9.83,2,,"상승구조, 과열아님",37150,36100,35050,38200
KOSDAQ,셀바스헬스케어,208370,4925,62.27,1267.7,80.7,24.72,153.6597,-3.79299,1.19,20.27,32.57,2,,"상승구조, MACD>sig",3990,4150,4300,3830
KOSDAQ,티씨케이,064760,156400,61.11,18259.7,43.0,-4.98,-1766.4644,-31.64797,0.52,-4.28,-1.26,2,,"상승구조, 과열아님",156400,153140,149880,159660
KOSPI,대신증권,003540,27150,60.23,13785.0,42.7,-5.26,-199.7073,-92.85309,0.65,-9.95,-2.34,2,,"상승구조, 과열아님",27150,26500,25850,27800
KOSPI,이수스페셜티케미컬,457190,51400,59.6,15527.1,43.0,-6.75,-709.1565,-19.11244,0.34,-4.1,-2.65,2,,"상승구조, 과열아님",51400,49330,47270,53470
KOSDAQ,젬백스,082270,38450,59.34,16299.1,43.6,-12.29,-645.1066,102.00928,0.33,-5.18,-16.86,2,,"MACD상승, 과열아님",38450,34380,30300,42520
KOSDAQ,현대힘스,460930,18190,58.33,6459.4,22.7,-13.59,-197.1067,0.75709,0.36,-7.52,-12.97,2,,"MACD상승, 과열아님",18190,15960,13730,20420
KOSDAQ,씨젠,096530,24500,58.11,12795.4,44.0,-4.72,-81.7204,-83.15948,1.13,-3.92,-6.67,2,,"상승구조, 과열아님",24500,24060,23610,24940
KOSDAQ,RFHIC,218410,28150,57.43,7460.7,26.2,-11.54,-720.2117,-112.21239,0.45,-13.91,-17.33,2,,"상승구조, 과열아님",28150,25430,22710,30870
KOSDAQ,피엔티,137400,39800,56.65,9449.7,38.6,-8.36,-517.5831,-134.61096,0.47,-5.13,-5.46,2,,"상승구조, 과열아님",39800,37470,35140,42130
KOSDAQ,쏠리드,050890,7180,56.31,4362.3,30.6,-7.55,-143.4015,-7.64707,0.26,-7.95,-16.12,2,,"상승구조, 과열아님",7180,6830,6470,7530
KOSPI,씨에스윈드,112610,40700,55.08,17163.8,39.0,-7.29,-394.9935,-96.68606,0.53,-7.92,-6.44,2,,"상승구조, 과열아님",40700,38820,36930,42580
KOSPI,금강공업,014280,5470,54.75,1604.3,41.1,-1.88,-3.8021,-6.03179,0.56,3.6,3.01,2,,"상승구조, 과열아님",5470,5530,5590,5410
KOSPI,BGF리테일,282330,111300,54.0,19237.0,67.6,4.58,778.2176,-10.58238,0.91,0.27,8.59,2,,"MACD>sig, 과열아님",107490,111750,116010,103240
KOSPI,한온시스템,018880,3575,53.82,24265.8,43.5,-8.69,-78.5501,-17.59887,0.38,-12.59,-14.51,2,,"상승구조, 과열아님",3580,3350,3130,3800
KOSDAQ,대주전자재료,078600,73100,51.76,11316.3,42.6,-4.35,-680.1765,-5.64636,0.39,-3.94,-2.27,2,,"상승구조, 과열아님",73100,72070,71040,74130
KOSDAQ,셀비온,308430,18930,51.59,2429.0,71.1,8.88,408.2775,-47.53378,0.62,2.88,8.11,2,,"MACD>sig, 과열아님",17560,18260,18950,16860
KOSPI,우진,105840,14040,51.14,2835.8,43.1,-6.29,-118.2951,-5.32439,0.25,4.78,-1.47,2,,"상승구조, 과열아님",14040,13550,13050,14530
KOSPI,한화시스템,272210,50200,583.2,94837.5,13.2,-8.76,-557.3562,-72.42333,0.62,-6.69,-7.89,1,,과열아님,50200,47030,43860,53370
KOSPI,DB손해보험,005830,120300,298.61,85172.4,41.3,-8.98,-1353.9696,-611.13526,1.09,-15.93,-6.24,1,,과열아님,120300,112400,104500,128200
KOSPI,카카오페이,377300,49900,252.19,67434.7,37.1,-4.09,-70.9035,-105.84001,0.95,-6.73,-1.77,1,,과열아님,49900,49330,48760,50470
KOSPI,크래프톤,259960,257500,183.76,122039.2,41.2,-5.24,-25.1257,-218.94256,0.66,-5.33,-2.09,1,,과열아님,257500,251430,245350,263570
KOSPI,현대글로비스,086280,161700,167.22,121275.0,43.2,-3.47,-427.4152,-86.94032,0.49,-4.6,0.06,1,,과열아님,161700,160920,160130,162480
KOSPI,대한항공,003490,21300,143.14,78431.0,30.6,-3.34,-40.585,-16.68764,0.51,-4.48,-3.18,1,,과열아님,21300,21230,21150,21370
KOSPI,카카오뱅크,323410,21350,123.16,101837.5,36.2,-4.69,-64.3904,-4.60128,0.6,-4.9,-4.69,1,,과열아님,21350,20970,20590,21730
KOSPI,SK오션플랜트,100090,19120,117.39,11945.8,35.5,-8.71,-87.7136,-5.46115,0.4,-3.68,-6.73,1,,과열아님,19120,17920,16730,20320
KOSPI,현대제철,004020,30300,111.34,40434.1,29.4,-6.15,-106.9733,-47.73203,0.77,-6.19,-2.73,1,,과열아님,30300,29280,28270,31320
KOSDAQ,에스엔시스,0008Z0,31350,95.45,2958.4,9.3,-17.44,-500.9875,-54.56036,1.18,-10.17,-13.16,1,,과열아님,31350,25870,20380,36830
KOSPI,한진칼,180640,96400,76.14,64358.8,26.2,-6.09,-821.6114,-6.09576,0.72,-5.49,-3.89,1,,과열아님,96400,93230,90060,99570
KOSDAQ,미코,059090,13250,67.67,4427.7,40.4,-9.86,-164.1408,-28.91367,0.63,-12.37,-6.09,1,,과열아님,13250,12240,11230,14260
KOSPI,DL이앤씨,375500,39450,63.5,15264.6,33.0,-4.8,-178.8131,-36.26354,0.63,-4.94,-1.13,1,,과열아님,39450,38710,37960,40190
KOSDAQ,태광,023160,22650,57.51,6002.2,30.8,-12.85,-390.5716,-31.4187,0.6,-8.85,-12.04,1,,과열아님,22650,20090,17530,25210
KOSDAQ,SAMG엔터,419530,41250,56.77,4015.5,27.8,-18.42,-754.1304,-151.30719,0.63,-4.84,-22.17,1,,과열아님,41250,33450,25660,49050
KOSPI,한화투자증권,003530,4830,55.29,10362.7,36.4,-7.89,-31.1556,-9.73664,0.53,-9.72,-4.73,1,,과열아님,4830,4570,4320,5090
KOSDAQ,신성델타테크,065350,50900,53.63,13989.3,38.7,-8.42,-382.1539,-162.19033,0.76,-6.43,-7.79,1,,과열아님,50900,47890,44870,53910
KOSPI,SK이터닉스,475150,17570,50.11,5930.6,25.0,-11.69,-213.3648,-1.21393,0.39,-7.53,-12.15,1,,과열아님,17570,15840,14110,19300
