종목코드,업종
005930,기타
000660,기타
373220,기타
207940,기타
005935,기타
005380,기타
034020,기타
105560,기타
000270,기타
329180,기타
012450,기타
068270,기타
028260,기타
402340,기타
035420,기타
055550,기타
015760,기타
042660,기타
012330,기타
032830,기타
009540,기타
267260,기타
035720,기타
051910,기타
086790,기타
010130,기타
005490,기타
006400,기타
196170,기타
000810,기타
010140,기타
316140,기타
064350,기타
009150,기타
138040,기타
011200,기타
096770,기타
034730,기타
298040,기타
003670,기타
033780,기타
024110,기타
267250,기타
066570,기타
247540,기타
010120,기타
000150,기타
018260,기타
086280,기타
030200,기타
003550,기타
086520,기타
0126Z0,기타
006800,기타
352820,기타
259960,기타
017670,기타
042700,기타
298380,기술성장기업부
326030,기타
323410,기타
047810,기타
007660,기타
003230,기타
047050,기타
278470,기타
000100,기타
071050,기타
010950,기타
272210,기타
010620,기타
005830,기타
443060,기타
277810,기술성장기업부
000720,기타
079550,기타
003490,기타
161390,기타
307950,기타
039490,기타
005940,기타
005387,기타
016360,기타
090430,기타
180640,기타
141080,기술성장기업부
011070,기타
950160,외국기업(소속부없음)
087010,기술성장기업부
034220,기타
032640,기타
377300,기타
064400,기타
028300,기타
021240,기타
029780,기타
000880,기타
006260,기타
241560,기타
088980,기타
001040,기타
128940,기타
078930,기타
454910,기타
028050,기타
000250,기타
058470,기타
138930,기타
005385,기타
066970,기타
009830,기타
175330,기타
036570,기타
062040,기타
310210,기술성장기업부
251270,기타
001440,기타
302440,기타
004020,기타
450080,기타
214450,기타
051900,기타
011790,기타
347850,기술성장기업부
108490,기술성장기업부
271560,기타
022100,기타
111770,기타
214370,벤처기업부
036460,기타
035250,기타
052690,기타
002380,기타
0009K0,기술성장기업부
214150,기타
082740,기타
017800,기타
039030,기타
031210,기타
097950,기타
011170,기타
011780,기타
240810,기타
004990,기타
012750,기타
012510,기타
103140,기타
000990,기타
071970,기타
042670,기타
439260,기타
383220,기타
204320,기타
026960,기타
145020,기타
068760,기타
001450,기타
088350,기타
081660,기타
000240,기타
009420,기타
004370,기타
014680,기타
030000,기타
103590,기타
140410,기타
018880,기타
257720,기타
009970,기타
403870,기타
008930,기타
263750,기타
051600,기타
237690,기타
035900,기타
226950,기술성장기업부
041510,기타
361610,기타
353200,기타
139130,기타
001720,기타
004170,기타
095340,기타
004800,기타
028670,기타
336260,기타
139480,기타
462870,기타
000120,기타
002790,기타
018670,기타
003690,기타
030530,기타
039200,벤처기업부
000155,기타
069960,기타
069620,기타
222800,기타
005850,기타
357780,기타
020150,기타
023530,기타
489790,기타
097230,기타
282330,기타
005290,기타
006040,기타
010060,기타
192820,기타
007070,기타
112610,기타
098460,기타
083650,기타
160190,기타
008770,기타
011210,기타
073240,기타
084370,기타
089030,기타
006360,기타
475830,기술성장기업부
065350,기타
064760,기타
032350,기타
290650,기타
020560,기타
067310,기타
023590,기타
267270,기타
395400,기타
005070,기타
085620,기타
007340,기타
034230,기타
375500,기타
483650,기타
047040,기타
006280,기타
140860,기타
445680,기술성장기업부
007310,기타
060370,기타
457190,기타
161890,기타
348370,기타
051915,기타
293490,기타
458870,기술성장기업부
058610,기타
195940,기타
017960,기타
323280,기타
007390,기타
003540,기타
178320,벤처기업부
003570,기타
437730,기술성장기업부
003090,기타
077970,기타
036930,기타
00680K,기타
082270,벤처기업부
035760,기타
300720,기타
096530,기타
294870,기타
000080,기타
456160,기술성장기업부
005440,기타
000670,기타
001800,기타
071320,기타
000500,기타
440110,기술성장기업부
001120,기타
484870,기타
232140,기타
285130,기타
120110,기타
005300,기타
004000,기타
358570,기술성장기업부
185750,기타
330590,기타
415640,기타
085660,기타
000815,기타
192080,기타
253450,기타
089860,기타
122870,기타
376900,기술성장기업부
078600,기타
328130,기술성장기업부
137310,기타
006120,기타
280360,기타
229640,기타
100090,기타
115180,벤처기업부
204270,기타
319400,기타
009240,기타
030610,기타
012630,기타
181710,기타
468530,기술성장기업부
389470,기술성장기업부
192400,기타
365550,기타
082640,기타
317450,기타
466100,기술성장기업부
101490,기타
213420,기타
001740,기타
003530,기타
003380,기타
005690,기타
075580,기타
001430,기타
397030,기술성장기업부
030190,기타
287840,기술성장기업부
298020,기타
137400,기타
064960,기타
388720,벤처기업부
031980,기타
161580,기타
499790,기타
004490,기타
112040,기타
486990,기술성장기업부
066575,기타
006650,기타
036530,기타
086900,기타
007810,기타
319660,기타
450140,기타
079160,기타
100840,기타
281740,기타
183300,기타
003240,기타
195870,기타
298050,기타
166090,기타
114090,기타
036830,기타
056190,기타
249420,기타
093370,기타
108320,기타
225570,기타
009450,기타
131970,기타
086450,기타
000210,기타
042000,기술성장기업부
417200,기타
067160,기타
211050,기타
475960,기술성장기업부
950210,기타
424870,기술성장기업부
381970,기타
218410,기타
082920,기타
281820,기타
248070,기타
014820,기타
007700,기타
000640,기타
002030,기타
376300,기타
019170,기타
003850,기타
388210,벤처기업부
005250,기타
476060,기술성장기업부
095610,기타
348210,기타
039130,기타
174900,관리종목(소속부없음)
069260,기타
002350,기타
071055,기타
003470,기타
033500,기타
078160,벤처기업부
451800,기타
214320,기타
008730,기타
001680,기타
032190,기타
006730,기타
052400,기타
00088K,기타
002840,기타
335890,벤처기업부
014620,기타
003620,기타
025980,기타
084110,기타
389650,기술성장기업부
090360,기타
241710,기타
125490,벤처기업부
005180,기타
293940,기타
036540,기타
121600,기타
268280,기타
041190,벤처기업부
094170,기타
00104K,기타
018290,기타
053800,기타
220100,기술성장기업부
251970,기타
228760,기술성장기업부
009520,기타
025540,기타
079900,기타
475150,기타
336570,기술성장기업부
032820,벤처기업부
080220,기타
102940,기타
131290,기타
057050,기타
460930,기타
356860,기타
090710,기타
102710,기타
089970,기타
372320,기술성장기업부
002020,기타
001570,기타
003160,기타
023160,기타
005880,기타
060250,기타
005420,기타
383800,기타
090460,기타
001270,기타
000370,기타
322000,기타
032500,기타
006380,기타
127120,벤처기업부
025320,기타
036810,기타
001060,기타
348950,기타
036620,기타
002960,기타
003030,기타
399720,기타
030520,기타
000650,기타
017940,기타
015750,기타
016590,기타
010780,기타
119850,기타
222080,기타
377740,기타
101730,벤처기업부
278280,기타
033100,기타
284740,기타
383310,기타
095660,기타
336370,기타
000400,기타
074600,기타
145720,기타
044490,기타
271940,기타
309710,기술성장기업부
016380,기타
003545,기타
009410,기타
048410,기타
456040,기타
494120,기술성장기업부
060280,기타
005810,기타
093320,기타
171090,기타
145990,기타
099440,기타
093050,기타
016800,기타
099320,기타
215600,기타
105630,기타
161000,기타
450950,벤처기업부
425420,기타
170900,기타
365340,기술성장기업부
004690,기타
047920,기술성장기업부
002240,기타
003300,기타
179900,벤처기업부
272290,기타
100790,기타
001500,기타
453340,기타
064260,기타
034310,기타
089010,기타
214430,기타
069080,기타
017810,기타
192650,기타
199800,기술성장기업부
126340,벤처기업부
052020,투자주의환기종목(소속부없음)
041960,벤처기업부
090435,기타
200670,기타
189300,기타
094800,기타
178920,기타
060980,기타
050890,기타
005389,기타
025900,기타
009900,기타
097520,기타
029530,기타
394800,기술성장기업부
484590,기타
000070,기타
058970,기술성장기업부
053030,기타
067630,투자주의환기종목(소속부없음)
124500,기타
083450,기타
058650,기타
0120G0,기타
455900,기술성장기업부
314930,기술성장기업부
056080,기타
107640,기술성장기업부
403850,기타
059090,기타
006220,기타
005610,기타
004700,기타
099190,기타
016610,기타
079370,기타
138610,기술성장기업부
215200,기타
206650,기술성장기업부
014830,기타
183190,기타
101930,기타
034950,기타
253590,기타
344820,기타
357120,기타
026890,기타
420770,벤처기업부
072710,기타
089590,기타
092200,기타
448730,기타
079940,기타
352480,기타
000157,기타
091810,기타
039440,기타
252990,기술성장기업부
460860,기타
089890,기타
091700,기타
033240,기타
002710,기타
094360,벤처기업부
144510,기타
317330,기타
304360,벤처기업부
122640,벤처기업부
033790,기타
041830,기타
037270,기타
001530,기타
340570,기타
078130,기타
033640,기타
114190,기타
200710,기타
003280,기타
304100,기술성장기업부
200130,기타
098070,기타
104830,기타
031430,기타
338840,기술성장기업부
448900,기술성장기업부
078340,기타
475400,기술성장기업부
215000,기타
003000,기타
403550,기타
168360,기타
101360,벤처기업부
027410,기타
084010,기타
046890,기타
031330,기타
014940,기타
448280,기타
475560,기타
095500,기타
194480,벤처기업부
001390,기타
256840,벤처기업부
045100,기타
042520,벤처기업부
013030,기타
105840,기타
015360,기타
053610,기타
432320,기타
094480,기타
130660,기타
064550,벤처기업부
035890,관리종목(소속부없음)
101160,기타
005945,기타
065660,기술성장기업부
001940,기타
376270,기술성장기업부
008060,기타
419530,기술성장기업부
104700,기타
117730,벤처기업부
338220,기술성장기업부
200880,기타
018250,기타
034120,기타
114810,기타
003520,기타
015860,기타
020000,기타
067080,기타
006110,기타
348340,기술성장기업부
357550,기술성장기업부
024720,기타
005090,기타
126560,기타
084690,기타
272450,기타
009155,기타
380550,기술성장기업부
194370,기타
017860,기타
099430,기타
441270,기타
003960,기타
389260,기타
108860,벤처기업부
003800,기타
416180,벤처기업부
005720,기타
306200,기타
243070,기타
001820,기타
001200,기타
469610,기타
065680,기타
308430,기술성장기업부
034830,기타
011930,기타
038500,기타
204620,기타
230360,기타
017390,기타
377190,기타
029460,기타
025860,기타
009160,기타
092230,기타
417310,기타
064820,기타
900140,기타
010690,기타
033270,기타
009680,기타
051500,기타
054950,기타
136480,기타
051980,기타
488900,기술성장기업부
009290,기타
126720,기타
206640,기타
093520,기타
138490,기타
488280,기술성장기업부
001510,기타
012030,기타
445090,벤처기업부
002310,기타
088260,기타
084990,기술성장기업부
010170,기타
092730,기타
086390,기타
123890,기타
003120,기타
300080,기술성장기업부
241590,기타
018310,기타
002320,기타
035810,기타
078350,기타
265520,기타
286940,기타
025770,기타
003920,기타
459510,기술성장기업부
043150,기타
298830,벤처기업부
000320,기타
294570,기타
002810,기타
035600,기타
058820,기타
334890,기타
007690,기타
156100,벤처기업부
011760,기타
476040,기술성장기업부
036030,기타
005710,기타
005500,기타
003200,기타
0008Z0,벤처기업부
033530,기타
347700,기술성장기업부
006405,기타
061090,기타
092460,기타
378340,벤처기업부
036890,기타
002900,기타
049630,기타
115450,기타
0030R0,기타
004360,기타
065710,기타
089980,기타
151860,기타
036200,기타
045390,기타
003220,기타
472850,기타
006340,기타
108670,기타
267980,기타
060720,벤처기업부
382900,벤처기업부
462860,기타
402030,기술성장기업부
035150,기타
236200,기타
110990,기타
481070,기타
023410,기타
108380,기타
295310,기술성장기업부
007160,기타
049070,기타
096760,기타
000680,기타
018000,기타
078020,기타
013890,기타
006910,벤처기업부
394280,기술성장기업부
194700,기타
372170,기술성장기업부
122900,기타
900290,외국기업(소속부없음)
452450,벤처기업부
182400,관리종목(소속부없음)
176750,기술성장기업부
114840,기타
001340,기타
001460,기타
061970,기타
023760,기타
092790,기타
452430,기술성장기업부
199430,기술성장기업부
226320,기타
008490,기타
001790,기타
053300,기타
077360,기타
121800,관리종목(소속부없음)
025000,기타
484120,기타
001130,기타
088800,기타
043370,기타
053210,기타
200470,기타
084850,기타
013120,기타
000430,기타
377460,관리종목(소속부없음)
003720,기타
027360,벤처기업부
036800,기타
051370,기타
150840,관리종목(소속부없음)
334970,기술성장기업부
000490,기타
299030,벤처기업부
128820,기타
078520,기타
037710,기타
007570,기타
034810,기타
024850,기타
051905,기타
039840,기타
371950,기술성장기업부
393890,기술성장기업부
001750,기타
051360,기타
950140,외국기업(소속부없음)
241770,기타
418550,기술성장기업부
001630,기타
323990,기술성장기업부
237880,기타
001230,기타
005950,기타
270660,벤처기업부
004980,기타
067390,기타
487570,기타
007860,기타
033920,기타
318060,기술성장기업부
389020,기술성장기업부
041020,벤처기업부
217270,기타
474650,기술성장기업부
011500,기타
054210,기타
003610,기타
235980,기술성장기업부
126700,기타
368770,벤처기업부
000540,기타
377450,기타
210980,기타
000480,기타
234030,기타
000140,기타
0015G0,기술성장기업부
439090,기타
007460,기타
208340,관리종목(소속부없음)
035510,기타
123410,기타
042420,기타
036560,기타
086890,기타
058430,기타
255220,기타
121440,기타
356680,벤처기업부
010580,기타
115310,벤처기업부
461300,기타
017890,기타
095700,기술성장기업부
473980,기술성장기업부
293780,기술성장기업부
190510,기타
102260,기타
482630,기타
005010,기타
271980,기타
003350,기타
037460,벤처기업부
117580,기타
339770,기타
484810,기타
102460,기타
136490,기타
000520,기타
332570,벤처기업부
004430,기타
042370,기타
039570,기타
254490,기타
044450,기타
02826K,기타
144960,기타
028100,기타
290690,기타
083310,기타
285490,벤처기업부
092130,기타
123860,벤처기업부
068930,기타
243840,기타
006060,기타
234080,기타
057880,관리종목(소속부없음)
016580,기타
048870,벤처기업부
118990,기타
083930,기타
216080,기타
389500,기술성장기업부
030210,기타
047560,기타
002150,기타
082800,기타
012210,일반기업부
404990,기타
005680,기타
179290,기타
016880,기타
001045,기타
272550,기타
330860,기타
214180,기타
126600,기타
0015N0,벤처기업부
214420,기타
003555,기타
043260,기타
001520,기타
025950,기타
199820,기타
353810,기타
452260,기타
004380,기타
112290,기술성장기업부
457550,기타
308080,기술성장기업부
293480,기타
322310,벤처기업부
134380,기타
234340,기타
381620,기타
456010,기술성장기업부
095570,기타
053350,기타
092870,기타
003547,기타
140610,일반기업부
000050,기타
080580,벤처기업부
251370,벤처기업부
032620,기타
213500,기타
950170,외국기업(소속부없음)
298690,기타
256940,벤처기업부
086820,기술성장기업부
053690,기타
101530,기타
001250,기타
009470,기타
005430,기타
241520,기타
100120,기타
400760,기타
038390,기타
060150,기타
432720,기술성장기업부
102120,벤처기업부
260970,기타
054450,기타
079960,기타
067280,기타
001780,기타
182360,기타
080160,벤처기업부
244920,기타
464080,기술성장기업부
004710,기타
033160,기타
003650,기타
272110,기타
333430,기타
119610,기타
143160,기타
054540,기타
011785,기타
489460,벤처기업부
036190,기타
010820,기타
084680,기타
010955,기타
013580,기타
078070,기타
360070,기타
267320,벤처기업부
107600,벤처기업부
100250,기타
109740,벤처기업부
016790,관리종목(소속부없음)
073010,기타
003070,기타
011040,기타
260870,일반기업부
019210,기타
037560,기타
108230,기타
040300,기타
014280,기타
036420,기타
097955,기타
321550,기술성장기업부
024060,기타
148150,기타
036220,기타
071840,기타
310200,기타
038290,기타
094820,기타
046440,기타
078150,기타
405100,기타
340450,기술성장기업부
101970,기타
023910,기타
044990,기술성장기업부
002100,기타
282880,기타
001080,기타
015230,기타
004090,기타
081000,기타
263860,벤처기업부
039830,기타
456070,기술성장기업부
073490,기타
011000,기타
064290,벤처기업부
042600,기타
307750,기타
259630,기타
240550,벤처기업부
217820,기타
000020,기타
091580,기타
016450,기타
264850,기타
136150,벤처기업부
122450,기타
462520,기타
000970,기타
049950,기타
461030,기술성장기업부
025820,기타
090350,기타
009270,기타
160980,기타
336680,기타
146320,벤처기업부
439580,기술성장기업부
007330,기타
230240,기타
069510,기타
297090,기타
229500,일반기업부
460850,기타
002170,기타
234690,기타
066620,기타
096250,기술성장기업부
425040,기술성장기업부
000300,기타
365330,기타
170920,벤처기업부
006620,기타
083420,기타
004560,기타
035080,기타
413630,벤처기업부
033340,기타
314130,기술성장기업부
002390,기타
294140,기타
011560,기타
019680,기타
417970,기타
004310,기타
018470,기타
009580,기타
084650,기타
463020,기술성장기업부
460940,기술성장기업부
211270,기타
458650,벤처기업부
000860,기타
215100,벤처기업부
452280,기타
317400,기타
263720,벤처기업부
123690,기타
000390,기타
092070,기타
003460,기타
009070,기타
008040,기타
066410,관리종목(소속부없음)
098120,기타
046070,관리종목(소속부없음)
305090,기술성장기업부
011690,기타
070960,기타
052330,기타
003830,기타
036710,기타
005160,기타
008970,기타
008110,기타
067000,기타
158430,벤처기업부
143240,기타
122990,기타
123330,벤처기업부
000700,기타
107590,기타
047310,기타
297890,기타
388050,벤처기업부
049720,기타
095720,기타
00279K,기타
104480,기타
002990,기타
327260,벤처기업부
006805,기타
214680,벤처기업부
089600,기타
382150,기술성장기업부
015890,기타
086980,기타
205470,기타
035000,기타
445180,기타
023600,기타
217730,기술성장기업부
008830,기타
069460,기타
053080,기타
032300,기타
264660,기타
443670,기타
037070,기타
094280,기타
282720,기타
053580,기타
187660,기타
489500,벤처기업부
014950,벤처기업부
068790,관리종목(소속부없음)
192440,기타
109610,기타
004970,기타
136540,기타
021080,기타
350520,기타
063570,기타
298000,기타
078000,기타
013990,기타
005990,기타
031440,기타
041440,기타
104460,기타
014710,기타
099750,벤처기업부
322180,벤처기업부
214390,기타
138080,벤처기업부
039980,기타
024090,기타
290550,기타
377480,기술성장기업부
052710,기타
210540,기타
052420,기타
205100,벤처기업부
004250,기타
091120,기타
071280,기타
251120,기술성장기업부
264450,기타
363280,기타
000230,기타
092040,기술성장기업부
010100,기타
016710,기타
071200,관리종목(소속부없음)
059210,기타
096240,기타
226590,기술성장기업부
067990,기타
017510,기타
007540,기타
003480,기타
149950,기타
475230,벤처기업부
220260,기타
092220,기타
009780,기타
019180,기타
030960,기타
123040,기타
126730,벤처기업부
080420,기타
131370,벤처기업부
027970,기타
418420,기술성장기업부
045970,기타
077500,기타
083500,기타
095190,기타
072870,기타
005800,기타
101170,벤처기업부
033180,기타
191420,벤처기업부
078140,기타
337930,기타
362320,기타
462350,기술성장기업부
005960,기타
139990,기타
008350,기타
019440,기타
365270,기술성장기업부
049470,기타
219130,기타
089470,기타
408920,벤처기업부
248170,기타
044820,기타
014580,기타
474170,기술성장기업부
002620,기타
003100,기타
020120,기타
052260,기타
269620,관리종목(소속부없음)
278650,기타
063170,기타
049960,벤처기업부
029480,기타
027710,기타
424960,기술성장기업부
054050,기타
298540,기타
475580,벤처기업부
032940,기타
402490,기술성장기업부
038110,기타
205500,기타
226400,기술성장기업부
068240,벤처기업부
004150,기타
004080,기타
079430,기타
058630,기타
007110,기타
106190,기타
041920,기타
093640,투자주의환기종목(소속부없음)
004960,기타
054800,기타
086960,기타
002460,기타
354320,기술성장기업부
004140,기타
048530,기술성장기업부
309960,벤처기업부
267290,기타
001360,기타
142210,기타
950130,외국기업(소속부없음)
255440,벤처기업부
274090,기술성장기업부
443250,벤처기업부
101670,기타
012610,기타
361390,벤처기업부
002200,기타
366030,기타
086670,기타
246720,벤처기업부
060570,기타
331740,기술성장기업부
382840,기타
039560,기타
021320,기타
388870,기술성장기업부
011280,기타
267850,기타
085670,기타
120030,기타
006660,기타
060590,기타
163280,기술성장기업부
136410,벤처기업부
000105,기타
115500,기타
303810,기타
140670,벤처기업부
058850,기타
005860,기타
187790,벤처기업부
105550,기타
015590,기타
012320,기타
147830,벤처기업부
039340,기타
311690,기술성장기업부
296160,일반기업부
459550,기타
017370,기타
214330,기타
131030,기타
090850,기타
048550,기타
021820,기타
007210,기타
011330,기타
083790,벤처기업부
025620,기타
018120,기타
006840,기타
001540,기타
453450,벤처기업부
049430,기타
418470,기타
013360,기타
207760,기타
039860,기타
068290,기타
079810,기타
451760,기술성장기업부
013570,기타
253840,벤처기업부
019010,기타
175140,투자주의환기종목(소속부없음)
317830,벤처기업부
014530,기타
063160,기타
246710,기술성장기업부
033290,기타
411080,기술성장기업부
119830,기타
013310,기타
223250,기타
101140,기타
100130,기타
299900,기타
023900,기타
201490,기타
003060,기타
036630,기타
047820,기타
041590,관리종목(소속부없음)
034590,기타
002220,기타
290670,기타
063080,기타
217950,일반기업부
214260,기술성장기업부
014160,기타
452190,벤처기업부
317870,기술성장기업부
093190,기타
092190,기타
950190,외국기업(소속부없음)
086710,기타
227840,기타
019550,벤처기업부
125020,기타
017550,기타
264900,기타
012800,기타
396470,기타
463480,기타
046120,기타
203400,기술성장기업부
206560,기술성장기업부
03473K,기타
010660,기타
067900,기타
293580,벤처기업부
204610,벤처기업부
016740,기타
134580,기타
001020,기타
347890,벤처기업부
480370,기타
014970,기타
005870,기타
013520,기타
003580,기타
056090,벤처기업부
014790,기타
419050,기타
370090,기술성장기업부
047770,기타
024880,기타
026150,기타
011810,기타
208370,벤처기업부
124560,기타
054920,기타
002450,기타
100700,기타
33626K,기타
163730,벤처기업부
043610,기타
348150,기술성장기업부
417500,기타
073560,기타
225530,기타
396690,기타
277880,기타
093920,기타
041930,기타
067830,기타
066700,벤처기업부
042510,벤처기업부
017900,기타
322510,기술성장기업부
950220,외국기업(소속부없음)
023450,기타
391710,벤처기업부
232680,기술성장기업부
051160,기타
085310,기타
009300,기타
044340,기타
125210,기타
048910,기타
000180,기타
064800,기타
005740,기타
067570,기타
065450,벤처기업부
408900,기타
011700,기타
085910,기타
289930,기술성장기업부
040420,기타
002780,기타
049520,기타
105740,기타
032560,기타
380540,벤처기업부
102370,기술성장기업부
289220,기술성장기업부
012700,기타
187870,기타
110790,기타
023800,기타
352090,기타
119650,기타
012860,기타
166480,벤처기업부
302550,기술성장기업부
081180,기술성장기업부
014440,기타
082850,벤처기업부
000440,기타
357230,기타
234300,기타
064850,벤처기업부
035610,벤처기업부
001260,기타
066590,기타
104040,벤처기업부
023000,기타
170030,기타
446840,기술성장기업부
355150,벤처기업부
299660,기술성장기업부
168330,벤처기업부
451250,벤처기업부
330730,기타
054670,기타
228670,벤처기업부
066790,관리종목(소속부없음)
038540,기타
459100,기타
011150,기타
004840,기타
058860,기타
065510,기타
061250,기타
004650,기타
008260,기타
053280,기타
001560,기타
039020,기타
141000,벤처기업부
008700,기타
004890,기타
006890,기타
036010,기타
002700,기타
417010,벤처기업부
059270,기술성장기업부
478560,벤처기업부
004100,기타
204840,기술성장기업부
072020,벤처기업부
149980,관리종목(소속부없음)
079980,기타
307930,기타
011370,기타
058400,기타
347860,벤처기업부
096775,기타
003780,기타
037350,기타
900250,외국기업(소속부없음)
011320,기타
163560,기타
317770,벤처기업부
007980,기타
120240,기타
053700,기타
126880,기타
041520,기타
306620,벤처기업부
173130,기타
130580,기타
033230,기타
002720,기타
002600,기타
000590,기타
027050,기타
105330,기타
060560,기타
063440,기타
036580,기타
001275,기타
382800,기타
183490,기술성장기업부
045660,벤처기업부
251630,벤처기업부
348080,투자주의환기종목(소속부없음)
111710,기타
389140,벤처기업부
432470,벤처기업부
006490,기타
0010V0,벤처기업부
084730,기타
299170,기타
452400,벤처기업부
036640,기타
060310,벤처기업부
172670,벤처기업부
378800,기술성장기업부
260930,기타
307180,벤처기업부
265740,기타
123420,기타
048430,기타
131400,벤처기업부
289080,기타
273640,벤처기업부
006090,기타
088390,기타
042500,기타
453860,벤처기업부
010960,기타
417790,벤처기업부
104620,기타
025550,기타
208140,기타
339950,기타
330350,기타
142280,기타
348350,기타
090470,기타
007280,기타
059120,벤처기업부
212710,기술성장기업부
014470,기타
180400,관리종목(소속부없음)
216050,기타
042940,기타
078935,기타
228850,기타
232530,일반기업부
209640,기타
250060,기술성장기업부
246960,기술성장기업부
024800,기타
448710,벤처기업부
027830,벤처기업부
241690,기타
111380,기타
041910,기타
024830,기타
372910,기타
263800,기타
054780,기타
001380,기타
010040,기타
005750,기타
091440,투자주의환기종목(소속부없음)
393210,기술성장기업부
318160,벤처기업부
094850,벤처기업부
065500,기타
020710,기타
214270,기타
007590,기타
078890,기타
376930,기술성장기업부
338100,기타
009200,기타
195990,투자주의환기종목(소속부없음)
203650,기타
089850,기타
054040,기타
315640,기술성장기업부
033320,벤처기업부
011390,기타
054620,기타
382480,벤처기업부
159580,기타
222110,기술성장기업부
187420,기술성장기업부
413390,기타
222810,관리종목(소속부없음)
006140,기타
072770,기타
007820,벤처기업부
175250,관리종목(소속부없음)
288330,관리종목(소속부없음)
475430,기타
096350,벤처기업부
225190,기타
039610,기타
032850,벤처기업부
311320,기술성장기업부
412540,관리종목(소속부없음)
012690,기타
140070,기타
074430,기타
460870,벤처기업부
084670,기타
476080,기타
002800,기타
307870,벤처기업부
347000,기술성장기업부
009770,기타
002795,기타
234100,기타
009180,기타
006880,기타
001470,기타
002230,기타
222160,관리종목(소속부없음)
016250,기타
288620,벤처기업부
262260,기타
039010,기타
217330,기술성장기업부
261780,기술성장기업부
054300,벤처기업부
000850,기타
002630,기타
004720,기타
016090,기타
004830,기타
033310,기타
067290,기타
479960,기타
446540,기타
317690,기술성장기업부
115440,기타
389030,기술성장기업부
357580,기술성장기업부
068330,기타
365590,기술성장기업부
036090,기타
019990,기타
062970,기타
203690,관리종목(소속부없음)
055490,기타
171120,기타
032540,기타
153710,기술성장기업부
388790,벤처기업부
111110,기타
046210,벤처기업부
270520,벤처기업부
003560,기타
053260,기타
053450,기타
129260,기타
067370,기술성장기업부
013870,기타
265560,기타
053050,기타
039240,기타
036670,기타
377030,기술성장기업부
040910,투자주의환기종목(소속부없음)
311390,벤처기업부
004590,기타
064090,기타
137950,기타
024900,기타
162300,기타
388610,기술성장기업부
043650,기타
413640,벤처기업부
049480,기타
215360,기타
340930,벤처기업부
036120,기타
099220,기타
001290,기타
104540,기술성장기업부
012790,기타
071090,기타
373160,기술성장기업부
192250,벤처기업부
101330,기타
043710,기타
052220,기타
351330,벤처기업부
038460,기타
017480,기타
024740,기타
364950,벤처기업부
417840,벤처기업부
038680,기타
000220,기타
004540,기타
303360,기술성장기업부
347740,벤처기업부
127980,기타
036000,기타
435570,벤처기업부
145170,기타
109860,기타
234920,벤처기업부
369370,벤처기업부
097800,기타
261200,기타
302430,벤처기업부
451220,기술성장기업부
080010,기타
199550,벤처기업부
066980,기타
043910,벤처기업부
078860,투자주의환기종목(소속부없음)
081150,기타
403490,벤처기업부
013700,기타
052790,기타
053980,기타
321820,기술성장기업부
064240,기타
004060,기타
222040,기타
031820,기타
180060,일반기업부
041460,기타
088130,기타
432430,기술성장기업부
212560,기타
155650,기타
221800,기술성장기업부
007370,기타
128660,기타
073640,관리종목(소속부없음)
023440,기타
396300,기타
120115,기타
010470,기타
039420,기타
094840,벤처기업부
290720,투자주의환기종목(소속부없음)
066310,벤처기업부
950200,외국기업(소속부없음)
014990,기타
456570,일반기업부
333620,벤처기업부
065530,기타
200230,기타
054930,기타
241790,기타
092440,기타
017650,기타
332370,기타
000910,기타
003925,기타
007720,기타
900300,외국기업(소속부없음)
384470,기술성장기업부
100030,벤처기업부
226360,투자주의환기종목(소속부없음)
100220,기타
095270,벤처기업부
114450,기타
226330,기술성장기업부
263600,기타
357250,기타
004450,기타
072470,기타
033170,기타
003010,기타
133820,기타
099410,벤처기업부
241840,기타
361570,기타
290740,벤처기업부
320000,기타
407400,벤처기업부
061040,기타
094940,벤처기업부
000950,기타
037030,기타
419120,기타
010280,기타
142760,기술성장기업부
189980,기타
277070,기타
006370,기타
198440,기타
042110,기타
186230,벤처기업부
217500,벤처기업부
037950,기타
352700,기타
088340,벤처기업부
28513K,기타
092300,기타
263690,기타
355390,기술성장기업부
37550L,기타
317850,벤처기업부
004910,기타
037440,기타
072130,기타
378850,기타
040610,기타
010240,기타
018500,기타
122310,기타
015710,기타
023810,기타
050960,벤처기업부
393970,벤처기업부
196300,관리종목(소속부없음)
218150,벤처기업부
138360,기타
033830,기타
075180,기타
005670,기타
200350,기술성장기업부
111870,관리종목(소속부없음)
002140,기타
219750,기타
155660,기타
038070,기타
007530,기타
170790,기타
184230,벤처기업부
051630,기타
049550,기타
457370,기타
340360,기타
038880,투자주의환기종목(소속부없음)
314140,기타
058730,기타
002760,기타
000725,기타
331380,투자주의환기종목(소속부없음)
177900,기술성장기업부
037330,기타
263700,기타
097780,기타
084180,기타
080530,기타
199480,기술성장기업부
090410,기타
008370,기타
000890,기타
256630,벤처기업부
452200,기술성장기업부
440290,기타
047400,기타
066670,기타
052670,관리종목(소속부없음)
495900,일반기업부
004440,기타
227950,기타
067920,기타
294630,기술성장기업부
462510,기술성장기업부
004920,기타
045340,벤처기업부
466410,벤처기업부
073570,관리종목(소속부없음)
052900,기타
206400,기타
024840,기타
017180,기타
053270,기타
109960,투자주의환기종목(소속부없음)
025560,기타
004410,기타
010770,기타
046940,벤처기업부
260660,기타
123700,기타
011300,기타
309930,기타
452160,기타
003080,기타
037230,기타
159010,벤처기업부
001000,기타
041650,기타
160550,기타
001550,기타
237820,기타
032960,기타
099520,관리종목(소속부없음)
481850,기타
219420,기술성장기업부
051490,기타
215090,기타
019540,기타
450330,기술성장기업부
017040,기타
129890,벤처기업부
245620,관리종목(소속부없음)
117670,관리종목(소속부없음)
066130,기타
024940,벤처기업부
007680,기타
004780,기타
359090,벤처기업부
171010,벤처기업부
024950,기타
189690,벤처기업부
173940,기타
465480,벤처기업부
322780,기타
025530,기타
064480,벤처기업부
038010,기타
071670,기타
046970,벤처기업부
455180,벤처기업부
037760,기타
082210,투자주의환기종목(소속부없음)
009190,기타
430690,벤처기업부
246690,기타
019175,기타
033130,기타
004770,기타
053950,기타
057680,벤처기업부
005305,기타
290090,벤처기업부
148250,벤처기업부
250000,기타
417860,투자주의환기종목(소속부없음)
002920,기타
373200,벤처기업부
011230,기타
065130,기타
103840,기타
069730,기타
001620,기타
396270,투자주의환기종목(소속부없음)
053620,기타
217480,관리종목(소속부없음)
224110,벤처기업부
012160,기타
223310,기타
009835,기타
003310,기타
105760,벤처기업부
023350,기타
087260,벤처기업부
419080,기술성장기업부
044960,기타
007610,기타
036180,투자주의환기종목(소속부없음)
376290,벤처기업부
001465,기타
024910,기타
046310,기타
464280,기타
471820,벤처기업부
45014K,기타
352910,기술성장기업부
351870,기타
014190,기타
335810,기술성장기업부
088910,기타
036170,기타
008870,기타
011420,기타
474610,벤처기업부
002410,기타
049830,기타
357880,기술성장기업부
021880,기타
185490,벤처기업부
089150,기타
150900,벤처기업부
006980,기타
068050,기타
002880,기타
469750,벤처기업부
006125,기타
336060,벤처기업부
294090,관리종목(소속부없음)
118000,기타
056360,벤처기업부
129920,벤처기업부
069410,벤처기업부
318020,벤처기업부
178780,기타
008250,기타
032860,기타
238120,기술성장기업부
450520,벤처기업부
078590,벤처기업부
026040,기타
096610,투자주의환기종목(소속부없음)
090080,기타
109820,기술성장기업부
060900,기타
025750,기타
444530,기술성장기업부
096690,기타
060850,벤처기업부
050110,기타
093240,기타
097870,기타
363260,벤처기업부
321260,벤처기업부
100590,기타
263810,기타
046390,기타
057030,기타
434480,기술성장기업부
067170,기타
039290,기타
475660,기술성장기업부
056700,기타
332290,벤처기업부
356890,벤처기업부
004870,기타
002290,벤처기업부
424980,기술성장기업부
239890,기술성장기업부
021050,기타
027740,기타
003475,기타
065950,기타
010600,기타
342870,기타
006740,기타
475460,기타
242040,기술성장기업부
122350,기타
298060,관리종목(소속부없음)
420570,벤처기업부
037370,벤처기업부
273060,기타
220180,벤처기업부
198080,기타
462310,기타
357430,기타
087600,벤처기업부
033560,기타
37550K,기타
126640,기타
091590,기타
179530,기술성장기업부
003465,기타
096630,기타
040160,기타
000760,기타
301300,기술성장기업부
032790,벤처기업부
082660,관리종목(소속부없음)
271830,벤처기업부
073110,벤처기업부
038870,기타
270870,기타
317530,기술성장기업부
049080,벤처기업부
056730,벤처기업부
323350,기술성장기업부
128540,기타
066430,기타
094970,벤처기업부
387570,기술성장기업부
383930,기타
286750,기술성장기업부
014570,기타
100660,기타
465770,기타
277410,벤처기업부
009730,벤처기업부
376180,벤처기업부
256150,벤처기업부
012280,기타
009320,기타
020760,기타
263770,기타
145270,기타
025880,기타
238090,벤처기업부
052600,기타
072990,기타
023960,기타
254120,기술성장기업부
040350,투자주의환기종목(소속부없음)
321370,기술성장기업부
109080,벤처기업부
140520,기타
036690,관리종목(소속부없음)
033200,투자주의환기종목(소속부없음)
101240,기타
027580,기타
200780,기타
109070,기타
153460,기타
066900,기타
418250,관리종목(소속부없음)
227420,일반기업부
460470,기술성장기업부
092780,기타
089790,벤처기업부
002360,기타
239610,벤처기업부
300120,벤처기업부
051390,기타
122690,기타
263050,기술성장기업부
114630,기타
208860,기타
337840,일반기업부
134790,기타
195500,기타
057540,기타
190650,기타
019770,기타
217190,벤처기업부
122830,일반기업부
000215,기타
353590,기타
069920,기타
189330,기술성장기업부
016600,벤처기업부
203450,벤처기업부
053160,기타
006050,기타
049120,벤처기업부
148780,기술성장기업부
204020,기타
340440,벤처기업부
069540,기타
072950,벤처기업부
123570,기타
038620,벤처기업부
318410,기타
000040,기타
083550,기타
221980,기타
071950,기타
360350,기술성장기업부
307280,벤처기업부
131100,기타
291230,기타
050860,기타
066910,기타
263020,벤처기업부
042040,기타
049180,투자주의환기종목(소속부없음)
013720,기타
239340,기타
308170,기타
052860,벤처기업부
033540,기타
023790,기타
065440,벤처기업부
008420,기타
900340,외국기업(소속부없음)
464580,기술성장기업부
354200,기술성장기업부
052300,기타
002870,기타
133750,기타
075970,기타
290660,기술성장기업부
431190,기술성장기업부
050120,기타
221840,투자주의환기종목(소속부없음)
017000,기타
086040,벤처기업부
464500,기술성장기업부
900260,외국기업(소속부없음)
065370,벤처기업부
208640,기타
020180,기타
016100,기타
019490,기타
188040,벤처기업부
099390,벤처기업부
406820,벤처기업부
026940,기타
397810,벤처기업부
009810,기타
222420,벤처기업부
012200,기타
258610,기타
079000,기타
075130,벤처기업부
200580,일반기업부
064520,기타
011090,기타
440320,기술성장기업부
043100,벤처기업부
262840,벤처기업부
045060,기타
236810,기술성장기업부
043340,기타
024120,기타
351320,기타
318000,벤처기업부
343090,일반기업부
452980,SPAC(소속부없음)
115160,기타
225220,벤처기업부
104200,기타
177830,기타
303530,벤처기업부
031310,기타
001210,기타
014130,기타
003535,기타
238490,벤처기업부
010640,기타
005030,기타
452300,기타
290120,기타
900270,외국기업(소속부없음)
005360,기타
021650,기타
130500,기타
022220,기타
297570,벤처기업부
019660,기타
080520,벤처기업부
023150,기타
376980,기술성장기업부
049800,기타
074610,기타
071850,투자주의환기종목(소속부없음)
052460,기타
276040,기술성장기업부
222980,벤처기업부
006570,기타
090370,기타
083660,기타
210120,기타
250030,일반기업부
446440,일반기업부
115480,기타
131220,벤처기업부
900310,외국기업(소속부없음)
138070,기타
367000,벤처기업부
032580,기타
263920,벤처기업부
119500,기타
340810,기술성장기업부
169330,기타
214610,투자주의환기종목(소속부없음)
018680,벤처기업부
438700,기술성장기업부
377220,기술성장기업부
446070,기타
196490,투자주의환기종목(소속부없음)
33637K,기타
274400,기술성장기업부
123010,기술성장기업부
016670,기타
137080,벤처기업부
215380,벤처기업부
001840,투자주의환기종목(소속부없음)
284620,투자주의환기종목(소속부없음)
131760,벤처기업부
290270,벤처기업부
048770,벤처기업부
398120,벤처기업부
068940,관리종목(소속부없음)
153490,기타
257990,일반기업부
013810,기타
066360,기타
308100,기타
109670,기타
012620,기타
002420,기타
025440,기타
462980,기술성장기업부
192410,투자주의환기종목(소속부없음)
043200,벤처기업부
086060,기타
079170,기타
232830,벤처기업부
001070,기타
33626L,기타
089140,벤처기업부
196450,기타
088290,기타
279600,기타
003680,기타
005820,기타
123840,관리종목(소속부없음)
035200,벤처기업부
145210,기타
059100,벤처기업부
258790,벤처기업부
013000,기타
060540,기타
004365,기타
162120,일반기업부
008470,벤처기업부
081580,기타
045300,기타
373170,벤처기업부
333050,벤처기업부
143540,벤처기업부
270210,일반기업부
252500,기타
127710,기타
033250,기타
228340,기타
088280,기술성장기업부
001140,기타
001810,기타
018700,기타
002690,기타
005320,기타
007815,기타
291810,기술성장기업부
354390,일반기업부
348030,기타
457600,벤처기업부
148930,기타
306040,기타
495810,일반기업부
304840,투자주의환기종목(소속부없음)
058110,기술성장기업부
038950,기타
131090,벤처기업부
038060,기타
009140,기타
032750,기타
417180,기타
377330,기술성장기업부
187270,벤처기업부
051380,기타
011080,기타
291650,기술성장기업부
004270,기타
006200,기타
288980,기술성장기업부
35320K,기타
233990,일반기업부
085810,기타
140430,벤처기업부
010400,기타
189860,투자주의환기종목(소속부없음)
432980,기술성장기업부
070300,벤처기업부
009620,기타
034940,기타
009460,기타
002820,기타
900110,외국기업(소속부없음)
434190,일반기업부
143210,기타
031510,기타
006920,기타
069140,기타
053290,투자주의환기종목(소속부없음)
372800,벤처기업부
355690,기술성장기업부
187220,기타
090150,기타
363250,기술성장기업부
070590,기타
024890,기타
246250,관리종목(소속부없음)
451700,SPAC(소속부없음)
032680,기타
024070,기타
208710,기타
047080,기타
285800,벤처기업부
243870,일반기업부
147760,벤처기업부
405920,기타
103230,기타
016920,기타
419540,벤처기업부
080470,기타
069640,기타
067010,벤처기업부
226340,벤처기업부
060380,기타
159910,기타
045510,기타
227610,기타
331520,기타
002070,기타
328380,벤처기업부
335870,기타
317120,기술성장기업부
068100,기술성장기업부
312610,벤처기업부
139670,기타
038530,기타
023770,기타
007770,기타
267790,벤처기업부
146060,기타
079650,기타
008775,기타
296640,벤처기업부
030720,기타
002025,기타
035620,기타
362990,벤처기업부
044380,기타
310870,벤처기업부
115610,벤처기업부
065650,관리종목(소속부없음)
276730,기술성장기업부
240600,기타
113810,기타
048470,기타
290560,벤처기업부
021040,기타
237750,벤처기업부
318010,기타
076080,기타
373110,기술성장기업부
035460,벤처기업부
290520,투자주의환기종목(소속부없음)
036480,기타
093380,기타
197140,벤처기업부
091340,기타
0096B0,SPAC(소속부없음)
003495,기타
415380,기타
043220,관리종목(소속부없음)
106080,기타
353190,기타
032080,기타
131180,벤처기업부
258830,관리종목(소속부없음)
015020,기타
137940,기타
403360,일반기업부
368600,기술성장기업부
217620,관리종목(소속부없음)
198940,기타
464680,SPAC(소속부없음)
095910,기타
033050,벤처기업부
303030,벤처기업부
084870,기타
005110,기타
478780,SPAC(소속부없음)
037400,기타
044780,벤처기업부
317240,벤처기업부
193250,기타
067730,기타
347770,기타
238200,벤처기업부
115570,기타
405000,관리종목(소속부없음)
257370,벤처기업부
002210,기타
900100,외국기업(소속부없음)
076340,일반기업부
044480,기타
051780,기타
001420,기타
039310,기타
110020,기술성장기업부
289010,기타
177350,벤처기업부
154030,벤처기업부
418620,기술성장기업부
102950,일반기업부
208350,벤처기업부
192390,기타
088790,기타
219550,관리종목(소속부없음)
496320,일반기업부
352940,벤처기업부
311060,일반기업부
018620,기타
076610,벤처기업부
014910,기타
229000,기술성장기업부
002355,기타
089230,기타
094860,기타
139050,관리종목(소속부없음)
012340,벤처기업부
176590,일반기업부
032800,기타
060230,기타
0054V0,SPAC(소속부없음)
039740,벤처기업부
225590,기타
019685,기타
007120,기타
207490,일반기업부
204630,관리종목(소속부없음)
115530,기타
106240,기타
091970,기타
025870,기타
098660,기타
050760,기타
199730,벤처기업부
045520,기타
002680,기타
00499K,기타
424760,벤처기업부
215790,벤처기업부
063760,벤처기업부
065150,관리종목(소속부없음)
101000,기타
053060,기타
001685,기타
032280,기타
196700,벤처기업부
900070,외국기업(소속부없음)
073540,벤처기업부
054220,벤처기업부
054940,기타
331920,기술성장기업부
448760,SPAC(소속부없음)
008600,기타
008500,기타
001770,기타
121890,기타
005257,기타
247660,기술성장기업부
217880,일반기업부
206950,일반기업부
317860,일반기업부
080720,관리종목(소속부없음)
083640,벤처기업부
230980,관리종목(소속부없음)
054410,기타
429270,기술성장기업부
222670,일반기업부
017250,기타
015260,기타
101400,기타
014100,기타
327610,일반기업부
322970,일반기업부
365900,벤처기업부
054090,기타
154040,기타
361670,기술성장기업부
130740,기타
344860,기술성장기업부
233250,일반기업부
134060,벤처기업부
073190,기타
009310,기타
019570,기타
191600,일반기업부
028080,기타
403810,일반기업부
012170,기타
067770,기타
389680,기술성장기업부
351020,일반기업부
466910,SPAC(소속부없음)
008290,기타
368970,벤처기업부
412350,기술성장기업부
025890,기타
179720,일반기업부
215480,기타
043360,벤처기업부
020400,기타
18064K,기타
065690,투자주의환기종목(소속부없음)
079190,벤처기업부
032980,관리종목(소속부없음)
191410,기타
065060,기타
101680,기타
169670,일반기업부
048830,기타
084440,기술성장기업부
275630,벤처기업부
108675,기타
050090,투자주의환기종목(소속부없음)
083470,벤처기업부
044180,기타
060480,기타
009440,기타
000087,기타
121850,벤처기업부
250930,벤처기업부
123750,기타
900120,외국기업(소속부없음)
005725,기타
035290,기타
065420,기타
060260,벤처기업부
477380,SPAC(소속부없음)
336040,일반기업부
096870,벤처기업부
241820,관리종목(소속부없음)
482680,SPAC(소속부없음)
390110,일반기업부
052960,일반기업부
069330,벤처기업부
026910,기타
149010,일반기업부
043590,기타
086220,일반기업부
476710,일반기업부
001795,기타
341170,일반기업부
254160,일반기업부
065170,투자주의환기종목(소속부없음)
204210,기타
106520,투자주의환기종목(소속부없음)
0072Z0,SPAC(소속부없음)
065770,벤처기업부
225430,벤처기업부
152550,기타
379390,일반기업부
216400,일반기업부
457630,SPAC(소속부없음)
0044K0,SPAC(소속부없음)
448830,SPAC(소속부없음)
477340,SPAC(소속부없음)
469880,SPAC(소속부없음)
302920,일반기업부
368030,일반기업부
278990,일반기업부
188260,기술성장기업부
313760,투자주의환기종목(소속부없음)
227100,관리종목(소속부없음)
208850,일반기업부
0096D0,SPAC(소속부없음)
052770,관리종목(소속부없음)
473050,SPAC(소속부없음)
479880,SPAC(소속부없음)
478440,SPAC(소속부없음)
145995,기타
092600,관리종목(소속부없음)
33637L,기타
224060,투자주의환기종목(소속부없음)
140910,기타
489480,SPAC(소속부없음)
238170,일반기업부
352770,관리종목(소속부없음)
481890,SPAC(소속부없음)
112190,일반기업부
030350,관리종목(소속부없음)
471050,SPAC(소속부없음)
004255,기타
331660,일반기업부
027040,관리종목(소속부없음)
084695,기타
489730,SPAC(소속부없음)
478390,SPAC(소속부없음)
482520,SPAC(소속부없음)
0093G0,SPAC(소속부없음)
0037T0,SPAC(소속부없음)
001067,기타
054180,관리종목(소속부없음)
38380K,기타
456190,일반기업부
054630,관리종목(소속부없음)
0091W0,SPAC(소속부없음)
492220,SPAC(소속부없음)
289170,일반기업부
065570,관리종목(소속부없음)
477760,SPAC(소속부없음)
058450,투자주의환기종목(소속부없음)
482690,SPAC(소속부없음)
0041L0,SPAC(소속부없음)
244880,일반기업부
031860,투자주의환기종목(소속부없음)
0071M0,SPAC(소속부없음)
004105,기타
469900,SPAC(소속부없음)
003075,기타
487360,SPAC(소속부없음)
253610,일반기업부
477470,SPAC(소속부없음)
174880,관리종목(소속부없음)
496070,SPAC(소속부없음)
474660,SPAC(소속부없음)
060240,관리종목(소속부없음)
00806K,기타
224760,일반기업부
454640,SPAC(소속부없음)
079950,기타
474490,SPAC(소속부없음)
446150,SPAC(소속부없음)
444920,SPAC(소속부없음)
000225,기타
486630,SPAC(소속부없음)
489210,SPAC(소속부없음)
452670,SPAC(소속부없음)
0004Y0,SPAC(소속부없음)
493790,SPAC(소속부없음)
455310,SPAC(소속부없음)
450050,SPAC(소속부없음)
455910,SPAC(소속부없음)
0041B0,SPAC(소속부없음)
472220,SPAC(소속부없음)
03481K,기타
004835,기타
478110,SPAC(소속부없음)
251280,일반기업부
001065,기타
178600,일반기업부
001755,기타
258050,일반기업부
498390,SPAC(소속부없음)
199150,일반기업부
488060,SPAC(소속부없음)
006345,기타
224810,일반기업부
450940,SPAC(소속부없음)
484130,SPAC(소속부없음)
199290,일반기업부
467930,SPAC(소속부없음)
469480,SPAC(소속부없음)
464440,SPAC(소속부없음)
455250,SPAC(소속부없음)
462020,SPAC(소속부없음)
468760,SPAC(소속부없음)
244460,관리종목(소속부없음)
473950,SPAC(소속부없음)
458610,SPAC(소속부없음)
487830,SPAC(소속부없음)
465320,SPAC(소속부없음)
487720,SPAC(소속부없음)
456490,SPAC(소속부없음)
0068Y0,SPAC(소속부없음)
299480,일반기업부
185190,일반기업부
472230,SPAC(소속부없음)
001515,기타
004985,기타
473370,SPAC(소속부없음)
223220,일반기업부
447690,일반기업부
0041J0,SPAC(소속부없음)
114920,일반기업부
238500,일반기업부
456700,일반기업부
189350,일반기업부
474930,SPAC(소속부없음)
266470,일반기업부
475250,SPAC(소속부없음)
079970,관리종목(소속부없음)
202960,일반기업부
000325,기타
26490K,기타
00781K,기타
212310,일반기업부
457940,SPAC(소속부없음)
014285,기타
473000,SPAC(소속부없음)
475240,SPAC(소속부없음)
332190,일반기업부
234070,일반기업부
090355,기타
45226K,기타
318660,일반기업부
066830,일반기업부
236340,일반기업부
103660,일반기업부
000145,기타
36328K,기타
448780,일반기업부
007575,기타
267080,일반기업부
276240,일반기업부
341310,일반기업부
279060,일반기업부
000545,기타
311960,일반기업부
346010,일반기업부
101390,관리종목(소속부없음)
217910,일반기업부
005745,기타
266350,일반기업부
014825,기타
043090,투자주의환기종목(소속부없음)
215570,일반기업부
005965,기타
208890,일반기업부
116100,일반기업부
009415,기타
266870,일반기업부
002995,기타
004545,기타
093510,일반기업부
402420,일반기업부
008355,기타
140660,일반기업부
092590,일반기업부
012205,기타
121060,일반기업부
002785,기타
001525,기타
000227,기타
136660,일반기업부
296520,일반기업부
236030,일반기업부
413300,일반기업부
011155,기타
001527,기타
245450,일반기업부
004415,기타
014915,기타
149300,일반기업부
002787,기타
021045,기타
266170,일반기업부
032685,기타
288490,일반기업부
308700,일반기업부
217320,일반기업부
