code,probability,rank,score,reason
053260,0.4412937982411141,1,100.0,오늘 -8.8% · 5일 +2.3% · 거래량 0.9배
008970,0.4401959556506556,2,99.70845481049562,오늘 -4.0% · 5일 +21.7% · 거래량 10.3배
396300,0.4348668214636879,3,99.41690962099126,오늘 +12.2% · 5일 +31.6% · 거래량 5.5배
174900,0.4348138026744911,4,99.12536443148689,오늘 +19.1% · 5일 +36.3% · 거래량 4.2배
476830,0.43113010862374646,5,98.83381924198251,오늘 +22.6% · 5일 +15.2% · 거래량 3.9배
047920,0.42998239430179463,6,98.54227405247813,오늘 -3.5% · 5일 +52.2% · 거래량 1.0배
071090,0.4287628693652745,7,98.25072886297376,오늘 -11.9% · 5일 +1.0% · 거래량 2.2배
002710,0.42861294575303377,8,97.95918367346938,오늘 -6.0% · 5일 +15.9% · 거래량 4.5배
072950,0.4285750991116952,9,97.667638483965,오늘 +2.6% · 5일 +20.7% · 거래량 1.1배
425420,0.42618389848255894,10,97.37609329446065,오늘 +16.0% · 5일 +14.0% · 거래량 2.5배
012210,0.42594275634717693,11,97.08454810495627,오늘 -2.7% · 5일 -10.4% · 거래량 0.4배
187660,0.4249738685007399,12,96.7930029154519,오늘 -2.9% · 5일 +12.8% · 거래량 0.6배
468530,0.4248269417810184,13,96.50145772594753,오늘 +0.2% · 5일 +29.2% · 거래량 1.0배
475830,0.4235648336394629,14,96.20991253644316,오늘 +5.0% · 5일 -9.2% · 거래량 0.8배
200470,0.42311739979527585,15,95.91836734693877,오늘 +11.2% · 5일 +29.1% · 거래량 2.3배
290690,0.4230760098452204,16,95.6268221574344,오늘 -7.2% · 5일 -20.9% · 거래량 2.5배
000250,0.42305934655922006,17,95.33527696793003,오늘 +15.7% · 5일 +23.2% · 거래량 6.1배
306200,0.42305112297613184,18,95.04373177842565,오늘 -5.6% · 5일 +3.3% · 거래량 5.2배
490470,0.4225815744904207,19,94.75218658892129,오늘 +10.4% · 5일 +29.6% · 거래량 8.4배
089890,0.4225573656329867,20,94.46064139941691,오늘 +10.3% · 5일 +34.4% · 거래량 2.9배
440110,0.4211603479403928,21,94.16909620991254,오늘 +8.3% · 5일 +23.4% · 거래량 1.6배
039610,0.4210800682994591,22,93.87755102040816,오늘 -9.2% · 5일 +4.4% · 거래량 2.5배
192650,0.420539503664265,23,93.58600583090379,오늘 +14.8% · 5일 +6.6% · 거래량 2.8배
064290,0.42031016841445634,24,93.29446064139941,오늘 +7.8% · 5일 +3.4% · 거래량 0.7배
033160,0.420306406295433,25,93.00291545189503,오늘 +12.3% · 5일 +18.1% · 거래량 2.2배
033790,0.4199692325679955,26,92.71137026239067,오늘 +4.6% · 5일 +21.5% · 거래량 0.6배
092790,0.41995089471102415,27,92.4198250728863,오늘 -5.2% · 5일 -1.5% · 거래량 1.4배
353200,0.41992142948609207,28,92.12827988338192,오늘 +11.9% · 5일 +32.5% · 거래량 1.9배
478340,0.41989441518183207,29,91.83673469387756,오늘 +5.1% · 5일 +11.9% · 거래량 0.4배
003160,0.41965538216331083,30,91.54518950437318,오늘 +14.4% · 5일 +22.0% · 거래량 4.0배
079370,0.41864596248715624,31,91.25364431486881,오늘 +10.3% · 5일 +26.9% · 거래량 4.3배
256840,0.41833059655977106,32,90.96209912536443,오늘 +0.3% · 5일 +20.7% · 거래량 1.0배
005010,0.41796253850764403,33,90.67055393586006,오늘 -6.8% · 5일 -1.1% · 거래량 2.5배
024850,0.4178761016041021,34,90.37900874635568,오늘 +2.0% · 5일 +15.5% · 거래량 0.7배
089970,0.4176660712192075,35,90.0874635568513,오늘 +12.5% · 5일 +22.7% · 거래량 1.4배
456010,0.4169419193958872,36,89.79591836734694,오늘 +6.8% · 5일 +8.2% · 거래량 0.8배
115440,0.41682767395272124,37,89.50437317784257,오늘 +2.2% · 5일 +19.7% · 거래량 0.3배
043260,0.4166411611974394,38,89.21282798833819,오늘 +3.1% · 5일 +4.3% · 거래량 1.2배
950250,0.4161615901154751,39,88.92128279883383,오늘 -1.2% · 5일 +23.8% · 거래량 0.8배
003030,0.41527897613930614,40,88.62973760932945,오늘 -6.8% · 5일 +4.1% · 거래량 3.1배
080220,0.4150894462036464,41,88.33819241982506,오늘 +13.9% · 5일 +17.2% · 거래량 3.6배
084370,0.4149557220309742,42,88.0466472303207,오늘 +8.4% · 5일 +21.8% · 거래량 1.6배
330860,0.41489233116874297,43,87.75510204081633,오늘 +4.5% · 5일 +14.8% · 거래량 2.4배
086390,0.4147887881531363,44,87.46355685131195,오늘 +6.6% · 5일 +20.3% · 거래량 2.1배
036570,0.41462194099359595,45,87.17201166180757,오늘 +7.7% · 5일 +3.1% · 거래량 3.0배
0011A0,0.4144050195649765,46,86.88046647230321,오늘 +1.7% · 5일 -5.4% · 거래량 0.2배
039030,0.414381277502918,47,86.58892128279884,오늘 +8.5% · 5일 +17.3% · 거래량 1.1배
131290,0.41432884309094364,48,86.29737609329446,오늘 +4.5% · 5일 +7.3% · 거래량 0.6배
039440,0.4142335048804064,49,86.0058309037901,오늘 +11.6% · 5일 +24.2% · 거래량 5.9배
078930,0.41407763305486045,50,85.71428571428571,오늘 -4.2% · 5일 -6.8% · 거래량 1.0배
030530,0.4136750089105466,51,85.42274052478133,오늘 +6.0% · 5일 +6.5% · 거래량 0.4배
208370,0.41338921402408074,52,85.13119533527697,오늘 -1.6% · 5일 +16.8% · 거래량 0.9배
314130,0.413377406845556,53,84.8396501457726,오늘 +3.9% · 5일 +26.5% · 거래량 0.8배
046970,0.41335482319876266,54,84.54810495626822,오늘 +0.3% · 5일 -3.4% · 거래량 0.2배
161580,0.4133492964696764,55,84.25655976676384,오늘 +3.1% · 5일 +25.3% · 거래량 1.1배
014280,0.4132571854129978,56,83.96501457725948,오늘 -3.6% · 5일 +5.1% · 거래량 0.7배
067310,0.4132545423263514,57,83.6734693877551,오늘 +7.1% · 5일 +11.0% · 거래량 1.7배
452280,0.4130740775893266,58,83.38192419825073,오늘 +2.5% · 5일 +4.8% · 거래량 1.3배
052260,0.4129194622510609,59,83.09037900874635,오늘 -4.4% · 5일 +31.9% · 거래량 1.2배
319660,0.41284981797177756,60,82.79883381924198,오늘 +9.0% · 5일 +22.7% · 거래량 1.1배
089030,0.4126561144575073,61,82.5072886297376,오늘 +8.8% · 5일 +19.1% · 거래량 2.6배
310210,0.4126162546136604,62,82.21574344023324,오늘 +10.9% · 5일 -0.7% · 거래량 1.7배
439580,0.4122805613827359,63,81.92419825072886,오늘 +0.9% · 5일 +0.3% · 거래량 0.5배
080580,0.41190353099366805,64,81.63265306122449,오늘 +5.3% · 5일 +11.9% · 거래량 1.5배
098460,0.4118664117580896,65,81.34110787172013,오늘 +10.0% · 5일 +17.5% · 거래량 3.1배
328130,0.4118488310103202,66,81.04956268221575,오늘 +3.1% · 5일 +16.1% · 거래량 0.9배
347700,0.4116782261314831,67,80.75801749271136,오늘 +4.6% · 5일 +1.5% · 거래량 0.8배
417840,0.4116631400581975,68,80.466472303207,오늘 +1.7% · 5일 +16.4% · 거래량 0.8배
000720,0.41162575865594736,69,80.17492711370262,오늘 -0.7% · 5일 -11.0% · 거래량 0.8배
005160,0.41156513519577814,70,79.88338192419825,오늘 -0.7% · 5일 -5.1% · 거래량 0.2배
950160,0.4115559318217915,71,79.59183673469387,오늘 +5.8% · 5일 +6.1% · 거래량 1.2배
290650,0.4114144132636632,72,79.30029154518951,오늘 +8.4% · 5일 +19.1% · 거래량 2.3배
232140,0.41137483948297554,73,79.00874635568513,오늘 +9.3% · 5일 +12.2% · 거래량 1.7배
009830,0.41102935016895314,74,78.71720116618076,오늘 +3.2% · 5일 +23.7% · 거래량 1.3배
009420,0.410992117212387,75,78.4256559766764,오늘 +9.1% · 5일 +4.4% · 거래량 1.3배
003010,0.4108937062867667,76,78.134110787172,오늘 +1.9% · 5일 +1.0% · 거래량 0.3배
083450,0.4107726730680926,77,77.84256559766763,오늘 +6.8% · 5일 +11.7% · 거래량 2.9배
253590,0.41070921178020603,78,77.55102040816327,오늘 +8.7% · 5일 +9.9% · 거래량 2.6배
267320,0.4107039272842127,79,77.25947521865889,오늘 +1.6% · 5일 +28.9% · 거래량 1.6배
348340,0.410473509831437,80,76.96793002915452,오늘 +4.5% · 5일 +5.3% · 거래량 0.9배
170920,0.410391230883915,81,76.67638483965014,오늘 +6.3% · 5일 +23.4% · 거래량 1.5배
005290,0.4102461177911495,82,76.38483965014578,오늘 +10.0% · 5일 +22.8% · 거래량 4.1배
018880,0.4101903679864128,83,76.0932944606414,오늘 +3.3% · 5일 +9.3% · 거래량 5.7배
323280,0.41017081635874947,84,75.80174927113703,오늘 +6.7% · 5일 +30.8% · 거래량 1.6배
382800,0.41013610890441227,85,75.51020408163265,오늘 +3.5% · 5일 +19.0% · 거래량 2.8배
042370,0.4101155356613816,86,75.21865889212827,오늘 +3.6% · 5일 +0.0% · 거래량 0.5배
020120,0.41010766205485655,87,74.9271137026239,오늘 -0.8% · 5일 +12.3% · 거래량 0.6배
031980,0.4100769602194215,88,74.63556851311954,오늘 +8.6% · 5일 +22.6% · 거래량 1.2배
006110,0.4100407544190162,89,74.34402332361516,오늘 -1.2% · 5일 +9.1% · 거래량 0.8배
183300,0.40992542543732585,90,74.05247813411079,오늘 +4.1% · 5일 +14.9% · 거래량 0.8배
001250,0.40976957263439384,91,73.76093294460642,오늘 -2.6% · 5일 +10.9% · 거래량 2.8배
079550,0.40963633638317465,92,73.46938775510205,오늘 +6.0% · 5일 +2.1% · 거래량 1.1배
028670,0.40937737212888303,93,73.17784256559767,오늘 +2.1% · 5일 +1.6% · 거래량 1.1배
024060,0.4093663706625763,94,72.8862973760933,오늘 +1.0% · 5일 -2.7% · 거래량 0.3배
195870,0.4090467226695409,95,72.59475218658892,오늘 +6.1% · 5일 +9.8% · 거래량 1.0배
010950,0.40902388041763654,96,72.30320699708454,오늘 -6.6% · 5일 -1.2% · 거래량 1.0배
006360,0.4086260947745822,97,72.01166180758017,오늘 -2.9% · 5일 -11.7% · 거래량 0.9배
488280,0.4085843113984002,98,71.7201166180758,오늘 +2.7% · 5일 -5.8% · 거래량 0.6배
272210,0.40856384074352503,99,71.42857142857143,오늘 +4.7% · 5일 +1.4% · 거래량 1.4배
096770,0.4084839423629661,100,71.13702623906705,오늘 -5.4% · 5일 -0.1% · 거래량 1.1배
126730,0.4083986175405885,101,70.8454810495627,오늘 +4.5% · 5일 +5.0% · 거래량 0.5배
0126Z0,0.408273332992718,102,70.55393586005832,오늘 +6.5% · 5일 +11.4% · 거래량 2.8배
126340,0.40824305023440727,103,70.26239067055393,오늘 +3.0% · 5일 +14.6% · 거래량 0.9배
028300,0.4081840112700458,104,69.97084548104957,오늘 -2.8% · 5일 +29.1% · 거래량 1.1배
181710,0.4081681346958056,105,69.67930029154519,오늘 +2.2% · 5일 -1.2% · 거래량 0.8배
420770,0.4081548232556765,106,69.38775510204081,오늘 +5.7% · 5일 +13.0% · 거래량 0.7배
257720,0.4081063088240609,107,69.09620991253644,오늘 +0.1% · 5일 -4.0% · 거래량 0.8배
000500,0.40804615028455293,108,68.80466472303208,오늘 +1.7% · 5일 -0.8% · 거래량 0.2배
356680,0.40804218031980893,109,68.5131195335277,오늘 +2.3% · 5일 +9.3% · 거래량 0.3배
087010,0.4080117354547839,110,68.22157434402332,오늘 +7.0% · 5일 -2.0% · 거래량 1.2배
007660,0.4079570241430964,111,67.93002915451895,오늘 +6.4% · 5일 +8.2% · 거래량 1.4배
119850,0.40795315883607114,112,67.63848396501457,오늘 -2.8% · 5일 +0.4% · 거래량 0.7배
095340,0.4079137052158434,113,67.3469387755102,오늘 +5.2% · 5일 +8.0% · 거래량 1.1배
452190,0.4077919962367955,114,67.05539358600583,오늘 +0.2% · 5일 +31.8% · 거래량 0.7배
011790,0.40773597040338433,115,66.76384839650146,오늘 +5.4% · 5일 +17.3% · 거래량 3.2배
042700,0.4077336502265695,116,66.47230320699708,오늘 +3.9% · 5일 +11.4% · 거래량 1.0배
102120,0.40770371999206756,117,66.1807580174927,오늘 +7.3% · 5일 +14.2% · 거래량 3.8배
098120,0.40768824015864874,118,65.88921282798835,오늘 +3.0% · 5일 +1.1% · 거래량 1.0배
446540,0.4076738104132856,119,65.59766763848397,오늘 +0.2% · 5일 +18.7% · 거래량 0.7배
052690,0.407627319434929,120,65.3061224489796,오늘 +0.8% · 5일 -8.8% · 거래량 0.4배
281820,0.4076065529639878,121,65.01457725947522,오늘 +3.6% · 5일 +13.8% · 거래량 1.0배
104830,0.40759344206987413,122,64.72303206997084,오늘 +4.1% · 5일 +20.7% · 거래량 2.6배
033640,0.4075695986958758,123,64.43148688046647,오늘 +7.7% · 5일 +14.9% · 거래량 2.1배
100840,0.4074901984465385,124,64.1399416909621,오늘 -2.4% · 5일 -5.5% · 거래량 0.5배
397030,0.4074094288105855,125,63.84839650145773,오늘 +5.9% · 5일 +20.0% · 거래량 2.0배
001820,0.40730245568462486,126,63.55685131195335,오늘 +5.4% · 5일 +7.7% · 거래량 1.2배
166090,0.40699163783911546,127,63.26530612244898,오늘 +5.9% · 5일 +11.1% · 거래량 1.1배
011070,0.40699067749833845,128,62.973760932944614,오늘 +2.5% · 5일 +7.0% · 거래량 0.9배
024840,0.40687202538564826,129,62.68221574344023,오늘 +1.4% · 5일 -1.6% · 거래량 0.4배
078150,0.4068683959584379,130,62.390670553935855,오늘 +6.2% · 5일 +14.3% · 거래량 1.5배
128940,0.40677501757959267,131,62.09912536443149,오늘 +0.3% · 5일 -0.8% · 거래량 0.8배
025560,0.4067578243669473,132,61.80758017492711,오늘 +1.0% · 5일 +29.5% · 거래량 1.5배
001210,0.40665433683840535,133,61.51603498542274,오늘 +1.8% · 5일 -7.1% · 거래량 0.2배
294570,0.4066121222390595,134,61.224489795918366,오늘 +2.3% · 5일 +1.7% · 거래량 0.3배
322000,0.40639830445614633,135,60.932944606414,오늘 +2.0% · 5일 +11.6% · 거래량 0.7배
003570,0.4063879022433852,136,60.64139941690962,오늘 -2.6% · 5일 +10.6% · 거래량 1.0배
077360,0.4063548520495037,137,60.34985422740525,오늘 +4.6% · 5일 +9.0% · 거래량 1.2배
267270,0.4063451959966421,138,60.05830903790087,오늘 -3.5% · 5일 -13.9% · 거래량 1.9배
011930,0.40629340240314515,139,59.7667638483965,오늘 +5.7% · 5일 +14.2% · 거래량 2.6배
445680,0.4062594881103321,140,59.475218658892125,오늘 +2.4% · 5일 +24.3% · 거래량 1.1배
100790,0.4061970403048435,141,59.183673469387756,오늘 +6.5% · 5일 +4.7% · 거래량 1.0배
255220,0.4061508495639346,142,58.89212827988338,오늘 +4.6% · 5일 +3.3% · 거래량 1.0배
093370,0.40610167588985074,143,58.60058309037901,오늘 +3.8% · 5일 +15.2% · 거래량 2.3배
317400,0.4060004895657217,144,58.309037900874635,오늘 -1.2% · 5일 -3.3% · 거래량 0.6배
032820,0.4058240173025997,145,58.01749271137027,오늘 +1.9% · 5일 -6.3% · 거래량 0.3배
005935,0.4057827567048658,146,57.7259475218659,오늘 +2.9% · 5일 -4.9% · 거래량 0.8배
347850,0.4057333153458909,147,57.434402332361515,오늘 +8.2% · 5일 +5.3% · 거래량 1.4배
009155,0.4056896770113513,148,57.14285714285714,오늘 -0.2% · 5일 +2.1% · 거래량 0.6배
041190,0.4056499005152816,149,56.85131195335277,오늘 +3.7% · 5일 -1.2% · 거래량 0.3배
125490,0.40548797590300245,150,56.559766763848394,오늘 +5.8% · 5일 -0.7% · 거래량 0.5배
074600,0.4053565021371706,151,56.268221574344025,오늘 +6.7% · 5일 +13.4% · 거래량 1.8배
108490,0.4052829465206973,152,55.97667638483965,오늘 +2.6% · 5일 -2.1% · 거래량 0.4배
489790,0.40525155826419984,153,55.68513119533528,오늘 +2.6% · 5일 +8.8% · 거래량 1.5배
178320,0.4052029132942511,154,55.39358600583091,오늘 +4.0% · 5일 +27.0% · 거래량 1.3배
382900,0.4051514666092414,155,55.10204081632652,오늘 +3.2% · 5일 +10.2% · 거래량 0.6배
010170,0.4050931823583385,156,54.81049562682215,오늘 +2.2% · 5일 -4.2% · 거래량 0.4배
399720,0.404983639279123,157,54.518950437317784,오늘 +5.8% · 5일 +3.5% · 거래량 1.5배
009150,0.4048605527987569,158,54.22740524781341,오늘 +2.6% · 5일 +4.4% · 거래량 1.1배
039490,0.40479954975953847,159,53.93586005830904,오늘 +3.6% · 5일 -0.6% · 거래량 1.8배
171090,0.4046309319933153,160,53.64431486880466,오늘 +4.4% · 5일 +4.4% · 거래량 1.0배
263750,0.40457770809305194,161,53.352769679300295,오늘 +4.2% · 5일 -1.0% · 거래량 0.8배
437730,0.4045638182477059,162,53.06122448979592,오늘 +1.2% · 5일 -5.6% · 거래량 0.5배
050890,0.40453271495312687,163,52.76967930029155,오늘 +5.5% · 5일 +6.2% · 거래량 1.1배
078600,0.4042903366839531,164,52.47813411078717,오늘 +3.9% · 5일 +11.8% · 거래량 1.4배
091580,0.4040499086510562,165,52.1865889212828,오늘 +6.1% · 5일 +3.3% · 거래량 1.0배
204270,0.4039569012523009,166,51.89504373177842,오늘 -1.4% · 5일 -13.7% · 거래량 1.2배
138080,0.40393639554838634,167,51.60349854227405,오늘 +4.2% · 5일 +4.7% · 거래량 0.9배
006800,0.4038966078255469,168,51.31195335276968,오늘 +3.1% · 5일 -3.2% · 거래량 0.8배
112290,0.40381368705485693,169,51.02040816326531,오늘 +2.0% · 5일 +24.6% · 거래량 3.3배
402340,0.4037076600938207,170,50.72886297376093,오늘 +1.6% · 5일 +1.4% · 거래량 1.0배
044490,0.4036843894630491,171,50.437317784256564,오늘 -0.1% · 5일 -5.3% · 거래량 0.4배
229640,0.40361263243910506,172,50.14577259475219,오늘 +2.4% · 5일 +6.1% · 거래량 0.6배
298020,0.40357225896821186,173,49.85422740524781,오늘 -1.1% · 5일 -12.3% · 거래량 1.8배
281740,0.40351274989127195,174,49.56268221574344,오늘 +4.6% · 5일 +14.4% · 거래량 1.8배
005690,0.4035120973998863,175,49.27113702623907,오늘 +4.5% · 5일 -0.2% · 거래량 0.5배
217590,0.40346553222042836,176,48.97959183673469,오늘 +4.8% · 5일 -2.9% · 거래량 0.3배
000155,0.40340908460025726,177,48.68804664723032,오늘 +1.3% · 5일 -2.7% · 거래량 1.0배
454910,0.4033315198920752,178,48.39650145772595,오늘 +4.8% · 5일 +0.4% · 거래량 1.3배
484590,0.403195099599153,179,48.10495626822158,오늘 +2.4% · 5일 +13.1% · 거래량 1.4배
083650,0.4031857762006562,180,47.8134110787172,오늘 -0.7% · 5일 -6.1% · 거래량 0.8배
277810,0.4031064756939882,181,47.521865889212826,오늘 +3.8% · 5일 -1.5% · 거래량 1.0배
192820,0.4030926119722236,182,47.23032069970846,오늘 +2.6% · 5일 +2.0% · 거래량 0.8배
018290,0.40298691818477367,183,46.93877551020408,오늘 +3.1% · 5일 +10.5% · 거래량 1.2배
025980,0.4028703012428919,184,46.647230320699705,오늘 +4.0% · 5일 -8.2% · 거래량 0.4배
000150,0.40282241815364006,185,46.35568513119534,오늘 +1.0% · 5일 -6.1% · 거래량 0.8배
271560,0.40268617410382973,186,46.06413994169096,오늘 -0.8% · 5일 -4.2% · 거래량 0.5배
375500,0.4026192503691353,187,45.77259475218659,오늘 -2.1% · 5일 -10.2% · 거래량 0.8배
008930,0.40260299808426847,188,45.481049562682216,오늘 +0.0% · 5일 +4.7% · 거래량 0.4배
144960,0.4025945911541491,189,45.18950437317784,오늘 +1.8% · 5일 +8.8% · 거래량 1.6배
041830,0.4025430464449893,190,44.89795918367347,오늘 +2.3% · 5일 -2.5% · 거래량 1.0배
356860,0.40252452151988183,191,44.606413994169095,오늘 +5.3% · 5일 +8.3% · 거래량 1.1배
282330,0.4024438424102565,192,44.31486880466473,오늘 -1.8% · 5일 -5.1% · 거래량 0.8배
112610,0.40217615377916666,193,44.02332361516035,오늘 +5.1% · 5일 +7.6% · 거래량 1.7배
090710,0.40214025891481237,194,43.731778425655975,오늘 +4.6% · 5일 -1.2% · 거래량 1.0배
059090,0.40203653811115,195,43.440233236151606,오늘 +1.7% · 5일 +5.9% · 거래량 1.2배
069540,0.40201712183609034,196,43.14868804664723,오늘 +0.6% · 5일 +5.3% · 거래량 0.1배
003490,0.40195857661090734,197,42.857142857142854,오늘 -3.0% · 5일 -1.9% · 거래량 0.6배
047040,0.401954829280968,198,42.565597667638485,오늘 +0.6% · 5일 -5.7% · 거래량 0.6배
002990,0.40188341129703203,199,42.27405247813411,오늘 -0.1% · 5일 -7.2% · 거래량 0.3배
450080,0.40177593309912135,200,41.98250728862974,오늘 +5.3% · 5일 +4.2% · 거래량 1.4배
203650,0.4017110169258834,201,41.690962099125365,오늘 +1.1% · 5일 +1.5% · 거래량 0.2배
006280,0.4014938905114528,202,41.39941690962099,오늘 +4.5% · 5일 +4.2% · 거래량 1.7배
020150,0.40144155603400855,203,41.10787172011662,오늘 +1.5% · 5일 +5.9% · 거래량 0.6배
332570,0.40139718416988024,204,40.816326530612244,오늘 +0.3% · 5일 +1.6% · 거래량 0.8배
180640,0.40118651677126316,205,40.524781341107875,오늘 +0.2% · 5일 -6.4% · 거래량 0.4배
010060,0.401117354529249,206,40.2332361516035,오늘 +0.0% · 5일 +17.7% · 거래량 0.5배
004020,0.40111393405922424,207,39.94169096209912,오늘 -0.7% · 5일 -15.2% · 거래량 0.8배
140410,0.40109467502413393,208,39.650145772594755,오늘 +1.0% · 5일 -6.6% · 거래량 0.9배
122640,0.4010578613577942,209,39.35860058309038,오늘 +2.8% · 5일 +9.2% · 거래량 1.3배
034020,0.4008619009303528,210,39.067055393586,오늘 +0.5% · 5일 -5.0% · 거래량 0.8배
047050,0.40069437362216986,211,38.775510204081634,오늘 -4.6% · 5일 -2.6% · 거래량 1.2배
099320,0.40061235930966155,212,38.48396501457726,오늘 +3.5% · 5일 +0.8% · 거래량 1.3배
001440,0.4005967955368428,213,38.19241982507289,오늘 +1.8% · 5일 -4.7% · 거래량 0.7배
010130,0.40037931472894267,214,37.90087463556851,오늘 +0.0% · 5일 -4.2% · 거래량 0.7배
175330,0.40037580238529547,215,37.60932944606414,오늘 -2.2% · 5일 -7.3% · 거래량 0.8배
278470,0.4003569398498015,216,37.31778425655977,오늘 +0.3% · 5일 +1.1% · 거래량 0.7배
000880,0.40033067307019804,217,37.02623906705539,오늘 -0.6% · 5일 -5.5% · 거래량 0.3배
327260,0.40030271145773,218,36.734693877551024,오늘 +0.4% · 5일 +3.7% · 거래량 0.6배
457190,0.4002864746470927,219,36.44314868804665,오늘 +1.8% · 5일 +23.3% · 거래량 1.9배
483650,0.4001606800234147,220,36.15160349854227,오늘 -1.2% · 5일 +3.2% · 거래량 0.4배
006910,0.3999894252248311,221,35.8600583090379,오늘 +0.3% · 5일 -5.0% · 거래량 0.5배
012330,0.3998996518402513,222,35.56851311953353,오늘 -0.9% · 5일 +2.0% · 거래량 1.7배
127120,0.3998447350741381,223,35.27696793002916,오늘 +0.2% · 5일 -6.3% · 거래량 0.5배
062040,0.39981796592301005,224,34.98542274052478,오늘 +0.7% · 5일 +3.4% · 거래량 0.8배
218410,0.39971242881113833,225,34.69387755102041,오늘 +2.9% · 5일 +2.4% · 거래량 0.5배
017900,0.3996957726954571,226,34.40233236151604,오늘 +0.1% · 5일 -6.2% · 거래량 0.1배
004310,0.39967022481001635,227,34.11078717201166,오늘 +1.1% · 5일 -4.5% · 거래량 0.1배
090360,0.39963331873280494,228,33.819241982507286,오늘 +3.9% · 5일 -0.6% · 거래량 0.6배
00104K,0.39962801264605624,229,33.52769679300292,오늘 -2.2% · 5일 +0.2% · 거래량 1.1배
028050,0.3994602723333229,230,33.23615160349854,오늘 -0.9% · 5일 -7.5% · 거래량 0.6배
003230,0.39944960843121236,231,32.94460641399417,오늘 +1.1% · 5일 -2.4% · 거래량 0.5배
000370,0.39940503627150087,232,32.6530612244898,오늘 -1.1% · 5일 -6.3% · 거래량 0.4배
004170,0.3993531653297733,233,32.36151603498542,오늘 -1.3% · 5일 -7.0% · 거래량 0.6배
161390,0.3993034685074702,234,32.06997084548105,오늘 -0.8% · 5일 +1.4% · 거래량 0.8배
000990,0.39925171694762324,235,31.778425655976676,오늘 +2.7% · 5일 +8.5% · 거래량 0.7배
051600,0.3991413590287235,236,31.486880466472307,오늘 +0.5% · 5일 -5.6% · 거래량 1.1배
417200,0.39896216383882394,237,31.195335276967928,오늘 -0.1% · 5일 +3.9% · 거래량 1.1배
259960,0.3987946959394405,238,30.903790087463555,오늘 +1.6% · 5일 -1.7% · 거래량 1.0배
005440,0.3987586541984574,239,30.612244897959183,오늘 -1.7% · 5일 -5.0% · 거래량 0.9배
161890,0.39864891154513743,240,30.32069970845481,오늘 +0.3% · 5일 +0.0% · 거래량 0.8배
001120,0.3986091080367712,241,30.029154518950435,오늘 -1.8% · 5일 +2.9% · 거래량 1.3배
443060,0.3985993384772657,242,29.737609329446062,오늘 -0.2% · 5일 -2.3% · 거래량 0.5배
067290,0.39856761583645695,243,29.44606413994169,오늘 -0.2% · 5일 -7.1% · 거래량 0.1배
241560,0.3985231392722802,244,29.154518950437318,오늘 +0.4% · 5일 -5.8% · 거래량 1.4배
086280,0.39848004018365707,245,28.86297376093295,오늘 -0.1% · 5일 -2.3% · 거래량 0.8배
001040,0.39845352731097106,246,28.57142857142857,오늘 -2.4% · 5일 +1.6% · 거래량 0.6배
048410,0.39834330939170953,247,28.279883381924197,오늘 +1.7% · 5일 +4.4% · 거래량 0.9배
012450,0.3983360844975922,248,27.988338192419825,오늘 +2.2% · 5일 -2.9% · 거래량 0.7배
001450,0.3981806403235219,249,27.696793002915456,오늘 -1.0% · 5일 -0.1% · 거래량 0.7배
004370,0.3980826273551034,250,27.405247813411076,오늘 -0.2% · 5일 +3.2% · 거래량 0.9배
000100,0.39806889428828,251,27.113702623906704,오늘 +2.6% · 5일 -0.3% · 거래량 0.8배
033780,0.3980221591509387,252,26.82215743440233,오늘 -1.0% · 5일 -0.9% · 거래량 0.7배
005950,0.39801062423927336,253,26.53061224489796,오늘 +2.0% · 5일 +7.2% · 거래량 0.8배
267250,0.3980102754357513,254,26.239067055393583,오늘 -2.4% · 5일 -4.7% · 거래량 1.0배
015760,0.39798442574952647,255,25.94752186588921,오늘 +0.0% · 5일 -2.8% · 거래량 0.5배
069960,0.39778254946731917,256,25.65597667638484,오늘 -0.4% · 5일 -10.1% · 거래량 0.4배
034730,0.39753086206048294,257,25.364431486880466,오늘 -0.5% · 5일 -0.5% · 거래량 0.7배
005830,0.3975051450522286,258,25.072886297376094,오늘 -1.3% · 5일 -1.1% · 거래량 0.7배
073240,0.3974052632852552,259,24.78134110787172,오늘 +2.7% · 5일 +3.0% · 거래량 0.5배
138040,0.39740401026399547,260,24.489795918367346,오늘 +0.5% · 5일 -0.9% · 거래량 0.5배
058610,0.3973540367522411,261,24.198250728862973,오늘 +3.2% · 5일 +1.1% · 거래량 0.4배
139480,0.39723206275265294,262,23.9067055393586,오늘 -1.0% · 5일 -2.3% · 거래량 0.7배
023530,0.397154786821485,263,23.61516034985423,오늘 -0.6% · 5일 -7.5% · 거래량 0.5배
005490,0.3970772283602794,264,23.323615160349853,오늘 +0.3% · 5일 -3.1% · 거래량 0.8배
030000,0.3970616417353477,265,23.03206997084548,오늘 +0.1% · 5일 +6.7% · 거래량 0.9배
011780,0.3970293932332879,266,22.740524781341108,오늘 +0.5% · 5일 -1.5% · 거래량 0.6배
051910,0.397020762502593,267,22.448979591836736,오늘 +1.6% · 5일 -0.4% · 거래량 0.8배
326030,0.39699283552794185,268,22.157434402332363,오늘 +2.4% · 5일 -0.4% · 거래량 1.0배
000660,0.3969808954754965,269,21.865889212827987,오늘 +2.5% · 5일 -0.7% · 거래량 0.7배
145020,0.39696262285240175,270,21.574344023323615,오늘 +0.6% · 5일 -5.1% · 거래량 1.2배
307950,0.3969377416704116,271,21.282798833819243,오늘 +1.1% · 5일 -2.3% · 거래량 1.2배
068270,0.3969159871775535,272,20.99125364431487,오늘 +3.1% · 5일 +2.8% · 거래량 1.1배
021240,0.39691526103978053,273,20.699708454810494,오늘 -0.3% · 5일 -0.4% · 거래량 0.6배
204320,0.3968881448234583,274,20.408163265306122,오늘 +2.0% · 5일 +1.4% · 거래량 0.8배
051900,0.3968771642334439,275,20.11661807580175,오늘 +0.9% · 5일 -7.8% · 거래량 0.9배
138930,0.39687354381720663,276,19.825072886297377,오늘 -0.3% · 5일 +1.5% · 거래량 0.5배
034220,0.3968451053763385,277,19.533527696793,오늘 +2.5% · 5일 +0.4% · 거래량 0.7배
139130,0.3968275048969533,278,19.24198250728863,오늘 +0.7% · 5일 +1.7% · 거래량 1.0배
090460,0.39671352991216874,279,18.950437317784257,오늘 +1.2% · 5일 +3.0% · 거래량 0.4배
011200,0.39670140281182575,280,18.658892128279884,오늘 +1.0% · 5일 -0.5% · 거래량 1.0배
441270,0.39669385757533715,281,18.367346938775512,오늘 +0.7% · 5일 +12.8% · 거래량 0.3배
352820,0.396667910683725,282,18.075801749271136,오늘 -0.1% · 5일 -0.2% · 거래량 1.2배
002380,0.39665062374592613,283,17.784256559766764,오늘 +0.2% · 5일 +0.9% · 거래량 0.4배
086790,0.3964916072367048,284,17.49271137026239,오늘 -1.4% · 5일 -5.1% · 거래량 0.9배
030200,0.39641052901049756,285,17.20116618075802,오늘 -0.6% · 5일 -2.4% · 거래량 0.7배
097950,0.39634676357474286,286,16.909620991253643,오늘 -0.4% · 5일 +2.1% · 거래량 0.7배
007340,0.39628869321679877,287,16.61807580174927,오늘 +1.8% · 5일 +0.3% · 거래량 1.2배
103590,0.3962843427688472,288,16.3265306122449,오늘 +0.8% · 5일 +7.6% · 거래량 0.6배
035420,0.3962412104577777,289,16.034985422740526,오늘 -0.8% · 5일 -4.5% · 거래량 1.0배
016360,0.3962003897412236,290,15.743440233236154,오늘 +1.4% · 5일 -0.4% · 거래량 0.7배
071050,0.3960373857840848,291,15.451895043731778,오늘 +0.7% · 5일 -4.0% · 거래량 0.8배
000810,0.39590171277818836,292,15.160349854227405,오늘 -0.2% · 5일 -2.9% · 거래량 0.4배
047810,0.39585127182379465,293,14.868804664723031,오늘 +0.1% · 5일 -2.5% · 거래량 0.6배
005930,0.39584213128790346,294,14.577259475218659,오늘 +1.9% · 5일 -1.1% · 거래량 0.8배
005387,0.39583616822902595,295,14.285714285714285,오늘 +0.1% · 5일 +0.0% · 거래량 0.7배
158430,0.3958074107345835,296,13.994169096209912,오늘 +1.1% · 5일 -0.6% · 거래량 0.2배
003530,0.3957800403127388,297,13.702623906705538,오늘 +0.1% · 5일 -0.5% · 거래량 0.9배
006340,0.39577415774643376,298,13.411078717201166,오늘 +1.8% · 5일 -3.9% · 거래량 0.5배
042660,0.39576045930357623,299,13.119533527696792,오늘 -0.3% · 5일 -4.1% · 거래량 0.9배
066970,0.3957479733375358,300,12.82798833819242,오늘 +0.4% · 5일 +2.8% · 거래량 0.4배
005385,0.39568328206567377,301,12.536443148688047,오늘 +0.0% · 5일 +0.1% · 거래량 0.6배
088350,0.39563780343376287,302,12.244897959183673,오늘 -1.5% · 5일 -5.5% · 거래량 0.4배
329180,0.39559957307559007,303,11.9533527696793,오늘 -0.6% · 5일 -4.8% · 거래량 0.5배
207940,0.3954850372091999,304,11.661807580174926,오늘 +2.4% · 5일 +2.6% · 거래량 1.6배
415640,0.3954497304198073,305,11.370262390670554,오늘 -0.6% · 5일 -3.3% · 거래량 0.4배
005940,0.3954098830433825,306,11.078717201166182,오늘 +1.3% · 5일 +0.4% · 거래량 0.9배
006260,0.39539891779029657,307,10.787172011661808,오늘 -3.7% · 5일 -8.6% · 거래량 1.9배
009540,0.39539414368271847,308,10.495626822157435,오늘 -0.3% · 5일 -4.4% · 거래량 0.7배
373220,0.39537496449343446,309,10.204081632653061,오늘 +1.3% · 5일 +2.3% · 거래량 0.6배
064400,0.39530439306608295,310,9.912536443148689,오늘 +2.0% · 5일 -1.4% · 거래량 0.8배
005070,0.3950780992971214,311,9.620991253644315,오늘 +2.5% · 5일 +10.3% · 거래량 1.0배
032640,0.39502115557150574,312,9.329446064139942,오늘 -0.3% · 5일 -0.3% · 거래량 0.7배
071970,0.39486792774251145,313,9.037900874635568,오늘 -0.6% · 5일 -3.6% · 거래량 0.6배
018260,0.39468335733688986,314,8.746355685131196,오늘 +1.8% · 5일 -1.1% · 거래량 0.7배
120110,0.3946591467591347,315,8.454810495626822,오늘 +0.2% · 5일 -0.7% · 거래량 0.8배
035720,0.3946145587195474,316,8.16326530612245,오늘 +0.0% · 5일 -1.9% · 거래량 0.6배
005380,0.3943490508297019,317,7.871720116618077,오늘 +0.6% · 5일 -3.6% · 거래량 0.7배
336260,0.3942115031092277,318,7.580174927113703,오늘 -1.5% · 5일 -5.2% · 거래량 0.4배
090430,0.3942085270862284,319,7.288629737609329,오늘 -1.5% · 5일 -3.6% · 거래량 0.7배
017670,0.39415576494575966,320,6.997084548104956,오늘 +0.6% · 5일 -1.1% · 거래량 0.7배
002790,0.39378762678376306,321,6.705539358600583,오늘 -0.6% · 5일 -1.5% · 거래량 0.6배
000270,0.39374986164029296,322,6.41399416909621,오늘 -0.3% · 5일 -4.8% · 거래량 0.9배
323410,0.3935038155879834,323,6.122448979591836,오늘 -0.7% · 5일 -1.9% · 거래량 0.7배
088980,0.39349706370447246,324,5.830903790087463,오늘 -0.2% · 5일 -0.3% · 거래량 0.8배
475150,0.3933803977681743,325,5.539358600583091,오늘 -0.8% · 5일 -3.1% · 거래량 0.6배
319400,0.393363479640967,326,5.247813411078718,오늘 +1.0% · 5일 -2.8% · 거래량 1.1배
298040,0.39331993034130625,327,4.956268221574344,오늘 +0.6% · 5일 -3.9% · 거래량 1.1배
003670,0.3929991710999829,328,4.664723032069971,오늘 +1.8% · 5일 -1.9% · 거래량 0.6배
024110,0.3929208025588047,329,4.373177842565598,오늘 -0.2% · 5일 +0.7% · 거래량 0.9배
003550,0.3927608226126758,330,4.081632653061225,오늘 -0.9% · 5일 -5.5% · 거래량 0.4배
028260,0.3927011901563181,331,3.7900874635568513,오늘 +0.7% · 5일 -5.3% · 거래량 0.6배
082740,0.3925422753759841,332,3.498542274052478,오늘 -0.9% · 5일 -1.0% · 거래량 1.5배
010140,0.3925382749843539,333,3.206997084548105,오늘 -0.5% · 5일 -4.6% · 거래량 0.6배
032830,0.39233170080006535,334,2.9154518950437316,오늘 -0.2% · 5일 -2.8% · 거래량 0.6배
267260,0.3922766900259121,335,2.623906705539359,오늘 +1.0% · 5일 -5.7% · 거래량 1.4배
064350,0.39214904248175625,336,2.3323615160349855,오늘 -0.9% · 5일 -5.0% · 거래량 1.1배
006400,0.3921299095346608,337,2.0408163265306123,오늘 +0.8% · 5일 -2.6% · 거래량 0.6배
010120,0.3912334916855341,338,1.749271137026239,오늘 +0.2% · 5일 -2.4% · 거래량 0.9배
055550,0.3912211767893794,339,1.4577259475218658,오늘 -1.8% · 5일 -7.3% · 거래량 1.0배
105560,0.3911149499074797,340,1.1661807580174928,오늘 -1.4% · 5일 -5.0% · 거래량 1.1배
008770,0.3907502802276333,341,0.8746355685131195,오늘 -0.6% · 5일 -3.0% · 거래량 1.4배
066570,0.3904730011975193,342,0.5830903790087464,오늘 -0.7% · 5일 -1.4% · 거래량 0.6배
316140,0.3865571924119756,343,0.2915451895043732,오늘 -3.6% · 5일 -6.3% · 거래량 1.8배
