date,selected,known,hit_rate,gross_return,net_return,universe_net_return,excess_return
2026-06-25,5,5,0.2,0.16040137906006172,0.1574013790600617,-0.024459605104340493,0.18186098416440222
2026-06-26,5,5,0.0,-0.07999999999999999,-0.08299999999999999,0.023106520214318596,-0.10610652021431859
2026-06-29,5,5,0.2,-0.060458672264497505,-0.0634586722644975,-0.0393591497627805,-0.024099522501717
2026-06-30,5,5,0.0,-0.07999999999999999,-0.08299999999999999,-0.03879312668686041,-0.04420687331313958
2026-07-01,5,5,0.0,-0.07999999999999996,-0.08299999999999996,-0.05191167224422995,-0.031088327755770015
2026-07-02,5,5,0.2,-0.05521706398996233,-0.058217063989962334,-0.05737588577649686,-0.0008411782134654724
2026-07-03,5,4,0.0,-0.07999999999999996,-0.08299999999999996,-0.05640349137092218,-0.02659650862907778
2026-07-06,5,5,0.0,-0.07999999999999996,-0.08299999999999996,-0.056097840679267076,-0.026902159320732887
2026-07-07,5,4,0.0,-0.07999999999999996,-0.08299999999999996,-0.04565140825780085,-0.037348591742199115
2026-07-08,5,4,0.25,-0.05809523809523806,-0.061095238095238064,-0.002172713659451579,-0.05892252443578649
2026-07-09,5,5,0.2,-0.06207036528574117,-0.06507036528574117,-0.014613151685346656,-0.05045721360039451
2026-07-10,5,3,0.0,-0.07999999999999996,-0.08299999999999996,-0.06392735994333495,-0.019072640056665008
2026-07-13,5,5,0.2,-0.05799141630901283,-0.060991416309012836,-0.052360363800644974,-0.008631052508367862
2026-07-14,5,4,0.0,-0.091035795887281,-0.094035795887281,-0.04908986566053506,-0.04494593022674594
2026-07-15,5,4,0.0,-0.07999999999999996,-0.08299999999999996,-0.04015312787766205,-0.04284687212233791
2026-07-16,5,5,0.2,-0.06272093023255813,-0.06572093023255814,-0.005971558479261234,-0.0597493717532969
2026-07-20,5,5,0.6,0.0707067906097369,0.0677067906097369,0.03383265524744387,0.033874135362293036
2026-07-21,5,5,0.4,-0.0225508850540163,-0.0255508850540163,-0.049794726248104645,0.024243841194088345
2026-07-22,5,5,0.2,-0.05939641943734011,-0.06239641943734011,-0.06147157337541545,-0.0009248460619246598
2026-07-23,5,5,0.0,-0.07999999999999996,-0.08299999999999996,-0.06643310154257935,-0.016566898457420612
2026-07-24,5,5,0.0,-0.03651988624782534,-0.03951988624782534,-0.07092165486746836,0.03140176861964302
2026-07-27,5,5,0.0,-0.050574182975031315,-0.05357418297503132,-0.07095373147177274,0.01737954849674142
2026-07-28,5,5,0.2,-0.049999999999999954,-0.05299999999999996,-0.05307366867705194,7.366867705198288e-05
2026-07-29,5,5,0.6,0.027024155801402206,0.024024155801402207,0.20230897932683112,-0.1782848235254289
2026-07-30,5,5,0.6,0.049164175501550875,0.04616417550155087,0.11883989726503584,-0.07267572176348497
2026-07-31,5,5,0.8,0.05753664104532037,0.05453664104532037,0.10934378911952161,-0.05480714807420124
2026-08-03,5,5,0.8,0.036180982588324896,0.033180982588324894,0.10944603087533351,-0.07626504828700861
2026-08-04,5,5,1.0,0.04840420265740071,0.04540420265740071,0.03060176399363831,0.014802438663762397
2026-08-05,5,5,0.4,-0.0025922791045736916,-0.005592279104573692,0.03181864825650377,-0.037410927361077456
2026-08-06,5,5,0.6,0.010053199091142617,0.0070531990911426165,0.025228992248041333,-0.018175793156898715
2026-08-07,5,5,0.4,-0.003106841455316811,-0.006106841455316811,0.06133522247056139,-0.0674420639258782
2026-08-10,5,5,0.4,-0.0008903390021629987,-0.0038903390021629985,0.003121337772306429,-0.0070116767744694275
2026-08-11,5,5,0.0,-0.04464400745604491,-0.04764400745604491,-0.029749841955664734,-0.01789416550038018
2026-08-12,5,5,0.0,-0.02666474291396297,-0.02966474291396297,-0.04095520807123847,0.011290465157275505
2026-08-13,5,5,0.4,0.0016693522857932131,-0.001330647714206787,-0.05841615144799129,0.0570855037337845
2026-08-14,5,5,0.2,-0.06398412430390962,-0.06698412430390963,-0.060666246033688837,-0.006317878270220789
2026-08-18,5,5,0.6,-0.027046689787381516,-0.030046689787381516,0.0005642508973452646,-0.03061094068472678
2026-08-19,5,5,0.8,0.0341595214353682,0.0311595214353682,-0.023001712668247756,0.05416123410361595
2026-08-20,5,5,0.4,-0.023770825683780215,-0.026770825683780215,-0.0065756682597034625,-0.02019515742407675
2026-08-21,5,5,0.4,-0.007266523633998245,-0.010266523633998246,0.037232739426855746,-0.04749926306085399
2026-08-24,5,4,0.25,-0.016398104265402835,-0.019398104265402834,0.03700634459101681,-0.05640444885641964
2026-08-25,5,5,0.0,-0.07999999999999992,-0.08299999999999992,-0.005528477243827658,-0.07747152275617226
2026-08-26,5,5,0.6,0.07528342465267619,0.07228342465267619,-0.03865356008343486,0.11093698473611105
2026-08-27,5,5,0.6,0.06537839885713063,0.06237839885713063,-0.03345032041989767,0.0958287192770283
2026-08-28,5,5,0.4,0.02184555984555987,0.01884555984555987,-0.01892587099653964,0.03777143084209951
2026-08-31,5,5,0.2,-0.008832826968719676,-0.011832826968719675,-0.02136426903138799,0.009531442062668316
2026-09-01,5,5,0.4,-0.00637374504649606,-0.00937374504649606,0.008851046001748825,-0.018224791048244884
2026-09-02,5,3,0.6666666666666666,0.08901234071972382,0.08601234071972381,0.018490348178114013,0.0675219925416098
2026-09-03,5,4,0.5,0.10013358604563344,0.09713358604563344,0.028496977354635338,0.0686366086909981
2026-09-07,5,4,0.25,0.013538323726437207,0.010538323726437208,-0.023623981554276204,0.034162305280713415
2026-09-09,5,5,0.4,-0.014448351847554131,-0.017448351847554132,-0.018088149498294893,0.0006397976507407609
2026-09-10,5,5,0.2,-0.036316021877665694,-0.0393160218776657,0.009347351503849716,-0.04866337338151541
2026-09-11,5,5,0.4,-0.014706259426847645,-0.017706259426847646,0.01986685216408327,-0.037573111590930915
2026-09-14,5,5,0.6,0.038518961497261126,0.03551896149726112,0.028131871948006915,0.0073870895492542075
2026-09-15,5,4,0.75,0.00917443054546005,0.006174430545460049,0.02101360100449772,-0.014839170459037671
2026-09-16,5,5,0.4,0.07044991455942559,0.06744991455942559,0.02339042602461627,0.044059488534809316
2026-09-17,5,5,0.4,-0.012973121122682318,-0.01597312112268232,-0.0011485469514410731,-0.014824574171241245
2026-09-18,5,5,0.2,-0.05592282430213458,-0.05892282430213458,0.002869642926239953,-0.06179246722837453
2026-09-21,5,5,0.2,0.06631507271210271,0.06331507271210271,-0.009265797927824983,0.07258087063992769
2026-09-22,5,4,0.0,-0.06999999999999998,-0.07299999999999998,0.012673260231727004,-0.08567326023172699
2026-09-23,5,5,0.6,0.05901399987700549,0.056013999877005484,0.02408876276860705,0.03192523710839844
