date,ndx_close,spx_close,rut_close
20210826,15278.51953125,4470.0,2213.97998046875
20210827,15432.9501953125,4509.3701171875,2277.14990234375
20210830,15605.08984375,4528.7900390625,2265.989990234375
20210831,15582.509765625,4522.68017578125,2273.77001953125
20210901,15611.5703125,4524.08984375,2287.06005859375
20210902,15604.25,4536.9501953125,2304.02001953125
20210903,15652.8603515625,4535.43017578125,2292.050048828125
20210907,15675.759765625,4520.02978515625,2275.610107421875
20210908,15620.849609375,4514.06982421875,2249.72998046875
20210909,15561.0498046875,4493.27978515625,2249.1298828125
20210910,15440.75,4458.580078125,2227.550048828125
20210913,15434.5,4468.72998046875,2240.780029296875
20210914,15382.900390625,4443.0498046875,2209.97998046875
20210915,15503.5302734375,4480.7001953125,2234.449951171875
20210916,15515.91015625,4473.75,2232.909912109375
20210917,15333.4697265625,4432.990234375,2236.8701171875
20210920,15012.1904296875,4357.72998046875,2182.199951171875
20210921,15027.76953125,4354.18994140625,2186.179931640625
20210922,15176.509765625,4395.64013671875,2218.56005859375
20210923,15316.580078125,4448.97998046875,2259.0400390625
20210924,15329.6796875,4455.47998046875,2248.070068359375
20210927,15204.8203125,4443.10986328125,2281.0
20210928,14770.2998046875,4352.6298828125,2229.780029296875
20210929,14752.8896484375,4359.4599609375,2225.31005859375
20210930,14689.6201171875,4307.5400390625,2204.3701171875
20211001,14791.8701171875,4357.0400390625,2241.6298828125
20211004,14472.1201171875,4300.4599609375,2217.469970703125
20211005,14674.150390625,4345.72021484375,2228.360107421875
20211006,14766.75,4363.5498046875,2214.9599609375
20211007,14897.1298828125,4399.759765625,2250.090087890625
20211008,14820.75,4391.33984375,2233.090087890625
20211011,14713.73046875,4361.18994140625,2220.639892578125
20211012,14662.1103515625,4350.64990234375,2234.27001953125
20211013,14774.599609375,4363.7998046875,2241.969970703125
20211014,15052.419921875,4438.259765625,2274.179931640625
20211015,15146.919921875,4471.3701171875,2265.64990234375
20211018,15300.8896484375,4486.4599609375,2267.840087890625
20211019,15410.7197265625,4519.6298828125,2275.909912109375
20211020,15388.7099609375,4536.18994140625,2289.77001953125
20211021,15489.58984375,4549.77978515625,2296.179931640625
20211022,15355.0703125,4544.89990234375,2291.27001953125
20211025,15514.1904296875,4566.47998046875,2312.639892578125
20211026,15559.490234375,4574.7900390625,2296.080078125
20211027,15598.3896484375,4551.68017578125,2252.489990234375
20211028,15778.16015625,4596.419921875,2297.97998046875
20211029,15850.4697265625,4605.3798828125,2297.18994140625
20211101,15905.2802734375,4613.669921875,2358.1201171875
20211102,15972.490234375,4630.64990234375,2361.860107421875
20211103,16144.5,4660.56982421875,2404.280029296875
20211104,16346.240234375,4680.06005859375,2402.429931640625
20211105,16359.3798828125,4697.52978515625,2437.080078125
20211108,16336.0302734375,4701.7001953125,2442.739990234375
20211109,16219.9404296875,4685.25,2427.2900390625
20211110,15985.5703125,4646.7099609375,2389.580078125
20211111,16032.4697265625,4649.27001953125,2409.139892578125
20211112,16199.8896484375,4682.85009765625,2411.780029296875
20211115,16189.1201171875,4682.7998046875,2400.929931640625
20211116,16309.76953125,4700.89990234375,2405.02001953125
20211117,16308.0703125,4688.669921875,2377.010009765625
20211118,16482.970703125,4704.5400390625,2363.590087890625
20211119,16573.33984375,4697.9599609375,2343.159912109375
20211122,16380.98046875,4682.93994140625,2331.35009765625
20211123,16306.7197265625,4690.7001953125,2327.860107421875
20211124,16367.8095703125,4701.4599609375,2331.4599609375
20211126,16025.580078125,4594.6201171875,2245.93994140625
20211129,16399.240234375,4655.27001953125,2241.97998046875
20211130,16135.919921875,4567.0,2198.909912109375
20211201,15877.7197265625,4513.0400390625,2147.419921875
20211202,15990.759765625,4577.10009765625,2206.330078125
20211203,15712.0400390625,4538.43017578125,2159.31005859375
20211206,15846.16015625,4591.669921875,2203.47998046875
20211207,16325.66015625,4686.75,2253.7900390625
20211208,16394.33984375,4701.2099609375,2271.7099609375
20211209,16149.5703125,4667.4501953125,2220.2099609375
20211210,16331.98046875,4712.02001953125,2211.81005859375
20211213,16082.5498046875,4668.97021484375,2180.5
20211214,15914.900390625,4634.08984375,2159.64990234375
20211215,16289.58984375,4709.85009765625,2195.2099609375
20211216,15863.9404296875,4668.669921875,2152.4599609375
20211217,15801.4599609375,4620.64013671875,2173.929931640625
20211220,15627.6396484375,4568.02001953125,2139.8701171875
20211221,15986.2802734375,4649.22998046875,2202.949951171875
20211222,16180.1396484375,4696.56005859375,2221.89990234375
20211223,16308.2099609375,4725.7900390625,2241.580078125
20211227,16567.5,4791.18994140625,2261.4599609375
20211228,16488.66015625,4786.35009765625,2246.510009765625
20211229,16491.009765625,4793.06005859375,2249.239990234375
20211230,16429.099609375,4778.72998046875,2248.7900390625
20211231,16320.080078125,4766.18017578125,2245.31005859375
20220103,16501.76953125,4796.56005859375,2272.56005859375
20220104,16279.73046875,4793.5400390625,2268.8701171875
20220105,15771.7802734375,4700.580078125,2194.0
20220106,15765.3603515625,4696.0498046875,2206.3701171875
20220107,15592.1904296875,4677.02978515625,2179.81005859375
20220110,15614.4296875,4670.2900390625,2171.14990234375
20220111,15844.1201171875,4713.06982421875,2194.0
20220112,15905.099609375,4726.35009765625,2176.06005859375
20220113,15495.6201171875,4659.02978515625,2159.43994140625
20220114,15611.58984375,4662.85009765625,2162.4599609375
20220118,15210.759765625,4577.10986328125,2096.22998046875
20220119,15047.83984375,4532.759765625,2062.780029296875
20220120,14846.4599609375,4482.72998046875,2024.0400390625
20220121,14438.400390625,4397.93994140625,1987.9200439453125
20220124,14509.580078125,4410.1298828125,2033.510009765625
20220125,14149.1201171875,4356.4501953125,2004.030029296875
20220126,14172.759765625,4349.93017578125,1976.4599609375
20220127,14003.1103515625,4326.509765625,1931.2900390625
20220128,14454.6103515625,4431.85009765625,1968.510009765625
20220131,14930.0498046875,4515.5498046875,2028.449951171875
20220201,15019.6796875,4546.5400390625,2050.739990234375
20220202,15139.740234375,4589.3798828125,2029.52001953125
20220203,14501.1103515625,4477.43994140625,1991.030029296875
20220204,14694.349609375,4500.52978515625,2002.3599853515625
20220207,14571.25,4483.8701171875,2012.5999755859375
20220208,14747.0302734375,4521.5400390625,2045.3699951171875
20220209,15056.9599609375,4587.18017578125,2083.5
20220210,14705.6396484375,4504.080078125,2051.159912109375
20220211,14253.83984375,4418.64013671875,2030.1500244140625
20220214,14268.58984375,4401.669921875,2020.7900390625
20220215,14620.8203125,4471.06982421875,2076.4599609375
20220216,14603.6396484375,4475.009765625,2079.31005859375
20220217,14171.740234375,4380.259765625,2028.0899658203125
20220218,14009.5400390625,4348.8701171875,2009.3299560546875
20220222,13870.5302734375,4304.759765625,1980.1700439453125
20220223,13509.4296875,4225.5,1944.0899658203125
20220224,13974.669921875,4288.7001953125,1996.010009765625
20220225,14189.16015625,4384.64990234375,2040.9300537109375
20220228,14237.8095703125,4373.93994140625,2048.090087890625
20220301,14005.990234375,4306.259765625,2008.510009765625
20220302,14243.6904296875,4386.5400390625,2058.8701171875
20220303,14035.2099609375,4363.490234375,2032.4100341796875
20220304,13837.830078125,4328.8701171875,2000.9000244140625
20220307,13319.3798828125,4201.08984375,1951.3299560546875
20220308,13267.6103515625,4170.7001953125,1963.010009765625
20220309,13742.2001953125,4277.8798828125,2016.2900390625
20220310,13591.0,4259.52001953125,2011.6700439453125
20220311,13301.830078125,4204.31005859375,1979.6700439453125
20220314,13046.6396484375,4173.10986328125,1941.719970703125
20220315,13458.5595703125,4262.4501953125,1968.969970703125
20220316,13956.7900390625,4357.85986328125,2030.719970703125
20220317,14118.599609375,4411.669921875,2065.02001953125
20220318,14420.080078125,4463.1201171875,2086.139892578125
20220321,14376.08984375,4461.18017578125,2065.93994140625
20220322,14654.330078125,4511.60986328125,2088.340087890625
20220323,14447.5498046875,4456.240234375,2052.2099609375
20220324,14765.6904296875,4520.16015625,2075.43994140625
20220325,14754.3095703125,4543.06005859375,2077.97998046875
20220328,14987.400390625,4575.52001953125,2078.06005859375
20220329,15239.3203125,4631.60009765625,2133.10009765625
20220330,15071.5498046875,4602.4501953125,2091.070068359375
20220331,14838.490234375,4530.41015625,2070.1298828125
20220401,14861.2099609375,4545.85986328125,2091.110107421875
20220404,15159.580078125,4582.64013671875,2095.43994140625
20220405,14820.6396484375,4525.1201171875,2046.0400390625
20220406,14498.8896484375,4481.14990234375,2016.93994140625
20220407,14531.8095703125,4500.2099609375,2009.800048828125
20220408,14327.259765625,4488.27978515625,1994.56005859375
20220411,13990.2099609375,4412.52978515625,1980.3199462890625
20220412,13940.240234375,4397.4501953125,1986.93994140625
20220413,14217.2900390625,4446.58984375,2025.0999755859375
20220414,13893.2099609375,4392.58984375,2004.97998046875
20220418,13910.759765625,4391.68994140625,1990.1300048828125
20220419,14210.259765625,4462.2099609375,2030.77001953125
20220420,13998.5302734375,4459.4501953125,2038.18994140625
20220421,13720.4501953125,4393.66015625,1991.4599609375
20220422,13356.8701171875,4271.77978515625,1940.6600341796875
20220425,13533.2197265625,4296.1201171875,1954.199951171875
20220426,13009.7099609375,4175.2001953125,1890.469970703125
20220427,13003.3603515625,4183.9599609375,1884.0400390625
20220428,13456.0595703125,4287.5,1917.93994140625
20220429,12854.7998046875,4131.93017578125,1864.0999755859375
20220502,13075.849609375,4155.3798828125,1882.9100341796875
20220503,13089.900390625,4175.47998046875,1898.8599853515625
20220504,13535.7099609375,4300.169921875,1949.9200439453125
20220505,12850.5498046875,4146.8701171875,1871.1500244140625
20220506,12693.5302734375,4123.33984375,1839.56005859375
20220509,12187.7197265625,3991.239990234375,1762.0799560546875
20220510,12345.8603515625,4001.050048828125,1761.7900390625
20220511,11967.5595703125,3935.179931640625,1718.1400146484375
20220512,11945.5,3930.080078125,1739.3800048828125
20220513,12387.400390625,4023.889892578125,1792.6700439453125
20220516,12243.580078125,4008.010009765625,1783.4300537109375
20220517,12564.099609375,4088.85009765625,1840.300048828125
20220518,11928.3095703125,3923.679931640625,1774.8499755859375
20220519,11875.6298828125,3900.7900390625,1776.219970703125
20220520,11835.6201171875,3901.360107421875,1773.27001953125
20220523,12034.2802734375,3973.75,1792.760009765625
20220524,11769.83984375,3941.47998046875,1764.8299560546875
20220525,11943.9296875,3978.72998046875,1799.1600341796875
20220526,12276.7900390625,4057.840087890625,1838.239990234375
20220527,12681.419921875,4158.240234375,1887.9000244140625
20220531,12642.099609375,4132.14990234375,1864.0400390625
20220601,12548.3603515625,4101.22998046875,1854.8199462890625
20220602,12892.8896484375,4176.81982421875,1897.6700439453125
20220603,12548.0302734375,4108.5400390625,1883.050048828125
20220606,12599.6298828125,4121.43017578125,1889.8900146484375
20220607,12711.6796875,4160.68017578125,1919.56005859375
20220608,12615.1298828125,4115.77001953125,1891.010009765625
20220609,12269.7802734375,4017.820068359375,1850.8599853515625
20220610,11832.8203125,3900.860107421875,1800.280029296875
20220613,11288.3203125,3749.6298828125,1714.5899658203125
20220614,11311.6904296875,3735.47998046875,1707.8299560546875
20220615,11593.76953125,3789.989990234375,1731.1400146484375
20220616,11127.5703125,3666.77001953125,1649.8399658203125
20220617,11265.990234375,3674.840087890625,1665.68994140625
20220621,11546.759765625,3764.7900390625,1694.030029296875
20220622,11527.7099609375,3759.889892578125,1690.280029296875
20220623,11697.6796875,3795.72998046875,1711.6700439453125
20220624,12105.849609375,3911.739990234375,1765.739990234375
20220627,12008.240234375,3900.110107421875,1771.739990234375
20220628,11637.76953125,3821.550048828125,1738.8399658203125
20220629,11658.259765625,3818.830078125,1719.3699951171875
20220630,11503.7197265625,3785.3798828125,1707.989990234375
20220701,11585.6796875,3825.330078125,1727.760009765625
20220705,11779.900390625,3831.389892578125,1741.3299560546875
20220706,11852.58984375,3845.080078125,1727.550048828125
20220707,12109.0498046875,3902.6201171875,1769.5999755859375
20220708,12125.6904296875,3899.3798828125,1769.3599853515625
20220711,11860.2802734375,3854.429931640625,1732.010009765625
20220712,11744.990234375,3818.800048828125,1728.1800537109375
20220713,11728.5302734375,3801.780029296875,1726.0400390625
20220714,11768.400390625,3790.3798828125,1707.510009765625
20220715,11983.6201171875,3863.159912109375,1744.3699951171875
20220718,11877.5,3830.85009765625,1738.4200439453125
20220719,12249.419921875,3936.68994140625,1799.3199462890625
20220720,12439.6796875,3959.89990234375,1827.949951171875
20220721,12619.41015625,3998.949951171875,1836.68994140625
20220722,12396.4697265625,3961.6298828125,1806.8800048828125
20220725,12328.41015625,3966.840087890625,1817.77001953125
20220726,12086.900390625,3921.050048828125,1805.25
20220727,12601.4697265625,4023.610107421875,1848.3399658203125
20220728,12717.8701171875,4072.429931640625,1873.030029296875
20220729,12947.9697265625,4130.2900390625,1885.22998046875
20220801,12940.7802734375,4118.6298828125,1883.31005859375
20220802,12901.599609375,4091.18994140625,1882.449951171875
20220803,13253.259765625,4155.169921875,1908.9300537109375
20220804,13311.0400390625,4151.93994140625,1906.4599609375
20220805,13207.6904296875,4145.18994140625,1921.8199462890625
20220808,13159.16015625,4140.06005859375,1941.2099609375
20220809,13008.169921875,4122.47021484375,1912.8900146484375
20220810,13378.3203125,4210.240234375,1969.25
20220811,13291.990234375,4207.27001953125,1975.260009765625
20220812,13565.8701171875,4280.14990234375,2016.6199951171875
20220815,13667.1796875,4297.14013671875,2021.3499755859375
20220816,13635.2099609375,4305.2001953125,2020.530029296875
20220817,13470.8603515625,4274.0400390625,1987.31005859375
20220818,13505.990234375,4283.740234375,2000.72998046875
20220819,13242.900390625,4228.47998046875,1957.3499755859375
20220822,12890.5400390625,4137.990234375,1915.739990234375
20220823,12881.7900390625,4128.72998046875,1919.1400146484375
20220824,12917.8603515625,4140.77001953125,1935.2900390625
20220825,13143.580078125,4199.1201171875,1964.6400146484375
20220826,12605.169921875,4057.659912109375,1899.8299560546875
20220829,12484.3203125,4030.610107421875,1882.93994140625
20220830,12342.7001953125,3986.159912109375,1855.5899658203125
20220831,12272.0302734375,3955.0,1844.1199951171875
20220901,12274.6201171875,3966.85009765625,1822.8199462890625
20220902,12098.4404296875,3924.260009765625,1809.75
20220906,12011.3095703125,3908.18994140625,1792.3199462890625
20220907,12259.3896484375,3979.8701171875,1832.0
20220908,12321.1904296875,4006.179931640625,1846.9100341796875
20220909,12588.2900390625,4067.360107421875,1882.8499755859375
20220912,12739.7197265625,4110.41015625,1906.0899658203125
20220913,12033.6201171875,3932.68994140625,1831.5699462890625
20220914,12134.400390625,3946.010009765625,1838.4599609375
20220915,11927.490234375,3901.35009765625,1825.22998046875
20220916,11861.3798828125,3873.330078125,1798.18994140625
20220919,11953.26953125,3899.889892578125,1812.8399658203125
20220920,11851.5400390625,3855.929931640625,1787.5
20220921,11637.7900390625,3789.929931640625,1762.1600341796875
20220922,11501.650390625,3757.989990234375,1722.31005859375
20220923,11311.240234375,3693.22998046875,1679.5899658203125
20220926,11254.1103515625,3655.0400390625,1655.8800048828125
20220927,11271.75,3647.2900390625,1662.510009765625
20220928,11493.830078125,3719.0400390625,1715.239990234375
20220929,11164.7802734375,3640.469970703125,1674.9300537109375
20220930,10971.2197265625,3585.6201171875,1664.719970703125
20221003,11229.73046875,3678.429931640625,1708.8699951171875
20221004,11582.5400390625,3790.929931640625,1775.77001953125
20221005,11573.1796875,3783.280029296875,1762.68994140625
20221006,11485.5,3744.52001953125,1752.510009765625
20221007,11039.4697265625,3639.659912109375,1702.1500244140625
20221010,10926.9697265625,3612.389892578125,1691.9200439453125
20221011,10791.349609375,3588.840087890625,1692.9200439453125
20221012,10785.6201171875,3577.030029296875,1687.760009765625
20221013,11033.580078125,3669.909912109375,1728.4100341796875
20221014,10692.0595703125,3583.070068359375,1682.4000244140625
20221017,11062.5302734375,3677.949951171875,1735.75
20221018,11147.740234375,3719.97998046875,1755.9599609375
20221019,11103.3798828125,3695.159912109375,1725.760009765625
20221020,11046.7099609375,3665.780029296875,1704.3900146484375
20221021,11310.330078125,3752.75,1742.239990234375
20221024,11430.259765625,3797.340087890625,1748.4000244140625
20221025,11669.990234375,3859.110107421875,1796.1600341796875
20221026,11405.900390625,3830.60009765625,1804.3299560546875
20221027,11191.6298828125,3807.300048828125,1806.3199462890625
20221028,11546.2099609375,3901.06005859375,1846.9200439453125
20221031,11405.5703125,3871.97998046875,1846.8599853515625
20221101,11288.9501953125,3856.10009765625,1851.3900146484375
20221102,10906.33984375,3759.68994140625,1789.1400146484375
20221103,10690.599609375,3719.889892578125,1779.72998046875
20221104,10857.0302734375,3770.550048828125,1799.8699951171875
20221107,10977.0,3806.800048828125,1809.81005859375
20221108,11059.5,3828.110107421875,1808.9300537109375
20221109,10797.5498046875,3748.570068359375,1760.4000244140625
20221110,11605.9599609375,3956.3701171875,1867.9300537109375
20221111,11817.009765625,3992.929931640625,1882.739990234375
20221114,11700.9404296875,3957.25,1861.25
20221115,11871.150390625,3991.72998046875,1889.199951171875
20221116,11699.08984375,3958.7900390625,1853.1700439453125
20221117,11676.8603515625,3946.56005859375,1839.1199951171875
20221118,11677.01953125,3965.340087890625,1849.72998046875
20221121,11553.4501953125,3949.93994140625,1839.1400146484375
20221122,11724.83984375,4003.580078125,1860.43994140625
20221123,11838.7197265625,4027.260009765625,1863.52001953125
20221125,11756.0302734375,4026.1201171875,1869.18994140625
20221128,11587.75,3963.93994140625,1830.9599609375
20221129,11503.4501953125,3957.6298828125,1836.550048828125
20221130,12030.0595703125,4080.110107421875,1886.5799560546875
20221201,12041.8896484375,4076.570068359375,1881.6800537109375
20221202,11994.259765625,4071.699951171875,1892.8399658203125
20221205,11786.7998046875,3998.840087890625,1840.219970703125
20221206,11549.6904296875,3941.260009765625,1812.5799560546875
20221207,11497.3896484375,3933.919921875,1806.9000244140625
20221208,11637.5,3963.510009765625,1818.2900390625
20221209,11563.330078125,3934.3798828125,1796.6600341796875
20221212,11706.4404296875,3990.56005859375,1818.6099853515625
20221213,11834.2099609375,4019.64990234375,1832.3599853515625
20221214,11740.919921875,3995.320068359375,1820.449951171875
20221215,11345.2197265625,3895.75,1774.6099853515625
20221216,11243.7197265625,3852.360107421875,1763.4200439453125
20221219,11084.58984375,3817.659912109375,1738.5799560546875
20221220,11072.419921875,3821.6201171875,1748.02001953125
20221221,11235.8798828125,3878.43994140625,1776.93994140625
20221222,10956.1396484375,3822.389892578125,1754.0899658203125
20221223,10985.4501953125,3844.820068359375,1760.9300537109375
20221227,10822.509765625,3829.25,1749.52001953125
20221228,10679.33984375,3783.219970703125,1722.02001953125
20221229,10951.0498046875,3849.280029296875,1766.25
20221230,10939.759765625,3839.5,1761.25
20230103,10862.6396484375,3824.139892578125,1750.72998046875
20230104,10914.7998046875,3852.969970703125,1772.5400390625
20230105,10741.2197265625,3808.10009765625,1753.18994140625
20230106,11040.349609375,3895.080078125,1792.800048828125
20230109,11108.4501953125,3892.090087890625,1795.9100341796875
20230110,11205.7802734375,3919.25,1822.6500244140625
20230111,11402.51953125,3969.610107421875,1844.050048828125
20230112,11459.6103515625,3983.169921875,1876.06005859375
20230113,11541.48046875,3999.090087890625,1887.030029296875
20230117,11557.1904296875,3990.969970703125,1884.2900390625
20230118,11410.2900390625,3928.860107421875,1854.3599853515625
20230119,11295.669921875,3898.85009765625,1836.3499755859375
20230120,11619.0302734375,3972.610107421875,1867.3399658203125
20230123,11872.5400390625,4019.81005859375,1890.77001953125
20230124,11846.6396484375,4016.949951171875,1885.6099853515625
20230125,11814.6904296875,4016.219970703125,1890.3199462890625
20230126,12051.48046875,4060.429931640625,1903.06005859375
20230127,12166.599609375,4070.56005859375,1911.4599609375
20230130,11912.3896484375,4017.77001953125,1885.719970703125
20230131,12101.9296875,4076.60009765625,1931.93994140625
20230201,12363.099609375,4119.2099609375,1960.81005859375
20230202,12803.1396484375,4179.759765625,2001.219970703125
20230203,12573.3603515625,4136.47998046875,1985.530029296875
20230206,12464.509765625,4111.080078125,1957.719970703125
20230207,12728.26953125,4164.0,1972.6099853515625
20230208,12495.3798828125,4117.85986328125,1942.5999755859375
20230209,12381.169921875,4081.5,1915.3399658203125
20230210,12304.919921875,4090.4599609375,1918.81005859375
20230213,12502.3095703125,4137.2900390625,1941.1400146484375
20230214,12590.8896484375,4136.1298828125,1939.9100341796875
20230215,12687.8896484375,4147.60009765625,1960.969970703125
20230216,12442.48046875,4090.409912109375,1942.2099609375
20230217,12358.1796875,4079.090087890625,1946.3599853515625
20230221,12060.2998046875,3997.340087890625,1888.2099609375
20230222,12066.26953125,3991.050048828125,1894.6800537109375
20230223,12180.1396484375,4012.320068359375,1908.0899658203125
20230224,11969.650390625,3970.0400390625,1890.489990234375
20230227,12057.7900390625,3982.239990234375,1896.27001953125
20230228,12042.1201171875,3970.14990234375,1896.989990234375
20230301,11938.5703125,3951.389892578125,1898.4300537109375
20230302,12044.8701171875,3981.35009765625,1902.6600341796875
20230303,12290.8095703125,4045.639892578125,1928.260009765625
20230306,12302.48046875,4048.419921875,1899.760009765625
20230307,12152.169921875,3986.3701171875,1878.719970703125
20230308,12215.330078125,3992.010009765625,1879.47998046875
20230309,11995.8798828125,3918.320068359375,1826.5899658203125
20230310,11830.2802734375,3861.590087890625,1772.699951171875
20230313,11923.169921875,3855.760009765625,1744.300048828125
20230314,12199.7900390625,3919.2900390625,1776.8900146484375
20230315,12251.3203125,3891.929931640625,1745.93994140625
20230316,12581.3896484375,3960.280029296875,1771.239990234375
20230317,12519.8798828125,3916.639892578125,1725.8900146484375
20230320,12562.6103515625,3951.570068359375,1744.989990234375
20230321,12741.4404296875,4002.8701171875,1777.739990234375
20230322,12567.150390625,3936.969970703125,1727.3599853515625
20230323,12729.23046875,3948.719970703125,1720.2900390625
20230324,12767.0498046875,3970.989990234375,1734.9200439453125
20230327,12673.0703125,3977.530029296875,1753.6700439453125
20230328,12610.5703125,3971.27001953125,1752.6300048828125
20230329,12846.0302734375,4027.81005859375,1771.5999755859375
20230330,12963.1396484375,4050.830078125,1768.3800048828125
20230331,13181.349609375,4109.31005859375,1802.47998046875
20230403,13148.349609375,4124.509765625,1802.31005859375
20230404,13100.080078125,4100.60009765625,1769.6500244140625
20230405,12967.2001953125,4090.3798828125,1752.1300048828125
20230406,13062.599609375,4105.02001953125,1754.4599609375
20230410,13051.23046875,4109.10986328125,1772.43994140625
20230411,12964.150390625,4108.93994140625,1786.5899658203125
20230412,12848.349609375,4091.949951171875,1773.699951171875
20230413,13109.3896484375,4146.22021484375,1796.6800537109375
20230414,13079.51953125,4137.64013671875,1781.1500244140625
20230417,13087.7099609375,4151.31982421875,1802.8399658203125
20230418,13091.7900390625,4154.8701171875,1795.550048828125
20230419,13088.7099609375,4154.52001953125,1799.43994140625
20230420,12985.98046875,4129.7900390625,1789.699951171875
20230421,13000.76953125,4133.52001953125,1791.510009765625
20230424,12969.759765625,4137.0400390625,1788.8699951171875
20230425,12725.1103515625,4071.6298828125,1745.949951171875
20230426,12806.48046875,4055.989990234375,1730.4100341796875
20230427,13160.0302734375,4135.35009765625,1751.219970703125
20230428,13245.990234375,4169.47998046875,1768.989990234375
20230501,13231.4697265625,4167.8701171875,1769.2099609375
20230502,13113.66015625,4119.580078125,1732.1099853515625
20230503,13030.2099609375,4090.75,1739.280029296875
20230504,12982.48046875,4061.219970703125,1718.81005859375
20230505,13259.1298828125,4136.25,1759.8800048828125
20230508,13291.6396484375,4138.1201171875,1754.469970703125
20230509,13201.1103515625,4119.169921875,1749.6800537109375
20230510,13347.830078125,4137.64013671875,1759.510009765625
20230511,13389.7802734375,4130.6201171875,1744.7099609375
20230512,13340.1796875,4124.080078125,1740.8499755859375
20230515,13413.509765625,4136.27978515625,1761.550048828125
20230516,13426.009765625,4109.89990234375,1736.1800537109375
20230517,13589.259765625,4158.77001953125,1774.5
20230518,13834.6201171875,4198.0498046875,1784.8599853515625
20230519,13803.490234375,4191.97998046875,1773.719970703125
20230522,13849.740234375,4192.6298828125,1795.3800048828125
20230523,13672.5400390625,4145.580078125,1787.7099609375
20230524,13604.48046875,4115.240234375,1767.0
20230525,13938.5302734375,4151.27978515625,1754.5999755859375
20230526,14298.41015625,4205.4501953125,1773.02001953125
20230530,14354.990234375,4205.52001953125,1767.2900390625
20230531,14254.08984375,4179.830078125,1749.6500244140625
20230601,14441.509765625,4221.02001953125,1767.93994140625
20230602,14546.6396484375,4282.3701171875,1830.9100341796875
20230605,14556.5,4273.7900390625,1806.7099609375
20230606,14558.08984375,4283.85009765625,1855.4000244140625
20230607,14303.2900390625,4267.52001953125,1888.449951171875
20230608,14484.5400390625,4293.93017578125,1880.780029296875
20230609,14528.3603515625,4298.85986328125,1865.7099609375
20230612,14784.2998046875,4338.93017578125,1873.2099609375
20230613,14900.849609375,4369.009765625,1896.3299560546875
20230614,15005.6904296875,4372.58984375,1874.0999755859375
20230615,15185.48046875,4425.83984375,1889.280029296875
20230616,15083.919921875,4409.58984375,1875.469970703125
20230620,15070.150390625,4388.7099609375,1866.699951171875
20230621,14867.4501953125,4365.68994140625,1863.010009765625
20230622,15042.3203125,4381.89013671875,1848.1800537109375
20230623,14891.48046875,4348.330078125,1821.6300048828125
20230626,14689.01953125,4328.81982421875,1823.260009765625
20230627,14945.91015625,4378.41015625,1849.9300537109375
20230628,14964.5703125,4376.85986328125,1858.7099609375
20230629,14939.9501953125,4396.43994140625,1881.5899658203125
20230630,15179.2099609375,4450.3798828125,1888.72998046875
20230703,15208.6904296875,4455.58984375,1896.780029296875
20230705,15203.7802734375,4446.81982421875,1872.9100341796875
20230706,15089.4501953125,4411.58984375,1842.22998046875
20230707,15036.849609375,4398.9501953125,1864.6600341796875
20230710,15045.6396484375,4409.52978515625,1895.25
20230711,15119.0595703125,4439.259765625,1913.3599853515625
20230712,15307.23046875,4472.16015625,1933.3800048828125
20230713,15571.98046875,4510.0400390625,1950.8900146484375
20230714,15565.599609375,4505.419921875,1931.0899658203125
20230717,15713.2802734375,4522.7900390625,1951.27001953125
20230718,15841.349609375,4554.97998046875,1976.0699462890625
20230719,15826.349609375,4565.72021484375,1984.8900146484375
20230720,15466.08984375,4534.8701171875,1967.1600341796875
20230721,15425.669921875,4536.33984375,1960.260009765625
20230724,15448.01953125,4554.64013671875,1965.6800537109375
20230725,15561.419921875,4567.4599609375,1966.1099853515625
20230726,15499.259765625,4566.75,1980.3599853515625
20230727,15464.9296875,4537.41015625,1954.9000244140625
20230728,15750.9296875,4582.22998046875,1981.5400390625
20230731,15757.0,4588.9599609375,2003.1800537109375
20230801,15718.009765625,4576.72998046875,1994.1700439453125
20230802,15370.740234375,4513.39013671875,1966.8299560546875
20230803,15353.5400390625,4501.89013671875,1961.4000244140625
20230804,15274.919921875,4478.02978515625,1957.4599609375
20230807,15407.849609375,4518.43994140625,1958.93994140625
20230808,15273.0498046875,4499.3798828125,1947.4200439453125
20230809,15101.7099609375,4467.7099609375,1930.77001953125
20230810,15128.83984375,4468.830078125,1922.6199951171875
20230811,15028.0703125,4464.0498046875,1925.1099853515625
20230814,15205.58984375,4489.72021484375,1920.489990234375
20230815,15037.650390625,4437.85986328125,1895.75
20230816,14876.4697265625,4404.330078125,1871.52001953125
20230817,14715.8095703125,4370.35986328125,1850.06005859375
20230818,14694.83984375,4369.7099609375,1859.4200439453125
20230821,14936.6904296875,4399.77001953125,1856.010009765625
20230822,14908.9599609375,4387.5498046875,1850.8399658203125
20230823,15148.0595703125,4436.009765625,1870.030029296875
20230824,14816.4404296875,4376.31005859375,1846.280029296875
20230825,14941.830078125,4405.7099609375,1853.6300048828125
20230828,15052.4599609375,4433.31005859375,1869.010009765625
20230829,15376.5498046875,4497.6298828125,1895.5400390625
20230830,15462.4296875,4514.8701171875,1903.2099609375
20230831,15501.0703125,4507.66015625,1899.6800537109375
20230901,15490.8603515625,4515.77001953125,1920.8299560546875
20230905,15508.240234375,4496.830078125,1880.449951171875
20230906,15371.4404296875,4465.47998046875,1874.280029296875
20230907,15258.51953125,4451.14013671875,1855.760009765625
20230908,15280.23046875,4457.490234375,1851.5400390625
20230911,15461.8701171875,4487.4599609375,1855.1400146484375
20230912,15289.740234375,4461.89990234375,1855.3199462890625
20230913,15348.5302734375,4467.43994140625,1840.8399658203125
20230914,15473.8896484375,4505.10009765625,1866.6300048828125
20230915,15202.400390625,4450.31982421875,1847.030029296875
20230918,15225.3701171875,4453.52978515625,1834.300048828125
20230919,15191.23046875,4443.9501953125,1826.530029296875
20230920,14969.919921875,4402.2001953125,1810.0999755859375
20230921,14694.240234375,4330.0,1781.8299560546875
20230922,14701.099609375,4320.06005859375,1776.5
20230925,14768.900390625,4337.43994140625,1784.239990234375
20230926,14545.830078125,4273.52978515625,1761.6099853515625
20230927,14580.16015625,4274.509765625,1778.9000244140625
20230928,14702.76953125,4299.7001953125,1794.31005859375
20230929,14715.240234375,4288.0498046875,1785.0999755859375
20231002,14837.5703125,4288.39013671875,1756.8199462890625
20231003,14565.6201171875,4229.4501953125,1727.1500244140625
20231004,14776.25,4263.75,1729.010009765625
20231005,14723.2197265625,4258.18994140625,1731.510009765625
20231006,14973.240234375,4308.5,1745.56005859375
20231009,15047.150390625,4335.66015625,1755.989990234375
20231010,15131.51953125,4358.240234375,1775.949951171875
20231011,15241.1201171875,4376.9501953125,1773.300048828125
20231012,15184.099609375,4349.60986328125,1734.25
20231013,14995.1201171875,4327.77978515625,1719.7099609375
20231016,15172.73046875,4373.6298828125,1747.06005859375
20231017,15122.009765625,4373.2001953125,1766.050048828125
20231018,14909.259765625,4314.60009765625,1728.81005859375
20231019,14783.1298828125,4278.0,1702.699951171875
20231020,14560.8798828125,4224.16015625,1680.7900390625
20231023,14604.849609375,4217.0400390625,1665.8800048828125
20231024,14745.8603515625,4247.68017578125,1679.5
20231025,14381.6396484375,4186.77001953125,1651.4300537109375
20231026,14109.5703125,4137.22998046875,1657.0
20231027,14180.419921875,4117.3701171875,1636.93994140625
20231030,14335.509765625,4166.81982421875,1647.2900390625
20231031,14409.7802734375,4193.7998046875,1662.280029296875
20231101,14664.91015625,4237.85986328125,1669.699951171875
20231102,14919.5498046875,4317.77978515625,1714.2099609375
20231103,15099.490234375,4358.33984375,1760.699951171875
20231106,15154.9296875,4365.97998046875,1737.93994140625
20231107,15296.01953125,4378.3798828125,1733.1500244140625
20231108,15313.240234375,4382.77978515625,1714.0699462890625
20231109,15187.900390625,4347.35009765625,1687.239990234375
20231110,15529.1201171875,4415.240234375,1705.3199462890625
20231113,15482.7900390625,4411.5498046875,1705.5
20231114,15812.4697265625,4495.7001953125,1798.3199462890625
20231115,15817.1796875,4502.8798828125,1801.219970703125
20231116,15833.169921875,4508.240234375,1773.760009765625
20231117,15837.990234375,4514.02001953125,1797.77001953125
20231120,16027.0595703125,4547.3798828125,1807.0799560546875
20231121,15933.6201171875,4538.18994140625,1783.260009765625
20231122,16001.3896484375,4556.6201171875,1795.5400390625
20231124,15982.009765625,4559.33984375,1807.5
20231127,15961.98046875,4550.43017578125,1801.1500244140625
20231128,16010.4296875,4554.89013671875,1792.81005859375
20231129,15987.599609375,4550.580078125,1803.81005859375
20231130,15947.8701171875,4567.7998046875,1809.02001953125
20231201,15997.580078125,4594.6298828125,1862.6400146484375
20231204,15839.669921875,4569.77978515625,1882.02001953125
20231205,15877.7099609375,4567.18017578125,1856.0400390625
20231206,15788.0498046875,4549.33984375,1852.050048828125
20231207,16022.490234375,4585.58984375,1868.25
20231208,16084.6904296875,4604.3701171875,1880.8199462890625
20231211,16221.73046875,4622.43994140625,1883.6800537109375
20231212,16354.25,4643.7001953125,1881.27001953125
20231213,16562.369140625,4707.08984375,1947.510009765625
20231214,16537.830078125,4719.5498046875,2000.510009765625
20231215,16623.44921875,4719.18994140625,1985.1300048828125
20231218,16729.80078125,4740.56005859375,1982.4200439453125
20231219,16811.849609375,4768.3701171875,2020.949951171875
20231220,16554.16015625,4698.35009765625,1982.8399658203125
20231221,16757.41015625,4746.75,2017.06005859375
20231222,16777.400390625,4754.6298828125,2033.9599609375
20231226,16878.4609375,4774.75,2059.18994140625
20231227,16906.80078125,4781.580078125,2066.2099609375
20231228,16898.470703125,4783.35009765625,2058.340087890625
20231229,16825.9296875,4769.830078125,2027.0699462890625
20240102,16543.939453125,4742.830078125,2012.800048828125
20240103,16368.490234375,4704.81005859375,1959.199951171875
20240104,16282.009765625,4688.68017578125,1957.72998046875
20240105,16305.98046875,4697.240234375,1951.1400146484375
20240108,16649.869140625,4763.5400390625,1989.010009765625
20240109,16678.69921875,4756.5,1968.0400390625
20240110,16793.05078125,4783.4501953125,1970.260009765625
20240111,16820.900390625,4780.240234375,1955.4599609375
20240112,16832.919921875,4783.830078125,1950.9599609375
20240116,16830.7109375,4765.97998046875,1927.300048828125
20240117,16736.279296875,4739.2099609375,1913.1700439453125
20240118,16982.2890625,4780.93994140625,1923.6500244140625
20240119,17314.0,4839.81005859375,1944.3900146484375
20240122,17330.380859375,4850.43017578125,1983.3800048828125
20240123,17404.2109375,4864.60009765625,1976.27001953125
20240124,17499.30078125,4868.5498046875,1961.8599853515625
20240125,17516.990234375,4894.16015625,1975.8800048828125
20240126,17421.009765625,4890.97021484375,1978.3299560546875
20240129,17596.26953125,4927.93017578125,2011.4200439453125
20240130,17476.7109375,4924.97021484375,1996.239990234375
20240131,17137.240234375,4845.64990234375,1947.3399658203125
20240201,17344.7109375,4906.18994140625,1974.4200439453125
20240202,17642.73046875,4958.60986328125,1962.72998046875
20240205,17613.0390625,4942.81005859375,1937.239990234375
20240206,17572.73046875,4954.22998046875,1953.6300048828125
20240207,17755.0703125,4995.06005859375,1950.3599853515625
20240208,17783.169921875,4997.91015625,1979.699951171875
20240209,17962.41015625,5026.60986328125,2009.989990234375
20240212,17882.66015625,5021.83984375,2045.260009765625
20240213,17600.419921875,4953.169921875,1964.1700439453125
20240214,17807.630859375,5000.6201171875,2012.0999755859375
20240215,17845.720703125,5029.72998046875,2061.47998046875
20240216,17685.98046875,5005.56982421875,2045.1400146484375
20240220,17546.099609375,4975.509765625,2004.1400146484375
20240221,17478.91015625,4981.7998046875,1994.739990234375
20240222,18004.69921875,5087.02978515625,2013.8399658203125
20240223,17937.609375,5088.7998046875,2016.68994140625
20240226,17933.330078125,5069.52978515625,2028.969970703125
20240227,17971.05078125,5078.18017578125,2056.110107421875
20240228,17874.5,5069.759765625,2040.31005859375
20240229,18043.849609375,5096.27001953125,2054.840087890625
20240301,18302.91015625,5137.080078125,2076.389892578125
20240304,18226.48046875,5130.9501953125,2074.31005859375
20240305,17897.869140625,5078.64990234375,2053.7099609375
20240306,18017.5703125,5104.759765625,2068.090087890625
20240307,18297.990234375,5157.35986328125,2084.739990234375
20240308,18018.44921875,5123.68994140625,2082.7099609375
20240311,17951.689453125,5117.93994140625,2065.8798828125
20240312,18219.109375,5175.27001953125,2065.47998046875
20240313,18068.470703125,5165.31005859375,2071.7099609375
20240314,18014.810546875,5150.47998046875,2031.1800537109375
20240315,17808.25,5117.08984375,2039.3199462890625
20240318,17985.009765625,5149.419921875,2024.739990234375
20240319,18032.19921875,5178.509765625,2035.7099609375
20240320,18240.109375,5224.6201171875,2074.8798828125
20240321,18320.380859375,5241.52978515625,2098.56005859375
20240322,18339.439453125,5234.18017578125,2072.0
20240325,18277.060546875,5218.18994140625,2074.159912109375
20240326,18210.5390625,5203.580078125,2070.159912109375
20240327,18280.83984375,5248.490234375,2114.35009765625
20240328,18254.689453125,5254.35009765625,2124.550048828125
20240401,18293.19921875,5243.77001953125,2102.840087890625
20240402,18121.779296875,5205.81005859375,2065.0400390625
20240403,18160.189453125,5211.490234375,2076.199951171875
20240404,17878.779296875,5147.2099609375,2053.830078125
20240405,18108.4609375,5204.33984375,2063.469970703125
20240408,18100.189453125,5202.39013671875,2073.7099609375
20240409,18169.900390625,5209.91015625,2080.800048828125
20240410,18011.66015625,5160.64013671875,2028.3900146484375
20240411,18307.98046875,5199.06005859375,2042.5999755859375
20240412,18003.490234375,5123.41015625,2003.1700439453125
20240415,17706.830078125,5061.81982421875,1975.7099609375
20240416,17713.66015625,5051.41015625,1967.47998046875
20240417,17493.619140625,5022.2099609375,1947.949951171875
20240418,17394.310546875,5011.1201171875,1942.9599609375
20240419,17037.650390625,4967.22998046875,1947.6600341796875
20240422,17210.890625,5010.60009765625,1967.469970703125
20240423,17471.470703125,5070.5498046875,2002.6400146484375
20240424,17526.80078125,5071.6298828125,1995.4300537109375
20240425,17430.5,5048.419921875,1981.1199951171875
20240426,17718.30078125,5099.9599609375,2002.0
20240429,17782.720703125,5116.169921875,2016.030029296875
20240430,17440.689453125,5035.68994140625,1973.9100341796875
20240501,17318.55078125,5018.39013671875,1980.22998046875
20240502,17541.5390625,5064.2001953125,2016.1099853515625
20240503,17890.80078125,5127.7900390625,2035.719970703125
20240506,18093.5703125,5180.740234375,2060.669921875
20240507,18091.44921875,5187.7001953125,2064.64990234375
20240508,18085.009765625,5187.669921875,2055.139892578125
20240509,18113.4609375,5214.080078125,2073.6298828125
20240510,18161.1796875,5222.68017578125,2059.780029296875
20240513,18198.609375,5221.419921875,2062.1201171875
20240514,18322.76953125,5246.68017578125,2085.68994140625
20240515,18596.650390625,5308.14990234375,2109.4599609375
20240516,18557.9609375,5297.10009765625,2096.25
20240517,18546.23046875,5303.27001953125,2095.719970703125
20240520,18674.189453125,5308.1298828125,2102.5
20240521,18713.80078125,5321.41015625,2098.360107421875
20240522,18705.19921875,5307.009765625,2081.7099609375
20240523,18623.390625,5267.83984375,2048.409912109375
20240524,18808.349609375,5304.72021484375,2069.669921875
20240528,18869.439453125,5306.0400390625,2066.85009765625
20240529,18736.75,5266.9501953125,2036.18994140625
20240530,18538.66015625,5235.47998046875,2056.60009765625
20240531,18536.650390625,5277.509765625,2070.1298828125
20240603,18600.970703125,5283.39990234375,2059.679931640625
20240604,18654.83984375,5291.33984375,2033.93994140625
20240605,19035.05078125,5354.02978515625,2063.8701171875
20240606,19021.189453125,5352.9599609375,2049.43994140625
20240607,19000.94921875,5346.990234375,2026.550048828125
20240610,19074.669921875,5360.7900390625,2031.6099853515625
20240611,19210.1796875,5375.31982421875,2024.3499755859375
20240612,19465.1796875,5421.02978515625,2057.10009765625
20240613,19576.919921875,5433.740234375,2038.9100341796875
20240614,19659.80078125,5431.60009765625,2006.1600341796875
20240617,19902.75,5473.22998046875,2022.010009765625
20240618,19908.859375,5487.02978515625,2025.22998046875
20240620,19752.30078125,5473.169921875,2017.3900146484375
20240621,19700.4296875,5464.6201171875,2022.030029296875
20240624,19474.619140625,5447.8701171875,2030.81005859375
20240625,19701.130859375,5469.2998046875,2022.3499755859375
20240626,19751.05078125,5477.89990234375,2018.1199951171875
20240627,19789.029296875,5482.8701171875,2038.3399658203125
20240628,19682.869140625,5460.47998046875,2047.68994140625
20240701,19812.220703125,5475.08984375,2030.0699462890625
20240702,20011.890625,5509.009765625,2033.8699951171875
20240703,20186.630859375,5537.02001953125,2036.6199951171875
20240705,20391.970703125,5567.18994140625,2026.72998046875
20240708,20439.5390625,5572.85009765625,2038.6700439453125
20240709,20453.01953125,5576.97998046875,2029.469970703125
20240710,20675.380859375,5633.91015625,2051.75
20240711,20211.359375,5584.5400390625,2125.0400390625
20240712,20331.490234375,5615.35009765625,2148.27001953125
20240715,20386.880859375,5631.22021484375,2187.02001953125
20240716,20398.619140625,5667.2001953125,2263.669921875
20240717,19799.140625,5588.27001953125,2239.669921875
20240718,19705.08984375,5544.58984375,2198.2900390625
20240719,19522.619140625,5505.0,2184.35009765625
20240722,19822.869140625,5564.41015625,2220.64990234375
20240723,19754.33984375,5555.740234375,2243.27001953125
20240724,19032.390625,5427.1298828125,2195.3701171875
20240725,18830.580078125,5399.22021484375,2222.97998046875
20240726,19023.66015625,5459.10009765625,2260.070068359375
20240729,19059.490234375,5463.5400390625,2235.330078125
20240730,18796.26953125,5436.43994140625,2243.139892578125
20240731,19362.4296875,5522.2998046875,2254.47998046875
20240801,18890.390625,5446.68017578125,2186.159912109375
20240802,18440.849609375,5346.56005859375,2109.31005859375
20240805,17895.16015625,5186.330078125,2039.1600341796875
20240806,18077.919921875,5240.02978515625,2064.300048828125
20240807,17867.369140625,5199.5,2035.1099853515625
20240808,18413.8203125,5319.31005859375,2084.419921875
20240809,18513.099609375,5344.16015625,2080.919921875
20240812,18542.029296875,5344.39013671875,2062.080078125
20240813,19006.4296875,5434.43017578125,2095.18994140625
20240814,19022.6796875,5455.2099609375,2084.320068359375
20240815,19490.150390625,5543.22021484375,2135.469970703125
20240816,19508.51953125,5554.25,2141.919921875
20240819,19766.490234375,5608.25,2167.5
20240820,19719.8203125,5597.1201171875,2142.18994140625
20240821,19824.83984375,5620.85009765625,2170.56005859375
20240822,19491.83984375,5570.64013671875,2150.030029296875
20240823,19720.869140625,5634.60986328125,2218.699951171875
20240826,19516.439453125,5616.83984375,2217.919921875
20240827,19581.51953125,5625.7998046875,2203.0
20240828,19350.779296875,5592.18017578125,2188.639892578125
20240829,19325.44921875,5591.9599609375,2202.97998046875
20240830,19574.640625,5648.39990234375,2217.6298828125
20240903,18958.740234375,5528.93017578125,2149.2099609375
20240904,18921.400390625,5520.06982421875,2145.219970703125
20240905,18930.330078125,5503.41015625,2132.050048828125
20240906,18421.310546875,5408.419921875,2091.409912109375
20240909,18660.779296875,5471.0498046875,2097.780029296875
20240910,18829.140625,5495.52001953125,2097.43994140625
20240911,19237.30078125,5554.1298828125,2103.85009765625
20240912,19423.0703125,5595.759765625,2129.429931640625
20240913,19514.58984375,5626.02001953125,2182.489990234375
20240916,19423.060546875,5633.08984375,2189.169921875
20240917,19432.400390625,5634.580078125,2205.47998046875
20240918,19344.490234375,5618.259765625,2206.340087890625
20240919,19839.830078125,5713.64013671875,2252.7099609375
20240920,19791.490234375,5702.5498046875,2227.889892578125
20240923,19852.19921875,5718.56982421875,2220.280029296875
20240924,19944.83984375,5732.93017578125,2223.989990234375
20240925,19972.609375,5722.259765625,2197.449951171875
20240926,20115.5390625,5745.3701171875,2209.8701171875
20240927,20008.619140625,5738.169921875,2224.699951171875
20240930,20060.689453125,5762.47998046875,2229.969970703125
20241001,19773.30078125,5708.75,2197.030029296875
20241002,19802.58984375,5709.5400390625,2195.010009765625
20241003,19793.33984375,5699.93994140625,2180.14990234375
20241004,20035.01953125,5751.06982421875,2212.800048828125
20241007,19800.740234375,5695.93994140625,2193.090087890625
20241008,20107.779296875,5751.1298828125,2194.97998046875
20241009,20268.859375,5792.0400390625,2200.590087890625
20241010,20241.759765625,5780.0498046875,2188.419921875
20241011,20271.970703125,5815.02978515625,2234.409912109375
20241014,20439.05078125,5859.85009765625,2248.639892578125
20241015,20159.830078125,5815.259765625,2249.820068359375
20241016,20174.05078125,5842.47021484375,2286.679931640625
20241017,20190.419921875,5841.47021484375,2280.85009765625
20241018,20324.0390625,5864.669921875,2276.090087890625
20241021,20361.470703125,5853.97998046875,2239.7099609375
20241022,20390.4609375,5851.2001953125,2231.530029296875
20241023,20066.9609375,5797.419921875,2213.840087890625
20241024,20232.869140625,5809.85986328125,2218.919921875
20241025,20352.01953125,5808.1201171875,2207.989990234375
20241028,20351.0703125,5823.52001953125,2244.070068359375
20241029,20550.650390625,5832.919921875,2238.090087890625
20241030,20387.69921875,5813.669921875,2233.0400390625
20241031,19890.419921875,5705.4501953125,2196.64990234375
20241101,20033.140625,5728.7998046875,2210.1298828125
20241104,19963.599609375,5712.68994140625,2219.030029296875
20241105,20227.4609375,5782.759765625,2260.840087890625
20241106,20781.330078125,5929.0400390625,2392.919921875
20241107,21101.5703125,5973.10009765625,2382.68994140625
20241108,21117.1796875,5995.5400390625,2399.639892578125
20241111,21106.58984375,6001.35009765625,2434.97998046875
20241112,21070.7890625,5983.990234375,2391.85009765625
20241113,21036.16015625,5985.3798828125,2369.3701171875
20241114,20896.669921875,5949.169921875,2336.93994140625
20241115,20394.130859375,5870.6201171875,2303.840087890625
20241118,20539.189453125,5893.6201171875,2306.340087890625
20241119,20684.58984375,5916.97998046875,2324.830078125
20241120,20667.099609375,5917.10986328125,2325.530029296875
20241121,20740.779296875,5948.7099609375,2364.02001953125
20241122,20776.23046875,5969.33984375,2406.669921875
20241125,20804.890625,5987.3701171875,2442.030029296875
20241126,20922.900390625,6021.6298828125,2424.31005859375
20241127,20744.490234375,5998.740234375,2426.18994140625
20241129,20930.369140625,6032.3798828125,2434.72998046875
20241202,21164.599609375,6047.14990234375,2434.139892578125
20241203,21229.3203125,6049.8798828125,2416.35009765625
20241204,21492.359375,6086.490234375,2426.56005859375
20241205,21425.220703125,6075.10986328125,2396.169921875
20241206,21622.25,6090.27001953125,2408.989990234375
20241209,21440.8203125,6052.85009765625,2392.840087890625
20241210,21368.1796875,6034.91015625,2382.77001953125
20241211,21763.98046875,6084.18994140625,2394.159912109375
20241212,21615.26953125,6051.25,2361.080078125
20241213,21780.25,6051.08984375,2346.89990234375
20241216,22096.66015625,6074.080078125,2361.989990234375
20241217,22001.080078125,6050.60986328125,2334.080078125
20241218,21209.3203125,5872.16015625,2231.510009765625
20241219,21110.509765625,5867.080078125,2221.5
20241220,21289.150390625,5930.85009765625,2242.3701171875
20241223,21503.169921875,5974.06982421875,2237.43994140625
20241224,21797.650390625,6040.0400390625,2259.85009765625
20241226,21768.310546875,6037.58984375,2280.18994140625
20241227,21473.01953125,5970.83984375,2244.590087890625
20241230,21197.08984375,5906.93994140625,2227.780029296875
20241231,21012.169921875,5881.6298828125,2230.159912109375
20250102,20975.619140625,5868.5498046875,2231.669921875
20250103,21326.16015625,5942.47021484375,2268.469970703125
20250106,21559.5,5975.3798828125,2266.64990234375
20250107,21173.0390625,5909.02978515625,2249.800048828125
20250108,21180.970703125,5918.25,2238.9599609375
20250110,20847.580078125,5827.0400390625,2189.22998046875
20250113,20784.720703125,5836.22021484375,2194.39990234375
20250114,20757.41015625,5842.91015625,2219.239990234375
20250115,21237.849609375,5949.91015625,2263.2900390625
20250116,21091.25,5937.33984375,2266.7900390625
20250117,21441.16015625,5996.66015625,2275.8798828125
20250121,21566.509765625,6049.240234375,2317.969970703125
20250122,21853.0,6086.3701171875,2303.719970703125
20250123,21900.9296875,6118.7099609375,2314.60009765625
20250124,21774.009765625,6101.240234375,2307.739990234375
20250127,21127.279296875,6012.27978515625,2284.02001953125
20250128,21463.0390625,6067.7001953125,2288.860107421875
20250129,21411.4609375,6039.31005859375,2283.10009765625
20250130,21508.119140625,6071.169921875,2307.449951171875
20250131,21478.05078125,6040.52978515625,2287.68994140625
20250203,21297.580078125,5994.56982421875,2258.419921875
20250204,21566.919921875,6037.8798828125,2290.2099609375
20250205,21658.16015625,6061.47998046875,2316.22998046875
20250206,21774.0703125,6083.56982421875,2307.1201171875
20250207,21491.310546875,6025.990234375,2279.7099609375
20250210,21756.73046875,6066.43994140625,2287.93994140625
20250211,21693.51953125,6068.5,2275.699951171875
20250212,21719.259765625,6051.97021484375,2255.889892578125
20250213,22030.7109375,6115.06982421875,2282.179931640625
20250214,22114.689453125,6114.6298828125,2279.97998046875
20250218,22164.609375,6129.580078125,2290.35009765625
20250219,22175.599609375,6144.14990234375,2282.4599609375
20250220,22068.060546875,6117.52001953125,2261.739990234375
20250221,21614.080078125,6013.1298828125,2195.35009765625
20250224,21352.080078125,5983.25,2178.27001953125
20250225,21087.25,5955.25,2170.080078125
20250226,21132.919921875,5956.06005859375,2174.169921875
20250227,20550.94921875,5861.56982421875,2139.659912109375
20250228,20884.41015625,5954.5,2163.070068359375
20250303,20425.580078125,5849.72021484375,2102.239990234375
20250304,20352.529296875,5778.14990234375,2079.530029296875
20250305,20628.4609375,5842.6298828125,2100.75
20250306,20052.630859375,5738.52001953125,2066.550048828125
20250307,20201.369140625,5770.2001953125,2075.47998046875
20250310,19430.94921875,5614.56005859375,2019.0699462890625
20250311,19376.9609375,5572.06982421875,2023.5899658203125
20250312,19596.01953125,5599.2998046875,2026.469970703125
20250313,19225.48046875,5521.52001953125,1993.68994140625
20250314,19704.640625,5638.93994140625,2044.0999755859375
20250317,19812.240234375,5675.1201171875,2068.330078125
20250318,19483.359375,5614.66015625,2049.93994140625
20250319,19736.66015625,5675.2900390625,2082.080078125
20250320,19677.609375,5662.89013671875,2068.6298828125
20250321,19753.970703125,5667.56005859375,2056.97998046875
20250324,20180.44921875,5767.56982421875,2109.3798828125
20250325,20287.830078125,5776.64990234375,2095.3798828125
20250326,19916.990234375,5712.2001953125,2073.830078125
20250327,19798.619140625,5693.31005859375,2065.699951171875
20250328,19281.400390625,5580.93994140625,2023.27001953125
20250331,19278.44921875,5611.85009765625,2011.9100341796875
20250401,19436.419921875,5633.06982421875,2012.239990234375
20250402,19581.779296875,5670.97021484375,2045.3599853515625
20250403,18521.470703125,5396.52001953125,1910.550048828125
20250404,17397.69921875,5074.080078125,1827.030029296875
20250407,17430.6796875,5062.25,1810.1400146484375
20250408,17090.400390625,4982.77001953125,1760.7099609375
20250409,19145.060546875,5456.89990234375,1913.1600341796875
20250410,18343.5703125,5268.0498046875,1831.3900146484375
20250411,18690.05078125,5363.35986328125,1860.199951171875
20250414,18796.01953125,5405.97021484375,1880.8800048828125
20250415,18830.23046875,5396.6298828125,1882.9200439453125
20250416,18257.640625,5275.7001953125,1863.47998046875
20250417,18258.08984375,5282.7001953125,1880.6199951171875
20250421,17808.30078125,5158.2001953125,1840.3199462890625
20250422,18276.41015625,5287.759765625,1890.280029296875
20250423,18693.259765625,5375.85986328125,1919.1400146484375
20250424,19214.400390625,5484.77001953125,1957.5899658203125
20250425,19432.560546875,5525.2099609375,1957.6199951171875
20250428,19427.2890625,5528.75,1965.550048828125
20250429,19544.94921875,5560.830078125,1976.52001953125
20250430,19571.01953125,5569.06005859375,1964.1199951171875
20250501,19786.7109375,5604.14013671875,1975.8599853515625
20250502,20102.609375,5686.669921875,2020.739990234375
20250505,19967.939453125,5650.3798828125,2004.260009765625
20250506,19791.349609375,5606.91015625,1983.18994140625
20250507,19867.970703125,5631.27978515625,1989.6600341796875
20250508,20063.560546875,5663.93994140625,2026.4100341796875
20250509,20061.44921875,5659.91015625,2023.0699462890625
20250512,20868.150390625,5844.18994140625,2092.199951171875
20250513,21197.69921875,5886.5498046875,2102.35009765625
20250514,21319.2109375,5892.580078125,2083.800048828125
20250515,21335.8203125,5916.93017578125,2094.68994140625
20250516,21427.939453125,5958.3798828125,2113.25
20250519,21447.05078125,5963.60009765625,2104.429931640625
20250520,21367.369140625,5940.4599609375,2105.580078125
20250521,21080.359375,5844.60986328125,2046.56005859375
20250522,21112.470703125,5842.009765625,2045.56005859375
20250523,20915.66015625,5802.81982421875,2039.8499755859375
20250527,21414.990234375,5921.5400390625,2090.39990234375
20250528,21318.169921875,5888.5498046875,2067.800048828125
20250529,21363.94921875,5912.169921875,2074.780029296875
20250530,21340.990234375,5911.68994140625,2066.2900390625
20250602,21491.75,5935.93994140625,2070.159912109375
20250603,21662.580078125,5970.3701171875,2102.97998046875
20250604,21721.919921875,5970.81005859375,2098.47998046875
20250605,21547.4296875,5939.2998046875,2097.35009765625
20250606,21761.7890625,6000.35986328125,2132.25
20250609,21797.869140625,6005.8798828125,2144.449951171875
20250610,21941.919921875,6038.81005859375,2156.409912109375
20250611,21860.80078125,6022.240234375,2148.22998046875
20250612,21913.3203125,6045.259765625,2140.090087890625
20250613,21631.0390625,5976.97021484375,2100.510009765625
20250616,21937.5703125,6033.10986328125,2124.1298828125
20250617,21719.080078125,5982.72021484375,2101.9599609375
20250618,21719.689453125,5980.8701171875,2112.9599609375
20250620,21626.390625,5967.83984375,2109.27001953125
20250623,21856.330078125,6025.169921875,2132.679931640625
20250624,22190.51953125,6092.18017578125,2161.2099609375
20250625,22237.740234375,6092.16015625,2136.179931640625
20250626,22447.2890625,6141.02001953125,2172.110107421875
20250627,22534.19921875,6173.06982421875,2172.530029296875
20250630,22679.009765625,6204.9501953125,2175.0400390625
20250701,22478.130859375,6198.009765625,2197.5400390625
20250702,22641.890625,6227.419921875,2226.3798828125
20250703,22866.970703125,6279.35009765625,2249.0400390625
20250707,22685.5703125,6229.97998046875,2214.22998046875
20250708,22702.25,6225.52001953125,2228.739990234375
20250709,22864.91015625,6263.259765625,2252.489990234375
20250710,22829.259765625,6280.4599609375,2263.409912109375
20250711,22780.599609375,6259.75,2234.830078125
20250714,22855.630859375,6268.56005859375,2249.72998046875
20250715,22884.58984375,6243.759765625,2205.050048828125
20250716,22907.970703125,6263.7001953125,2226.989990234375
20250717,23081.05078125,6297.35986328125,2253.679931640625
20250718,23065.470703125,6296.7900390625,2240.010009765625
20250721,23180.060546875,6305.60009765625,2231.1298828125
20250722,23063.580078125,6309.6201171875,2248.760009765625
20250723,23162.41015625,6358.91015625,2283.1298828125
20250724,23219.869140625,6363.35009765625,2252.1298828125
20250725,23272.25,6388.64013671875,2261.070068359375
20250728,23356.26953125,6389.77001953125,2256.72998046875
20250729,23308.30078125,6370.85986328125,2242.9599609375
20250730,23345.41015625,6362.89990234375,2232.39990234375
20250731,23218.119140625,6339.39013671875,2211.64990234375
20250801,22763.310546875,6238.009765625,2166.780029296875
20250804,23188.609375,6329.93994140625,2212.300048828125
20250805,23018.560546875,6299.18994140625,2225.669921875
20250806,23315.0390625,6345.06005859375,2221.2900390625
20250807,23389.529296875,6340.0,2214.719970703125
20250808,23611.26953125,6389.4501953125,2218.419921875
20250811,23526.630859375,6373.4501953125,2216.510009765625
20250812,23839.19921875,6445.759765625,2282.780029296875
20250813,23849.0390625,6466.580078125,2328.06005859375
20250814,23832.439453125,6468.5400390625,2299.080078125
20250815,23712.0703125,6449.7998046875,2286.52001953125
20250818,23713.759765625,6449.14990234375,2294.469970703125
20250819,23384.76953125,6411.3701171875,2276.610107421875
20250820,23249.5703125,6395.77978515625,2269.35009765625
20250821,23142.580078125,6370.169921875,2274.10009765625
20250822,23498.119140625,6466.91015625,2361.949951171875
20250825,23425.609375,6439.31982421875,2339.169921875
20250826,23525.2890625,6465.93994140625,2358.60009765625
20250827,23565.849609375,6481.39990234375,2373.800048828125
20250828,23703.44921875,6501.85986328125,2378.409912109375
20250829,23415.419921875,6460.259765625,2366.419921875
20250902,23231.109375,6415.5400390625,2352.2099609375
20250903,23414.83984375,6448.259765625,2349.969970703125
20250904,23633.009765625,6502.080078125,2379.610107421875
20250905,23652.439453125,6481.5,2391.050048828125
20250908,23762.30078125,6495.14990234375,2394.889892578125
20250909,23839.80078125,6512.60986328125,2381.820068359375
20250910,23849.26953125,6532.0400390625,2378.010009765625
20250911,23992.560546875,6587.47021484375,2421.530029296875
20250912,24092.189453125,6584.2900390625,2397.06005859375
20250915,24293.779296875,6615.27978515625,2405.1298828125
20250916,24274.25,6606.759765625,2403.030029296875
20250917,24223.689453125,6600.35009765625,2407.340087890625
20250918,24454.890625,6631.9599609375,2467.699951171875
20250919,24626.25,6664.35986328125,2448.77001953125
20250922,24761.0703125,6693.75,2463.340087890625
20250923,24580.169921875,6656.919921875,2457.510009765625
20250924,24503.5703125,6637.97021484375,2434.97998046875
20250925,24397.310546875,6604.72021484375,2411.0400390625
20250926,24503.849609375,6643.7001953125,2434.320068359375
20250929,24611.349609375,6661.2099609375,2435.25
20250930,24679.990234375,6688.4599609375,2436.47998046875
20251001,24800.859375,6711.2001953125,2442.35009765625
20251002,24892.759765625,6715.35009765625,2458.489990234375
20251003,24785.51953125,6715.7900390625,2476.179931640625
20251006,24978.560546875,6740.27978515625,2486.35009765625
20251007,24840.23046875,6714.58984375,2458.419921875
20251008,25136.619140625,6753.72021484375,2483.989990234375
20251009,25098.1796875,6735.10986328125,2468.85009765625
20251010,24221.740234375,6552.509765625,2394.590087890625
20251013,24750.25,6654.72021484375,2461.419921875
20251014,24579.3203125,6644.31005859375,2495.5
20251015,24745.359375,6671.06005859375,2519.75
20251016,24657.240234375,6629.06982421875,2467.02001953125
20251017,24817.94921875,6664.009765625,2452.169921875
20251020,25141.01953125,6735.1298828125,2499.909912109375
20251021,25127.130859375,6735.35009765625,2487.68994140625
20251022,24879.009765625,6699.39990234375,2451.550048828125
20251023,25097.41015625,6738.43994140625,2482.659912109375
20251024,25358.16015625,6791.68994140625,2513.469970703125
20251027,25821.55078125,6875.16015625,2520.43994140625
20251028,26012.150390625,6890.89013671875,2506.64990234375
20251029,26119.849609375,6890.58984375,2484.81005859375
20251030,25734.810546875,6822.33984375,2465.949951171875
20251031,25858.130859375,6840.2001953125,2479.3798828125
20251103,25972.939453125,6851.97021484375,2471.239990234375
20251104,25435.69921875,6771.5498046875,2427.340087890625
20251105,25620.029296875,6796.2900390625,2464.780029296875
20251106,25130.0390625,6720.31982421875,2418.820068359375
20251107,25059.810546875,6728.7998046875,2432.820068359375
20251110,25611.740234375,6832.43017578125,2455.64990234375
20251111,25533.490234375,6846.60986328125,2458.280029296875
20251112,25517.330078125,6850.919921875,2450.800048828125
20251113,24993.4609375,6737.490234375,2382.97998046875
20251114,25008.240234375,6734.10986328125,2388.22998046875
20251117,24799.919921875,6672.41015625,2341.3798828125
20251118,24503.099609375,6617.31982421875,2348.739990234375
20251119,24640.51953125,6642.16015625,2347.889892578125
20251120,24054.380859375,6538.759765625,2305.110107421875
20251121,24239.5703125,6602.990234375,2369.590087890625
20251124,24873.849609375,6705.1201171875,2414.280029296875
20251125,25018.359375,6765.8798828125,2465.97998046875
20251126,25236.939453125,6812.60986328125,2486.1201171875
20251128,25434.890625,6849.08984375,2500.429931640625
20251201,25342.849609375,6812.6298828125,2469.1298828125
20251202,25555.859375,6829.3701171875,2464.97998046875
20251203,25606.5390625,6849.72021484375,2512.139892578125
20251204,25581.69921875,6857.1201171875,2531.159912109375
20251205,25692.05078125,6870.39990234375,2521.47998046875
20251208,25627.94921875,6846.509765625,2520.97998046875
20251209,25668.689453125,6840.509765625,2526.239990234375
20251210,25776.439453125,6886.68017578125,2559.610107421875
20251211,25686.689453125,6901.0,2590.610107421875
20251212,25196.73046875,6827.41015625,2551.4599609375
20251215,25067.26953125,6816.509765625,2530.669921875
20251216,25132.939453125,6800.259765625,2519.300048828125
20251217,24647.609375,6721.43017578125,2492.300048828125
20251218,25019.369140625,6774.759765625,2507.8701171875
20251219,25346.1796875,6834.5,2529.429931640625
20251222,25461.69921875,6878.490234375,2558.780029296875
20251223,25587.830078125,6909.7900390625,2541.1201171875
20251224,25656.150390625,6932.0498046875,2548.080078125
20251226,25644.390625,6929.93994140625,2534.35009765625
20251229,25525.560546875,6905.740234375,2519.800048828125
20251230,25462.560546875,6896.240234375,2500.590087890625
20251231,25249.849609375,6845.5,2481.909912109375
20260102,25206.169921875,6858.47021484375,2508.219970703125
20260105,25401.3203125,6902.0498046875,2547.919921875
20260106,25639.7109375,6944.81982421875,2582.89990234375
20260107,25653.900390625,6920.93017578125,2575.419921875
20260108,25507.099609375,6921.4599609375,2603.909912109375
20260109,25766.259765625,6966.27978515625,2624.219970703125
20260112,25787.66015625,6977.27001953125,2635.68994140625
20260113,25741.94921875,6963.740234375,2633.110107421875
20260114,25465.939453125,6926.60009765625,2651.639892578125
20260115,25547.0703125,6944.47021484375,2674.56005859375
20260116,25529.259765625,6940.009765625,2677.739990234375
20260120,24987.5703125,6796.85986328125,2645.360107421875
20260121,25326.580078125,6875.6201171875,2698.169921875
20260122,25518.349609375,6913.35009765625,2718.77001953125
20260123,25605.470703125,6915.60986328125,2669.159912109375
20260126,25713.2109375,6950.22998046875,2659.669921875
20260127,25939.740234375,6978.60009765625,2666.699951171875
20260128,26022.7890625,6978.02978515625,2653.550048828125
20260129,25884.30078125,6969.009765625,2654.780029296875
20260130,25552.390625,6939.02978515625,2613.739990234375
20260202,25738.609375,6976.43994140625,2640.280029296875
20260203,25338.619140625,6917.81005859375,2648.5
20260204,24891.240234375,6882.72021484375,2624.550048828125
20260205,24548.689453125,6798.39990234375,2577.64990234375
20260206,25075.76953125,6932.2998046875,2670.340087890625
20260209,25268.140625,6964.81982421875,2689.050048828125
20260210,25127.640625,6941.81005859375,2679.77001953125
20260211,25201.259765625,6941.47021484375,2669.469970703125
20260212,24687.609375,6832.759765625,2615.830078125
20260213,24732.73046875,6836.169921875,2646.699951171875
20260217,24701.599609375,6843.22021484375,2646.590087890625
20260218,24898.869140625,6881.31005859375,2658.610107421875
20260219,24797.33984375,6861.89013671875,2665.090087890625
20260220,25012.619140625,6909.509765625,2663.780029296875
20260223,24708.939453125,6837.75,2620.989990234375
20260224,24977.0390625,6890.06982421875,2652.330078125
20260225,25329.0390625,6946.1298828125,2663.330078125
20260226,25034.369140625,6908.85986328125,2677.2900390625
20260227,24960.0390625,6878.8798828125,2632.360107421875
20260302,24992.599609375,6881.6201171875,2655.93994140625
20260303,24720.080078125,6816.6298828125,2608.360107421875
20260304,25093.6796875,6869.5,2636.010009765625
20260305,25020.41015625,6830.7099609375,2585.570068359375
20260306,24643.01953125,6740.02001953125,2525.300048828125
20260309,24967.25,6795.990234375,2553.669921875
20260310,24956.470703125,6781.47998046875,2548.080078125
20260311,24965.009765625,6775.7998046875,2542.89990234375
20260312,24533.580078125,6672.6201171875,2488.989990234375
20260313,24380.73046875,6632.18994140625,2480.050048828125
20260316,24655.33984375,6699.3798828125,2503.2900390625
20260317,24780.419921875,6716.08984375,2519.989990234375
20260318,24425.08984375,6624.7001953125,2478.639892578125
20260319,24355.279296875,6606.490234375,2494.7099609375
20260320,23898.150390625,6506.47998046875,2438.449951171875
20260323,24188.58984375,6581.0,2494.22998046875
20260324,24002.44921875,6556.3701171875,2505.43994140625
20260325,24162.98046875,6591.89990234375,2536.3798828125
20260326,23586.990234375,6477.16015625,2493.320068359375
20260327,23132.76953125,6368.85009765625,2449.699951171875
20260330,22953.380859375,6343.72021484375,2414.010009765625
20260331,23740.189453125,6528.52001953125,2496.3701171875
20260401,24019.990234375,6575.31982421875,2512.3701171875
20260402,24045.529296875,6582.68994140625,2530.0400390625
20260406,24192.169921875,6611.830078125,2540.639892578125
20260407,24202.369140625,6616.85009765625,2544.949951171875
20260408,24903.169921875,6782.81005859375,2620.4599609375
20260409,25082.08984375,6824.66015625,2636.31005859375
20260410,25116.33984375,6816.89013671875,2630.590087890625
20260413,25383.720703125,6886.240234375,2670.489990234375
20260414,25842.0,6967.3798828125,2705.669921875
20260415,26204.580078125,7022.9501953125,2713.659912109375
20260416,26333.0,7041.27978515625,2719.60009765625
20260417,26672.4296875,7126.06005859375,2776.89990234375
20260420,26590.33984375,7109.14013671875,2792.9599609375
20260421,26479.470703125,7064.009765625,2764.969970703125
20260422,26937.279296875,7137.89990234375,2785.3798828125
20260423,26782.630859375,7108.39990234375,2775.10009765625
20260424,27303.669921875,7165.080078125,2787.0
20260427,27305.6796875,7173.91015625,2788.18994140625
20260428,27029.009765625,7138.7998046875,2756.050048828125
20260429,27186.98046875,7135.9501953125,2739.469970703125
20260430,27452.119140625,7209.009765625,2799.909912109375
20260501,27710.359375,7230.1201171875,2812.820068359375
20260504,27651.8203125,7200.75,2796.0
20260505,28015.060546875,7259.22021484375,2845.0
20260506,28599.169921875,7365.1201171875,2886.77001953125
20260507,28563.94921875,7337.10986328125,2839.6298828125
20260508,29234.990234375,7398.93017578125,2861.2099609375
20260511,29320.66015625,7412.83984375,2870.639892578125
20260512,29064.80078125,7400.9599609375,2842.830078125
20260513,29366.939453125,7444.25,2843.929931640625
20260514,29580.30078125,7501.240234375,2863.090087890625
20260515,29125.19921875,7408.5,2793.300048828125
20260518,28994.369140625,7403.0498046875,2775.10009765625
20260519,28818.83984375,7353.60986328125,2747.070068359375
20260520,29297.69921875,7432.97021484375,2817.3701171875
20260521,29357.26953125,7445.72021484375,2843.449951171875
20260522,29481.640625,7473.47021484375,2869.22998046875
20260526,30001.3203125,7519.1201171875,2920.5400390625
20260527,29973.5703125,7520.35986328125,2919.93994140625
20260528,30223.890625,7563.6298828125,2936.570068359375
20260529,30333.1796875,7580.06005859375,2919.340087890625
20260601,30513.859375,7599.9599609375,2905.760009765625
20260602,30660.599609375,7609.77978515625,2931.9599609375
20260603,30571.240234375,7553.68017578125,2893.510009765625
20260604,30407.810546875,7584.31005859375,2935.330078125
20260605,28957.599609375,7383.740234375,2833.5
20260608,29414.259765625,7405.72998046875,2855.419921875
20260609,29084.5,7386.64990234375,2867.02001953125
20260610,28508.029296875,7266.990234375,2835.4599609375
20260611,29446.1796875,7394.2998046875,2921.030029296875
20260612,29635.94921875,7431.4599609375,2943.989990234375
20260615,30543.919921875,7554.2900390625,2965.090087890625
20260616,29968.130859375,7511.35009765625,2939.199951171875
20260617,29670.94921875,7420.10009765625,2917.97998046875
20260618,30406.189453125,7500.580078125,2979.77001953125
20260622,30347.080078125,7472.7900390625,3004.39990234375
20260623,29347.26953125,7365.4599609375,2975.47998046875
20260624,29220.060546875,7358.22021484375,2986.6298828125
20260625,29440.3203125,7357.490234375,3007.860107421875
20260626,29118.240234375,7354.02001953125,3010.080078125
20260629,29774.75,7440.43017578125,3010.419921875
20260630,30276.349609375,7499.35986328125,3024.3701171875
20260701,29809.130859375,7483.22998046875,3012.590087890625
20260702,29329.2109375,7483.240234375,2996.110107421875
20260706,29697.869140625,7537.43017578125,3009.5400390625
20260707,29173.01953125,7503.85009765625,2982.489990234375
20260708,29252.560546875,7482.7099609375,2956.389892578125
20260709,29727.099609375,7543.64013671875,2992.5400390625
20260710,29825.109375,7575.39013671875,2977.81005859375
20260713,29264.099609375,7515.33984375,2953.169921875
20260714,29586.2890625,7543.58984375,2964.760009765625
20260715,29502.599609375,7572.39990234375,2976.260009765625
20260716,29025.76953125,7533.77001953125,2974.570068359375
20260717,28592.66015625,7457.68994140625,2962.219970703125
20260720,28604.23046875,7443.27978515625,2942.429931640625
20260721,29155.1796875,7509.2001953125,2987.39990234375
20260722,28998.099609375,7498.9599609375,2959.93994140625
20260723,28454.810546875,7408.2998046875,2940.159912109375
20260724,28128.33984375,7411.97998046875,2930.0
20260727,28039.2109375,7413.18017578125,2948.0400390625
20260728,27763.130859375,7428.77978515625,2953.800048828125
20260729,27192.310546875,7316.14990234375,2906.31005859375
20260730,28106.349609375,7437.6298828125,2946.10009765625
20260731,28274.19921875,7489.72021484375,2931.340087890625
20260803,28776.80078125,7600.5,2981.909912109375
20260804,29733.16015625,7736.52001953125,3036.97998046875
20260805,29487.7890625,7723.5498046875,3019.18994140625
20260806,29373.330078125,7709.9599609375,3001.550048828125
20260807,29722.30078125,7757.64013671875,3034.489990234375
20260810,29621.80078125,7753.10986328125,3017.39990234375
20260811,29525.48046875,7728.2001953125,3027.1201171875
20260812,29742.599609375,7748.5,3045.47998046875
20260813,30084.5,7798.990234375,3052.85009765625
20260814,30046.140625,7785.759765625,3068.419921875
20260817,29995.380859375,7745.06005859375,3057.5400390625
20260818,29490.9609375,7691.759765625,3017.889892578125
20260819,29426.01953125,7707.97998046875,3032.93994140625
20260820,29213.16015625,7641.16015625,2992.429931640625
20260821,29308.859375,7674.3701171875,3017.8701171875
20260824,29023.1796875,7652.85986328125,2995.080078125
